subject,session,trial_id,y_true,epoch_row,y_pred,model,n_channels,seed,outer_fold,outer_folds,protocol,feature_backend
1,1,sub-01_ses-01_row-0232,3,44,0,svm,128,42,1,5,subject_specific,documented_152
1,1,sub-01_ses-01_row-0237,0,45,0,svm,128,42,1,5,subject_specific,documented_152
1,1,sub-01_ses-01_row-0298,0,56,1,svm,128,42,1,5,subject_specific,documented_152
1,1,sub-01_ses-01_row-0376,2,70,0,svm,128,42,1,5,subject_specific,documented_152
1,1,sub-01_ses-01_row-0398,3,74,1,svm,128,42,1,5,subject_specific,documented_152
1,1,sub-01_ses-01_row-0403,0,75,1,svm,128,42,1,5,subject_specific,documented_152
1,1,sub-01_ses-01_row-0463,1,85,1,svm,128,42,1,5,subject_specific,documented_152
1,1,sub-01_ses-01_row-0475,0,87,2,svm,128,42,1,5,subject_specific,documented_152
1,1,sub-01_ses-01_row-0514,1,94,0,svm,128,42,1,5,subject_specific,documented_152
1,1,sub-01_ses-01_row-0519,1,95,0,svm,128,42,1,5,subject_specific,documented_152
1,1,sub-01_ses-01_row-0531,1,97,2,svm,128,42,1,5,subject_specific,documented_152
1,1,sub-01_ses-01_row-0541,2,99,3,svm,128,42,1,5,subject_specific,documented_152
1,1,sub-01_ses-01_row-0548,3,100,3,svm,128,42,1,5,subject_specific,documented_152
1,1,sub-01_ses-01_row-0604,2,110,3,svm,128,42,1,5,subject_specific,documented_152
1,1,sub-01_ses-01_row-0638,2,116,3,svm,128,42,1,5,subject_specific,documented_152
1,2,sub-01_ses-02_row-0210,1,40,2,svm,128,42,1,5,subject_specific,documented_152
1,2,sub-01_ses-02_row-0225,2,43,3,svm,128,42,1,5,subject_specific,documented_152
1,2,sub-01_ses-02_row-0245,2,47,1,svm,128,42,1,5,subject_specific,documented_152
1,2,sub-01_ses-02_row-0292,0,56,1,svm,128,42,1,5,subject_specific,documented_152
1,2,sub-01_ses-02_row-0307,1,59,1,svm,128,42,1,5,subject_specific,documented_152
1,2,sub-01_ses-02_row-0349,1,67,1,svm,128,42,1,5,subject_specific,documented_152
1,2,sub-01_ses-02_row-0389,3,75,1,svm,128,42,1,5,subject_specific,documented_152
1,2,sub-01_ses-02_row-0394,2,76,2,svm,128,42,1,5,subject_specific,documented_152
1,2,sub-01_ses-02_row-0440,0,84,2,svm,128,42,1,5,subject_specific,documented_152
1,2,sub-01_ses-02_row-0492,1,94,3,svm,128,42,1,5,subject_specific,documented_152
1,2,sub-01_ses-02_row-0522,1,100,2,svm,128,42,1,5,subject_specific,documented_152
1,2,sub-01_ses-02_row-0549,3,105,2,svm,128,42,1,5,subject_specific,documented_152
1,2,sub-01_ses-02_row-0559,0,107,3,svm,128,42,1,5,subject_specific,documented_152
1,2,sub-01_ses-02_row-0589,0,113,0,svm,128,42,1,5,subject_specific,documented_152
1,2,sub-01_ses-02_row-0594,3,114,2,svm,128,42,1,5,subject_specific,documented_152
1,2,sub-01_ses-02_row-0621,2,119,2,svm,128,42,1,5,subject_specific,documented_152
1,3,sub-01_ses-03_row-0110,2,20,1,svm,128,42,1,5,subject_specific,documented_152
1,3,sub-01_ses-03_row-0155,2,29,0,svm,128,42,1,5,subject_specific,documented_152
1,3,sub-01_ses-03_row-0187,3,35,1,svm,128,42,1,5,subject_specific,documented_152
1,3,sub-01_ses-03_row-0197,3,37,0,svm,128,42,1,5,subject_specific,documented_152
1,3,sub-01_ses-03_row-0207,0,39,0,svm,128,42,1,5,subject_specific,documented_152
1,3,sub-01_ses-03_row-0231,1,43,2,svm,128,42,1,5,subject_specific,documented_152
1,3,sub-01_ses-03_row-0241,3,45,0,svm,128,42,1,5,subject_specific,documented_152
1,3,sub-01_ses-03_row-0271,0,51,0,svm,128,42,1,5,subject_specific,documented_152
1,3,sub-01_ses-03_row-0293,3,55,2,svm,128,42,1,5,subject_specific,documented_152
1,1,sub-01_ses-01_row-0210,1,40,3,svm,128,42,2,5,subject_specific,documented_152
1,1,sub-01_ses-01_row-0286,1,54,1,svm,128,42,2,5,subject_specific,documented_152
1,1,sub-01_ses-01_row-0293,2,55,1,svm,128,42,2,5,subject_specific,documented_152
1,1,sub-01_ses-01_row-0342,3,64,0,svm,128,42,2,5,subject_specific,documented_152
1,1,sub-01_ses-01_row-0354,2,66,0,svm,128,42,2,5,subject_specific,documented_152
1,1,sub-01_ses-01_row-0369,2,69,0,svm,128,42,2,5,subject_specific,documented_152
1,1,sub-01_ses-01_row-0381,0,71,0,svm,128,42,2,5,subject_specific,documented_152
1,1,sub-01_ses-01_row-0386,1,72,1,svm,128,42,2,5,subject_specific,documented_152
1,1,sub-01_ses-01_row-0391,2,73,2,svm,128,42,2,5,subject_specific,documented_152
1,1,sub-01_ses-01_row-0415,0,77,0,svm,128,42,2,5,subject_specific,documented_152
1,1,sub-01_ses-01_row-0420,0,78,0,svm,128,42,2,5,subject_specific,documented_152
1,1,sub-01_ses-01_row-0436,3,80,3,svm,128,42,2,5,subject_specific,documented_152
1,1,sub-01_ses-01_row-0441,0,81,1,svm,128,42,2,5,subject_specific,documented_152
1,1,sub-01_ses-01_row-0453,0,83,3,svm,128,42,2,5,subject_specific,documented_152
1,1,sub-01_ses-01_row-0458,1,84,3,svm,128,42,2,5,subject_specific,documented_152
1,1,sub-01_ses-01_row-0480,2,88,3,svm,128,42,2,5,subject_specific,documented_152
1,1,sub-01_ses-01_row-0502,2,92,1,svm,128,42,2,5,subject_specific,documented_152
1,1,sub-01_ses-01_row-0563,0,103,3,svm,128,42,2,5,subject_specific,documented_152
1,1,sub-01_ses-01_row-0631,1,115,0,svm,128,42,2,5,subject_specific,documented_152
1,1,sub-01_ses-01_row-0643,3,117,2,svm,128,42,2,5,subject_specific,documented_152
1,2,sub-01_ses-02_row-0215,1,41,1,svm,128,42,2,5,subject_specific,documented_152
1,2,sub-01_ses-02_row-0235,0,45,1,svm,128,42,2,5,subject_specific,documented_152
1,2,sub-01_ses-02_row-0240,0,46,1,svm,128,42,2,5,subject_specific,documented_152
1,2,sub-01_ses-02_row-0359,3,69,1,svm,128,42,2,5,subject_specific,documented_152
1,2,sub-01_ses-02_row-0369,3,71,0,svm,128,42,2,5,subject_specific,documented_152
1,2,sub-01_ses-02_row-0425,1,81,1,svm,128,42,2,5,subject_specific,documented_152
1,2,sub-01_ses-02_row-0430,3,82,1,svm,128,42,2,5,subject_specific,documented_152
1,2,sub-01_ses-02_row-0482,3,92,0,svm,128,42,2,5,subject_specific,documented_152
1,2,sub-01_ses-02_row-0507,2,97,1,svm,128,42,2,5,subject_specific,documented_152
1,2,sub-01_ses-02_row-0527,2,101,3,svm,128,42,2,5,subject_specific,documented_152
1,2,sub-01_ses-02_row-0542,0,104,2,svm,128,42,2,5,subject_specific,documented_152
1,2,sub-01_ses-02_row-0609,3,117,2,svm,128,42,2,5,subject_specific,documented_152
1,3,sub-01_ses-03_row-0120,1,22,2,svm,128,42,2,5,subject_specific,documented_152
1,3,sub-01_ses-03_row-0145,1,27,0,svm,128,42,2,5,subject_specific,documented_152
1,3,sub-01_ses-03_row-0150,3,28,0,svm,128,42,2,5,subject_specific,documented_152
1,3,sub-01_ses-03_row-0226,2,42,0,svm,128,42,2,5,subject_specific,documented_152
1,3,sub-01_ses-03_row-0236,3,44,0,svm,128,42,2,5,subject_specific,documented_152
1,3,sub-01_ses-03_row-0276,1,52,0,svm,128,42,2,5,subject_specific,documented_152
1,3,sub-01_ses-03_row-0288,0,54,3,svm,128,42,2,5,subject_specific,documented_152
1,3,sub-01_ses-03_row-0308,2,58,0,svm,128,42,2,5,subject_specific,documented_152
1,1,sub-01_ses-01_row-0220,3,42,1,svm,128,42,3,5,subject_specific,documented_152
1,1,sub-01_ses-01_row-0281,3,53,0,svm,128,42,3,5,subject_specific,documented_152
1,1,sub-01_ses-01_row-0303,2,57,1,svm,128,42,3,5,subject_specific,documented_152
1,1,sub-01_ses-01_row-0325,0,61,3,svm,128,42,3,5,subject_specific,documented_152
1,1,sub-01_ses-01_row-0330,1,62,0,svm,128,42,3,5,subject_specific,documented_152
1,1,sub-01_ses-01_row-0337,1,63,2,svm,128,42,3,5,subject_specific,documented_152
1,1,sub-01_ses-01_row-0359,0,67,0,svm,128,42,3,5,subject_specific,documented_152
1,1,sub-01_ses-01_row-0408,2,76,2,svm,128,42,3,5,subject_specific,documented_152
1,1,sub-01_ses-01_row-0425,2,79,1,svm,128,42,3,5,subject_specific,documented_152
1,1,sub-01_ses-01_row-0526,3,96,2,svm,128,42,3,5,subject_specific,documented_152
1,1,sub-01_ses-01_row-0575,3,105,1,svm,128,42,3,5,subject_specific,documented_152
1,1,sub-01_ses-01_row-0597,0,109,1,svm,128,42,3,5,subject_specific,documented_152
1,1,sub-01_ses-01_row-0609,2,111,3,svm,128,42,3,5,subject_specific,documented_152
1,1,sub-01_ses-01_row-0621,0,113,0,svm,128,42,3,5,subject_specific,documented_152
1,2,sub-01_ses-02_row-0230,3,44,2,svm,128,42,3,5,subject_specific,documented_152
1,2,sub-01_ses-02_row-0250,1,48,2,svm,128,42,3,5,subject_specific,documented_152
1,2,sub-01_ses-02_row-0262,3,50,2,svm,128,42,3,5,subject_specific,documented_152
1,2,sub-01_ses-02_row-0282,3,54,0,svm,128,42,3,5,subject_specific,documented_152
1,2,sub-01_ses-02_row-0287,0,55,0,svm,128,42,3,5,subject_specific,documented_152
1,2,sub-01_ses-02_row-0317,1,61,3,svm,128,42,3,5,subject_specific,documented_152
1,2,sub-01_ses-02_row-0339,2,65,1,svm,128,42,3,5,subject_specific,documented_152
1,2,sub-01_ses-02_row-0344,0,66,0,svm,128,42,3,5,subject_specific,documented_152
1,2,sub-01_ses-02_row-0379,0,73,2,svm,128,42,3,5,subject_specific,documented_152
1,2,sub-01_ses-02_row-0420,1,80,3,svm,128,42,3,5,subject_specific,documented_152
1,2,sub-01_ses-02_row-0465,0,89,3,svm,128,42,3,5,subject_specific,documented_152
1,2,sub-01_ses-02_row-0472,0,90,1,svm,128,42,3,5,subject_specific,documented_152
1,2,sub-01_ses-02_row-0497,2,95,1,svm,128,42,3,5,subject_specific,documented_152
1,2,sub-01_ses-02_row-0512,1,98,3,svm,128,42,3,5,subject_specific,documented_152
1,2,sub-01_ses-02_row-0517,2,99,1,svm,128,42,3,5,subject_specific,documented_152
1,2,sub-01_ses-02_row-0532,3,102,3,svm,128,42,3,5,subject_specific,documented_152
1,2,sub-01_ses-02_row-0584,1,112,0,svm,128,42,3,5,subject_specific,documented_152
1,3,sub-01_ses-03_row-0115,2,21,1,svm,128,42,3,5,subject_specific,documented_152
1,3,sub-01_ses-03_row-0125,2,23,0,svm,128,42,3,5,subject_specific,documented_152
1,3,sub-01_ses-03_row-0130,0,24,2,svm,128,42,3,5,subject_specific,documented_152
1,3,sub-01_ses-03_row-0140,1,26,1,svm,128,42,3,5,subject_specific,documented_152
1,3,sub-01_ses-03_row-0177,1,33,3,svm,128,42,3,5,subject_specific,documented_152
1,3,sub-01_ses-03_row-0216,3,40,0,svm,128,42,3,5,subject_specific,documented_152
1,3,sub-01_ses-03_row-0261,2,49,1,svm,128,42,3,5,subject_specific,documented_152
1,3,sub-01_ses-03_row-0283,3,53,1,svm,128,42,3,5,subject_specific,documented_152
1,3,sub-01_ses-03_row-0303,1,57,0,svm,128,42,3,5,subject_specific,documented_152
1,1,sub-01_ses-01_row-0215,1,41,1,svm,128,42,4,5,subject_specific,documented_152
1,1,sub-01_ses-01_row-0225,3,43,1,svm,128,42,4,5,subject_specific,documented_152
1,1,sub-01_ses-01_row-0259,1,49,2,svm,128,42,4,5,subject_specific,documented_152
1,1,sub-01_ses-01_row-0276,3,52,2,svm,128,42,4,5,subject_specific,documented_152
1,1,sub-01_ses-01_row-0364,1,68,2,svm,128,42,4,5,subject_specific,documented_152
1,1,sub-01_ses-01_row-0446,2,82,3,svm,128,42,4,5,subject_specific,documented_152
1,1,sub-01_ses-01_row-0470,3,86,0,svm,128,42,4,5,subject_specific,documented_152
1,1,sub-01_ses-01_row-0492,3,90,2,svm,128,42,4,5,subject_specific,documented_152
1,1,sub-01_ses-01_row-0509,1,93,0,svm,128,42,4,5,subject_specific,documented_152
1,1,sub-01_ses-01_row-0580,3,106,0,svm,128,42,4,5,subject_specific,documented_152
1,1,sub-01_ses-01_row-0587,0,107,2,svm,128,42,4,5,subject_specific,documented_152
1,1,sub-01_ses-01_row-0614,0,112,1,svm,128,42,4,5,subject_specific,documented_152
1,1,sub-01_ses-01_row-0648,3,118,2,svm,128,42,4,5,subject_specific,documented_152
1,1,sub-01_ses-01_row-0653,2,119,1,svm,128,42,4,5,subject_specific,documented_152
1,2,sub-01_ses-02_row-0255,1,49,1,svm,128,42,4,5,subject_specific,documented_152
1,2,sub-01_ses-02_row-0267,1,51,2,svm,128,42,4,5,subject_specific,documented_152
1,2,sub-01_ses-02_row-0277,0,53,2,svm,128,42,4,5,subject_specific,documented_152
1,2,sub-01_ses-02_row-0297,0,57,0,svm,128,42,4,5,subject_specific,documented_152
1,2,sub-01_ses-02_row-0302,2,58,2,svm,128,42,4,5,subject_specific,documented_152
1,2,sub-01_ses-02_row-0327,2,63,2,svm,128,42,4,5,subject_specific,documented_152
1,2,sub-01_ses-02_row-0332,1,64,0,svm,128,42,4,5,subject_specific,documented_152
1,2,sub-01_ses-02_row-0354,2,68,2,svm,128,42,4,5,subject_specific,documented_152
1,2,sub-01_ses-02_row-0364,2,70,1,svm,128,42,4,5,subject_specific,documented_152
1,2,sub-01_ses-02_row-0399,3,77,1,svm,128,42,4,5,subject_specific,documented_152
1,2,sub-01_ses-02_row-0404,0,78,1,svm,128,42,4,5,subject_specific,documented_152
1,2,sub-01_ses-02_row-0411,0,79,0,svm,128,42,4,5,subject_specific,documented_152
1,2,sub-01_ses-02_row-0435,1,83,1,svm,128,42,4,5,subject_specific,documented_152
1,2,sub-01_ses-02_row-0487,0,93,1,svm,128,42,4,5,subject_specific,documented_152
1,2,sub-01_ses-02_row-0502,2,96,1,svm,128,42,4,5,subject_specific,documented_152
1,2,sub-01_ses-02_row-0537,3,103,1,svm,128,42,4,5,subject_specific,documented_152
1,2,sub-01_ses-02_row-0574,2,110,0,svm,128,42,4,5,subject_specific,documented_152
1,2,sub-01_ses-02_row-0579,1,111,3,svm,128,42,4,5,subject_specific,documented_152
1,2,sub-01_ses-02_row-0604,3,116,1,svm,128,42,4,5,subject_specific,documented_152
1,3,sub-01_ses-03_row-0165,2,31,0,svm,128,42,4,5,subject_specific,documented_152
1,3,sub-01_ses-03_row-0172,0,32,1,svm,128,42,4,5,subject_specific,documented_152
1,3,sub-01_ses-03_row-0182,3,34,2,svm,128,42,4,5,subject_specific,documented_152
1,3,sub-01_ses-03_row-0221,0,41,3,svm,128,42,4,5,subject_specific,documented_152
1,3,sub-01_ses-03_row-0256,2,48,1,svm,128,42,4,5,subject_specific,documented_152
1,3,sub-01_ses-03_row-0266,0,50,0,svm,128,42,4,5,subject_specific,documented_152
1,3,sub-01_ses-03_row-0313,1,59,1,svm,128,42,4,5,subject_specific,documented_152
1,1,sub-01_ses-01_row-0242,2,46,3,svm,128,42,5,5,subject_specific,documented_152
1,1,sub-01_ses-01_row-0247,3,47,0,svm,128,42,5,5,subject_specific,documented_152
1,1,sub-01_ses-01_row-0254,3,48,0,svm,128,42,5,5,subject_specific,documented_152
1,1,sub-01_ses-01_row-0264,0,50,1,svm,128,42,5,5,subject_specific,documented_152
1,1,sub-01_ses-01_row-0271,1,51,1,svm,128,42,5,5,subject_specific,documented_152
1,1,sub-01_ses-01_row-0308,0,58,0,svm,128,42,5,5,subject_specific,documented_152
1,1,sub-01_ses-01_row-0315,3,59,0,svm,128,42,5,5,subject_specific,documented_152
1,1,sub-01_ses-01_row-0320,1,60,0,svm,128,42,5,5,subject_specific,documented_152
1,1,sub-01_ses-01_row-0347,2,65,2,svm,128,42,5,5,subject_specific,documented_152
1,1,sub-01_ses-01_row-0487,3,89,3,svm,128,42,5,5,subject_specific,documented_152
1,1,sub-01_ses-01_row-0497,0,91,3,svm,128,42,5,5,subject_specific,documented_152
1,1,sub-01_ses-01_row-0536,1,98,2,svm,128,42,5,5,subject_specific,documented_152
1,1,sub-01_ses-01_row-0553,1,101,3,svm,128,42,5,5,subject_specific,documented_152
1,1,sub-01_ses-01_row-0558,1,102,3,svm,128,42,5,5,subject_specific,documented_152
1,1,sub-01_ses-01_row-0570,2,104,0,svm,128,42,5,5,subject_specific,documented_152
1,1,sub-01_ses-01_row-0592,2,108,1,svm,128,42,5,5,subject_specific,documented_152
1,1,sub-01_ses-01_row-0626,0,114,0,svm,128,42,5,5,subject_specific,documented_152
1,2,sub-01_ses-02_row-0220,2,42,0,svm,128,42,5,5,subject_specific,documented_152
1,2,sub-01_ses-02_row-0272,2,52,2,svm,128,42,5,5,subject_specific,documented_152
1,2,sub-01_ses-02_row-0312,1,60,1,svm,128,42,5,5,subject_specific,documented_152
1,2,sub-01_ses-02_row-0322,3,62,0,svm,128,42,5,5,subject_specific,documented_152
1,2,sub-01_ses-02_row-0374,3,72,0,svm,128,42,5,5,subject_specific,documented_152
1,2,sub-01_ses-02_row-0384,3,74,1,svm,128,42,5,5,subject_specific,documented_152
1,2,sub-01_ses-02_row-0445,3,85,3,svm,128,42,5,5,subject_specific,documented_152
1,2,sub-01_ses-02_row-0450,2,86,1,svm,128,42,5,5,subject_specific,documented_152
1,2,sub-01_ses-02_row-0455,2,87,0,svm,128,42,5,5,subject_specific,documented_152
1,2,sub-01_ses-02_row-0460,0,88,0,svm,128,42,5,5,subject_specific,documented_152
1,2,sub-01_ses-02_row-0477,0,91,0,svm,128,42,5,5,subject_specific,documented_152
1,2,sub-01_ses-02_row-0554,0,106,3,svm,128,42,5,5,subject_specific,documented_152
1,2,sub-01_ses-02_row-0564,3,108,3,svm,128,42,5,5,subject_specific,documented_152
1,2,sub-01_ses-02_row-0569,1,109,2,svm,128,42,5,5,subject_specific,documented_152
1,2,sub-01_ses-02_row-0599,2,115,1,svm,128,42,5,5,subject_specific,documented_152
1,2,sub-01_ses-02_row-0616,1,118,0,svm,128,42,5,5,subject_specific,documented_152
1,3,sub-01_ses-03_row-0135,0,25,0,svm,128,42,5,5,subject_specific,documented_152
1,3,sub-01_ses-03_row-0160,1,30,2,svm,128,42,5,5,subject_specific,documented_152
1,3,sub-01_ses-03_row-0192,3,36,3,svm,128,42,5,5,subject_specific,documented_152
1,3,sub-01_ses-03_row-0202,0,38,0,svm,128,42,5,5,subject_specific,documented_152
1,3,sub-01_ses-03_row-0246,0,46,2,svm,128,42,5,5,subject_specific,documented_152
1,3,sub-01_ses-03_row-0251,1,47,2,svm,128,42,5,5,subject_specific,documented_152
1,3,sub-01_ses-03_row-0298,2,56,2,svm,128,42,5,5,subject_specific,documented_152
1,1,sub-01_ses-01_row-0232,3,44,3,svm,64,42,1,5,subject_specific,documented_152
1,1,sub-01_ses-01_row-0237,0,45,0,svm,64,42,1,5,subject_specific,documented_152
1,1,sub-01_ses-01_row-0298,0,56,3,svm,64,42,1,5,subject_specific,documented_152
1,1,sub-01_ses-01_row-0376,2,70,0,svm,64,42,1,5,subject_specific,documented_152
1,1,sub-01_ses-01_row-0398,3,74,1,svm,64,42,1,5,subject_specific,documented_152
1,1,sub-01_ses-01_row-0403,0,75,1,svm,64,42,1,5,subject_specific,documented_152
1,1,sub-01_ses-01_row-0463,1,85,1,svm,64,42,1,5,subject_specific,documented_152
1,1,sub-01_ses-01_row-0475,0,87,2,svm,64,42,1,5,subject_specific,documented_152
1,1,sub-01_ses-01_row-0514,1,94,0,svm,64,42,1,5,subject_specific,documented_152
1,1,sub-01_ses-01_row-0519,1,95,0,svm,64,42,1,5,subject_specific,documented_152
1,1,sub-01_ses-01_row-0531,1,97,0,svm,64,42,1,5,subject_specific,documented_152
1,1,sub-01_ses-01_row-0541,2,99,3,svm,64,42,1,5,subject_specific,documented_152
1,1,sub-01_ses-01_row-0548,3,100,3,svm,64,42,1,5,subject_specific,documented_152
1,1,sub-01_ses-01_row-0604,2,110,3,svm,64,42,1,5,subject_specific,documented_152
1,1,sub-01_ses-01_row-0638,2,116,3,svm,64,42,1,5,subject_specific,documented_152
1,2,sub-01_ses-02_row-0210,1,40,1,svm,64,42,1,5,subject_specific,documented_152
1,2,sub-01_ses-02_row-0225,2,43,3,svm,64,42,1,5,subject_specific,documented_152
1,2,sub-01_ses-02_row-0245,2,47,1,svm,64,42,1,5,subject_specific,documented_152
1,2,sub-01_ses-02_row-0292,0,56,2,svm,64,42,1,5,subject_specific,documented_152
1,2,sub-01_ses-02_row-0307,1,59,1,svm,64,42,1,5,subject_specific,documented_152
1,2,sub-01_ses-02_row-0349,1,67,1,svm,64,42,1,5,subject_specific,documented_152
1,2,sub-01_ses-02_row-0389,3,75,1,svm,64,42,1,5,subject_specific,documented_152
1,2,sub-01_ses-02_row-0394,2,76,2,svm,64,42,1,5,subject_specific,documented_152
1,2,sub-01_ses-02_row-0440,0,84,1,svm,64,42,1,5,subject_specific,documented_152
1,2,sub-01_ses-02_row-0492,1,94,3,svm,64,42,1,5,subject_specific,documented_152
1,2,sub-01_ses-02_row-0522,1,100,1,svm,64,42,1,5,subject_specific,documented_152
1,2,sub-01_ses-02_row-0549,3,105,1,svm,64,42,1,5,subject_specific,documented_152
1,2,sub-01_ses-02_row-0559,0,107,2,svm,64,42,1,5,subject_specific,documented_152
1,2,sub-01_ses-02_row-0589,0,113,2,svm,64,42,1,5,subject_specific,documented_152
1,2,sub-01_ses-02_row-0594,3,114,2,svm,64,42,1,5,subject_specific,documented_152
1,2,sub-01_ses-02_row-0621,2,119,2,svm,64,42,1,5,subject_specific,documented_152
1,3,sub-01_ses-03_row-0110,2,20,3,svm,64,42,1,5,subject_specific,documented_152
1,3,sub-01_ses-03_row-0155,2,29,0,svm,64,42,1,5,subject_specific,documented_152
1,3,sub-01_ses-03_row-0187,3,35,1,svm,64,42,1,5,subject_specific,documented_152
1,3,sub-01_ses-03_row-0197,3,37,0,svm,64,42,1,5,subject_specific,documented_152
1,3,sub-01_ses-03_row-0207,0,39,0,svm,64,42,1,5,subject_specific,documented_152
1,3,sub-01_ses-03_row-0231,1,43,2,svm,64,42,1,5,subject_specific,documented_152
1,3,sub-01_ses-03_row-0241,3,45,0,svm,64,42,1,5,subject_specific,documented_152
1,3,sub-01_ses-03_row-0271,0,51,0,svm,64,42,1,5,subject_specific,documented_152
1,3,sub-01_ses-03_row-0293,3,55,1,svm,64,42,1,5,subject_specific,documented_152
1,1,sub-01_ses-01_row-0210,1,40,3,svm,64,42,2,5,subject_specific,documented_152
1,1,sub-01_ses-01_row-0286,1,54,1,svm,64,42,2,5,subject_specific,documented_152
1,1,sub-01_ses-01_row-0293,2,55,3,svm,64,42,2,5,subject_specific,documented_152
1,1,sub-01_ses-01_row-0342,3,64,0,svm,64,42,2,5,subject_specific,documented_152
1,1,sub-01_ses-01_row-0354,2,66,1,svm,64,42,2,5,subject_specific,documented_152
1,1,sub-01_ses-01_row-0369,2,69,0,svm,64,42,2,5,subject_specific,documented_152
1,1,sub-01_ses-01_row-0381,0,71,0,svm,64,42,2,5,subject_specific,documented_152
1,1,sub-01_ses-01_row-0386,1,72,1,svm,64,42,2,5,subject_specific,documented_152
1,1,sub-01_ses-01_row-0391,2,73,1,svm,64,42,2,5,subject_specific,documented_152
1,1,sub-01_ses-01_row-0415,0,77,0,svm,64,42,2,5,subject_specific,documented_152
1,1,sub-01_ses-01_row-0420,0,78,0,svm,64,42,2,5,subject_specific,documented_152
1,1,sub-01_ses-01_row-0436,3,80,3,svm,64,42,2,5,subject_specific,documented_152
1,1,sub-01_ses-01_row-0441,0,81,1,svm,64,42,2,5,subject_specific,documented_152
1,1,sub-01_ses-01_row-0453,0,83,3,svm,64,42,2,5,subject_specific,documented_152
1,1,sub-01_ses-01_row-0458,1,84,1,svm,64,42,2,5,subject_specific,documented_152
1,1,sub-01_ses-01_row-0480,2,88,1,svm,64,42,2,5,subject_specific,documented_152
1,1,sub-01_ses-01_row-0502,2,92,1,svm,64,42,2,5,subject_specific,documented_152
1,1,sub-01_ses-01_row-0563,0,103,1,svm,64,42,2,5,subject_specific,documented_152
1,1,sub-01_ses-01_row-0631,1,115,0,svm,64,42,2,5,subject_specific,documented_152
1,1,sub-01_ses-01_row-0643,3,117,2,svm,64,42,2,5,subject_specific,documented_152
1,2,sub-01_ses-02_row-0215,1,41,3,svm,64,42,2,5,subject_specific,documented_152
1,2,sub-01_ses-02_row-0235,0,45,3,svm,64,42,2,5,subject_specific,documented_152
1,2,sub-01_ses-02_row-0240,0,46,1,svm,64,42,2,5,subject_specific,documented_152
1,2,sub-01_ses-02_row-0359,3,69,1,svm,64,42,2,5,subject_specific,documented_152
1,2,sub-01_ses-02_row-0369,3,71,0,svm,64,42,2,5,subject_specific,documented_152
1,2,sub-01_ses-02_row-0425,1,81,1,svm,64,42,2,5,subject_specific,documented_152
1,2,sub-01_ses-02_row-0430,3,82,1,svm,64,42,2,5,subject_specific,documented_152
1,2,sub-01_ses-02_row-0482,3,92,0,svm,64,42,2,5,subject_specific,documented_152
1,2,sub-01_ses-02_row-0507,2,97,1,svm,64,42,2,5,subject_specific,documented_152
1,2,sub-01_ses-02_row-0527,2,101,3,svm,64,42,2,5,subject_specific,documented_152
1,2,sub-01_ses-02_row-0542,0,104,2,svm,64,42,2,5,subject_specific,documented_152
1,2,sub-01_ses-02_row-0609,3,117,2,svm,64,42,2,5,subject_specific,documented_152
1,3,sub-01_ses-03_row-0120,1,22,2,svm,64,42,2,5,subject_specific,documented_152
1,3,sub-01_ses-03_row-0145,1,27,0,svm,64,42,2,5,subject_specific,documented_152
1,3,sub-01_ses-03_row-0150,3,28,0,svm,64,42,2,5,subject_specific,documented_152
1,3,sub-01_ses-03_row-0226,2,42,0,svm,64,42,2,5,subject_specific,documented_152
1,3,sub-01_ses-03_row-0236,3,44,0,svm,64,42,2,5,subject_specific,documented_152
1,3,sub-01_ses-03_row-0276,1,52,0,svm,64,42,2,5,subject_specific,documented_152
1,3,sub-01_ses-03_row-0288,0,54,1,svm,64,42,2,5,subject_specific,documented_152
1,3,sub-01_ses-03_row-0308,2,58,0,svm,64,42,2,5,subject_specific,documented_152
1,1,sub-01_ses-01_row-0220,3,42,1,svm,64,42,3,5,subject_specific,documented_152
1,1,sub-01_ses-01_row-0281,3,53,0,svm,64,42,3,5,subject_specific,documented_152
1,1,sub-01_ses-01_row-0303,2,57,2,svm,64,42,3,5,subject_specific,documented_152
1,1,sub-01_ses-01_row-0325,0,61,2,svm,64,42,3,5,subject_specific,documented_152
1,1,sub-01_ses-01_row-0330,1,62,0,svm,64,42,3,5,subject_specific,documented_152
1,1,sub-01_ses-01_row-0337,1,63,2,svm,64,42,3,5,subject_specific,documented_152
1,1,sub-01_ses-01_row-0359,0,67,2,svm,64,42,3,5,subject_specific,documented_152
1,1,sub-01_ses-01_row-0408,2,76,2,svm,64,42,3,5,subject_specific,documented_152
1,1,sub-01_ses-01_row-0425,2,79,1,svm,64,42,3,5,subject_specific,documented_152
1,1,sub-01_ses-01_row-0526,3,96,1,svm,64,42,3,5,subject_specific,documented_152
1,1,sub-01_ses-01_row-0575,3,105,1,svm,64,42,3,5,subject_specific,documented_152
1,1,sub-01_ses-01_row-0597,0,109,1,svm,64,42,3,5,subject_specific,documented_152
1,1,sub-01_ses-01_row-0609,2,111,3,svm,64,42,3,5,subject_specific,documented_152
1,1,sub-01_ses-01_row-0621,0,113,0,svm,64,42,3,5,subject_specific,documented_152
1,2,sub-01_ses-02_row-0230,3,44,2,svm,64,42,3,5,subject_specific,documented_152
1,2,sub-01_ses-02_row-0250,1,48,2,svm,64,42,3,5,subject_specific,documented_152
1,2,sub-01_ses-02_row-0262,3,50,3,svm,64,42,3,5,subject_specific,documented_152
1,2,sub-01_ses-02_row-0282,3,54,0,svm,64,42,3,5,subject_specific,documented_152
1,2,sub-01_ses-02_row-0287,0,55,1,svm,64,42,3,5,subject_specific,documented_152
1,2,sub-01_ses-02_row-0317,1,61,3,svm,64,42,3,5,subject_specific,documented_152
1,2,sub-01_ses-02_row-0339,2,65,2,svm,64,42,3,5,subject_specific,documented_152
1,2,sub-01_ses-02_row-0344,0,66,0,svm,64,42,3,5,subject_specific,documented_152
1,2,sub-01_ses-02_row-0379,0,73,3,svm,64,42,3,5,subject_specific,documented_152
1,2,sub-01_ses-02_row-0420,1,80,3,svm,64,42,3,5,subject_specific,documented_152
1,2,sub-01_ses-02_row-0465,0,89,3,svm,64,42,3,5,subject_specific,documented_152
1,2,sub-01_ses-02_row-0472,0,90,3,svm,64,42,3,5,subject_specific,documented_152
1,2,sub-01_ses-02_row-0497,2,95,1,svm,64,42,3,5,subject_specific,documented_152
1,2,sub-01_ses-02_row-0512,1,98,3,svm,64,42,3,5,subject_specific,documented_152
1,2,sub-01_ses-02_row-0517,2,99,1,svm,64,42,3,5,subject_specific,documented_152
1,2,sub-01_ses-02_row-0532,3,102,1,svm,64,42,3,5,subject_specific,documented_152
1,2,sub-01_ses-02_row-0584,1,112,0,svm,64,42,3,5,subject_specific,documented_152
1,3,sub-01_ses-03_row-0115,2,21,0,svm,64,42,3,5,subject_specific,documented_152
1,3,sub-01_ses-03_row-0125,2,23,0,svm,64,42,3,5,subject_specific,documented_152
1,3,sub-01_ses-03_row-0130,0,24,2,svm,64,42,3,5,subject_specific,documented_152
1,3,sub-01_ses-03_row-0140,1,26,3,svm,64,42,3,5,subject_specific,documented_152
1,3,sub-01_ses-03_row-0177,1,33,3,svm,64,42,3,5,subject_specific,documented_152
1,3,sub-01_ses-03_row-0216,3,40,0,svm,64,42,3,5,subject_specific,documented_152
1,3,sub-01_ses-03_row-0261,2,49,1,svm,64,42,3,5,subject_specific,documented_152
1,3,sub-01_ses-03_row-0283,3,53,1,svm,64,42,3,5,subject_specific,documented_152
1,3,sub-01_ses-03_row-0303,1,57,3,svm,64,42,3,5,subject_specific,documented_152
1,1,sub-01_ses-01_row-0215,1,41,1,svm,64,42,4,5,subject_specific,documented_152
1,1,sub-01_ses-01_row-0225,3,43,1,svm,64,42,4,5,subject_specific,documented_152
1,1,sub-01_ses-01_row-0259,1,49,2,svm,64,42,4,5,subject_specific,documented_152
1,1,sub-01_ses-01_row-0276,3,52,2,svm,64,42,4,5,subject_specific,documented_152
1,1,sub-01_ses-01_row-0364,1,68,2,svm,64,42,4,5,subject_specific,documented_152
1,1,sub-01_ses-01_row-0446,2,82,3,svm,64,42,4,5,subject_specific,documented_152
1,1,sub-01_ses-01_row-0470,3,86,0,svm,64,42,4,5,subject_specific,documented_152
1,1,sub-01_ses-01_row-0492,3,90,2,svm,64,42,4,5,subject_specific,documented_152
1,1,sub-01_ses-01_row-0509,1,93,0,svm,64,42,4,5,subject_specific,documented_152
1,1,sub-01_ses-01_row-0580,3,106,2,svm,64,42,4,5,subject_specific,documented_152
1,1,sub-01_ses-01_row-0587,0,107,2,svm,64,42,4,5,subject_specific,documented_152
1,1,sub-01_ses-01_row-0614,0,112,1,svm,64,42,4,5,subject_specific,documented_152
1,1,sub-01_ses-01_row-0648,3,118,3,svm,64,42,4,5,subject_specific,documented_152
1,1,sub-01_ses-01_row-0653,2,119,1,svm,64,42,4,5,subject_specific,documented_152
1,2,sub-01_ses-02_row-0255,1,49,1,svm,64,42,4,5,subject_specific,documented_152
1,2,sub-01_ses-02_row-0267,1,51,2,svm,64,42,4,5,subject_specific,documented_152
1,2,sub-01_ses-02_row-0277,0,53,2,svm,64,42,4,5,subject_specific,documented_152
1,2,sub-01_ses-02_row-0297,0,57,1,svm,64,42,4,5,subject_specific,documented_152
1,2,sub-01_ses-02_row-0302,2,58,2,svm,64,42,4,5,subject_specific,documented_152
1,2,sub-01_ses-02_row-0327,2,63,2,svm,64,42,4,5,subject_specific,documented_152
1,2,sub-01_ses-02_row-0332,1,64,0,svm,64,42,4,5,subject_specific,documented_152
1,2,sub-01_ses-02_row-0354,2,68,3,svm,64,42,4,5,subject_specific,documented_152
1,2,sub-01_ses-02_row-0364,2,70,0,svm,64,42,4,5,subject_specific,documented_152
1,2,sub-01_ses-02_row-0399,3,77,3,svm,64,42,4,5,subject_specific,documented_152
1,2,sub-01_ses-02_row-0404,0,78,1,svm,64,42,4,5,subject_specific,documented_152
1,2,sub-01_ses-02_row-0411,0,79,0,svm,64,42,4,5,subject_specific,documented_152
1,2,sub-01_ses-02_row-0435,1,83,1,svm,64,42,4,5,subject_specific,documented_152
1,2,sub-01_ses-02_row-0487,0,93,3,svm,64,42,4,5,subject_specific,documented_152
1,2,sub-01_ses-02_row-0502,2,96,1,svm,64,42,4,5,subject_specific,documented_152
1,2,sub-01_ses-02_row-0537,3,103,1,svm,64,42,4,5,subject_specific,documented_152
1,2,sub-01_ses-02_row-0574,2,110,0,svm,64,42,4,5,subject_specific,documented_152
1,2,sub-01_ses-02_row-0579,1,111,1,svm,64,42,4,5,subject_specific,documented_152
1,2,sub-01_ses-02_row-0604,3,116,1,svm,64,42,4,5,subject_specific,documented_152
1,3,sub-01_ses-03_row-0165,2,31,0,svm,64,42,4,5,subject_specific,documented_152
1,3,sub-01_ses-03_row-0172,0,32,1,svm,64,42,4,5,subject_specific,documented_152
1,3,sub-01_ses-03_row-0182,3,34,2,svm,64,42,4,5,subject_specific,documented_152
1,3,sub-01_ses-03_row-0221,0,41,3,svm,64,42,4,5,subject_specific,documented_152
1,3,sub-01_ses-03_row-0256,2,48,1,svm,64,42,4,5,subject_specific,documented_152
1,3,sub-01_ses-03_row-0266,0,50,0,svm,64,42,4,5,subject_specific,documented_152
1,3,sub-01_ses-03_row-0313,1,59,1,svm,64,42,4,5,subject_specific,documented_152
1,1,sub-01_ses-01_row-0242,2,46,3,svm,64,42,5,5,subject_specific,documented_152
1,1,sub-01_ses-01_row-0247,3,47,0,svm,64,42,5,5,subject_specific,documented_152
1,1,sub-01_ses-01_row-0254,3,48,1,svm,64,42,5,5,subject_specific,documented_152
1,1,sub-01_ses-01_row-0264,0,50,1,svm,64,42,5,5,subject_specific,documented_152
1,1,sub-01_ses-01_row-0271,1,51,1,svm,64,42,5,5,subject_specific,documented_152
1,1,sub-01_ses-01_row-0308,0,58,0,svm,64,42,5,5,subject_specific,documented_152
1,1,sub-01_ses-01_row-0315,3,59,0,svm,64,42,5,5,subject_specific,documented_152
1,1,sub-01_ses-01_row-0320,1,60,0,svm,64,42,5,5,subject_specific,documented_152
1,1,sub-01_ses-01_row-0347,2,65,2,svm,64,42,5,5,subject_specific,documented_152
1,1,sub-01_ses-01_row-0487,3,89,3,svm,64,42,5,5,subject_specific,documented_152
1,1,sub-01_ses-01_row-0497,0,91,3,svm,64,42,5,5,subject_specific,documented_152
1,1,sub-01_ses-01_row-0536,1,98,2,svm,64,42,5,5,subject_specific,documented_152
1,1,sub-01_ses-01_row-0553,1,101,3,svm,64,42,5,5,subject_specific,documented_152
1,1,sub-01_ses-01_row-0558,1,102,0,svm,64,42,5,5,subject_specific,documented_152
1,1,sub-01_ses-01_row-0570,2,104,0,svm,64,42,5,5,subject_specific,documented_152
1,1,sub-01_ses-01_row-0592,2,108,1,svm,64,42,5,5,subject_specific,documented_152
1,1,sub-01_ses-01_row-0626,0,114,0,svm,64,42,5,5,subject_specific,documented_152
1,2,sub-01_ses-02_row-0220,2,42,0,svm,64,42,5,5,subject_specific,documented_152
1,2,sub-01_ses-02_row-0272,2,52,2,svm,64,42,5,5,subject_specific,documented_152
1,2,sub-01_ses-02_row-0312,1,60,1,svm,64,42,5,5,subject_specific,documented_152
1,2,sub-01_ses-02_row-0322,3,62,0,svm,64,42,5,5,subject_specific,documented_152
1,2,sub-01_ses-02_row-0374,3,72,0,svm,64,42,5,5,subject_specific,documented_152
1,2,sub-01_ses-02_row-0384,3,74,1,svm,64,42,5,5,subject_specific,documented_152
1,2,sub-01_ses-02_row-0445,3,85,3,svm,64,42,5,5,subject_specific,documented_152
1,2,sub-01_ses-02_row-0450,2,86,1,svm,64,42,5,5,subject_specific,documented_152
1,2,sub-01_ses-02_row-0455,2,87,0,svm,64,42,5,5,subject_specific,documented_152
1,2,sub-01_ses-02_row-0460,0,88,0,svm,64,42,5,5,subject_specific,documented_152
1,2,sub-01_ses-02_row-0477,0,91,0,svm,64,42,5,5,subject_specific,documented_152
1,2,sub-01_ses-02_row-0554,0,106,3,svm,64,42,5,5,subject_specific,documented_152
1,2,sub-01_ses-02_row-0564,3,108,3,svm,64,42,5,5,subject_specific,documented_152
1,2,sub-01_ses-02_row-0569,1,109,3,svm,64,42,5,5,subject_specific,documented_152
1,2,sub-01_ses-02_row-0599,2,115,3,svm,64,42,5,5,subject_specific,documented_152
1,2,sub-01_ses-02_row-0616,1,118,0,svm,64,42,5,5,subject_specific,documented_152
1,3,sub-01_ses-03_row-0135,0,25,0,svm,64,42,5,5,subject_specific,documented_152
1,3,sub-01_ses-03_row-0160,1,30,2,svm,64,42,5,5,subject_specific,documented_152
1,3,sub-01_ses-03_row-0192,3,36,2,svm,64,42,5,5,subject_specific,documented_152
1,3,sub-01_ses-03_row-0202,0,38,0,svm,64,42,5,5,subject_specific,documented_152
1,3,sub-01_ses-03_row-0246,0,46,2,svm,64,42,5,5,subject_specific,documented_152
1,3,sub-01_ses-03_row-0251,1,47,2,svm,64,42,5,5,subject_specific,documented_152
1,3,sub-01_ses-03_row-0298,2,56,2,svm,64,42,5,5,subject_specific,documented_152
1,1,sub-01_ses-01_row-0232,3,44,0,svm,32,42,1,5,subject_specific,documented_152
1,1,sub-01_ses-01_row-0237,0,45,0,svm,32,42,1,5,subject_specific,documented_152
1,1,sub-01_ses-01_row-0298,0,56,1,svm,32,42,1,5,subject_specific,documented_152
1,1,sub-01_ses-01_row-0376,2,70,0,svm,32,42,1,5,subject_specific,documented_152
1,1,sub-01_ses-01_row-0398,3,74,1,svm,32,42,1,5,subject_specific,documented_152
1,1,sub-01_ses-01_row-0403,0,75,1,svm,32,42,1,5,subject_specific,documented_152
1,1,sub-01_ses-01_row-0463,1,85,2,svm,32,42,1,5,subject_specific,documented_152
1,1,sub-01_ses-01_row-0475,0,87,2,svm,32,42,1,5,subject_specific,documented_152
1,1,sub-01_ses-01_row-0514,1,94,0,svm,32,42,1,5,subject_specific,documented_152
1,1,sub-01_ses-01_row-0519,1,95,3,svm,32,42,1,5,subject_specific,documented_152
1,1,sub-01_ses-01_row-0531,1,97,2,svm,32,42,1,5,subject_specific,documented_152
1,1,sub-01_ses-01_row-0541,2,99,3,svm,32,42,1,5,subject_specific,documented_152
1,1,sub-01_ses-01_row-0548,3,100,3,svm,32,42,1,5,subject_specific,documented_152
1,1,sub-01_ses-01_row-0604,2,110,3,svm,32,42,1,5,subject_specific,documented_152
1,1,sub-01_ses-01_row-0638,2,116,3,svm,32,42,1,5,subject_specific,documented_152
1,2,sub-01_ses-02_row-0210,1,40,1,svm,32,42,1,5,subject_specific,documented_152
1,2,sub-01_ses-02_row-0225,2,43,3,svm,32,42,1,5,subject_specific,documented_152
1,2,sub-01_ses-02_row-0245,2,47,1,svm,32,42,1,5,subject_specific,documented_152
1,2,sub-01_ses-02_row-0292,0,56,0,svm,32,42,1,5,subject_specific,documented_152
1,2,sub-01_ses-02_row-0307,1,59,1,svm,32,42,1,5,subject_specific,documented_152
1,2,sub-01_ses-02_row-0349,1,67,1,svm,32,42,1,5,subject_specific,documented_152
1,2,sub-01_ses-02_row-0389,3,75,1,svm,32,42,1,5,subject_specific,documented_152
1,2,sub-01_ses-02_row-0394,2,76,2,svm,32,42,1,5,subject_specific,documented_152
1,2,sub-01_ses-02_row-0440,0,84,3,svm,32,42,1,5,subject_specific,documented_152
1,2,sub-01_ses-02_row-0492,1,94,3,svm,32,42,1,5,subject_specific,documented_152
1,2,sub-01_ses-02_row-0522,1,100,3,svm,32,42,1,5,subject_specific,documented_152
1,2,sub-01_ses-02_row-0549,3,105,1,svm,32,42,1,5,subject_specific,documented_152
1,2,sub-01_ses-02_row-0559,0,107,3,svm,32,42,1,5,subject_specific,documented_152
1,2,sub-01_ses-02_row-0589,0,113,0,svm,32,42,1,5,subject_specific,documented_152
1,2,sub-01_ses-02_row-0594,3,114,2,svm,32,42,1,5,subject_specific,documented_152
1,2,sub-01_ses-02_row-0621,2,119,2,svm,32,42,1,5,subject_specific,documented_152
1,3,sub-01_ses-03_row-0110,2,20,3,svm,32,42,1,5,subject_specific,documented_152
1,3,sub-01_ses-03_row-0155,2,29,0,svm,32,42,1,5,subject_specific,documented_152
1,3,sub-01_ses-03_row-0187,3,35,1,svm,32,42,1,5,subject_specific,documented_152
1,3,sub-01_ses-03_row-0197,3,37,2,svm,32,42,1,5,subject_specific,documented_152
1,3,sub-01_ses-03_row-0207,0,39,0,svm,32,42,1,5,subject_specific,documented_152
1,3,sub-01_ses-03_row-0231,1,43,3,svm,32,42,1,5,subject_specific,documented_152
1,3,sub-01_ses-03_row-0241,3,45,2,svm,32,42,1,5,subject_specific,documented_152
1,3,sub-01_ses-03_row-0271,0,51,0,svm,32,42,1,5,subject_specific,documented_152
1,3,sub-01_ses-03_row-0293,3,55,2,svm,32,42,1,5,subject_specific,documented_152
1,1,sub-01_ses-01_row-0210,1,40,3,svm,32,42,2,5,subject_specific,documented_152
1,1,sub-01_ses-01_row-0286,1,54,1,svm,32,42,2,5,subject_specific,documented_152
1,1,sub-01_ses-01_row-0293,2,55,3,svm,32,42,2,5,subject_specific,documented_152
1,1,sub-01_ses-01_row-0342,3,64,0,svm,32,42,2,5,subject_specific,documented_152
1,1,sub-01_ses-01_row-0354,2,66,1,svm,32,42,2,5,subject_specific,documented_152
1,1,sub-01_ses-01_row-0369,2,69,0,svm,32,42,2,5,subject_specific,documented_152
1,1,sub-01_ses-01_row-0381,0,71,0,svm,32,42,2,5,subject_specific,documented_152
1,1,sub-01_ses-01_row-0386,1,72,1,svm,32,42,2,5,subject_specific,documented_152
1,1,sub-01_ses-01_row-0391,2,73,1,svm,32,42,2,5,subject_specific,documented_152
1,1,sub-01_ses-01_row-0415,0,77,0,svm,32,42,2,5,subject_specific,documented_152
1,1,sub-01_ses-01_row-0420,0,78,0,svm,32,42,2,5,subject_specific,documented_152
1,1,sub-01_ses-01_row-0436,3,80,3,svm,32,42,2,5,subject_specific,documented_152
1,1,sub-01_ses-01_row-0441,0,81,1,svm,32,42,2,5,subject_specific,documented_152
1,1,sub-01_ses-01_row-0453,0,83,1,svm,32,42,2,5,subject_specific,documented_152
1,1,sub-01_ses-01_row-0458,1,84,3,svm,32,42,2,5,subject_specific,documented_152
1,1,sub-01_ses-01_row-0480,2,88,2,svm,32,42,2,5,subject_specific,documented_152
1,1,sub-01_ses-01_row-0502,2,92,1,svm,32,42,2,5,subject_specific,documented_152
1,1,sub-01_ses-01_row-0563,0,103,3,svm,32,42,2,5,subject_specific,documented_152
1,1,sub-01_ses-01_row-0631,1,115,0,svm,32,42,2,5,subject_specific,documented_152
1,1,sub-01_ses-01_row-0643,3,117,2,svm,32,42,2,5,subject_specific,documented_152
1,2,sub-01_ses-02_row-0215,1,41,3,svm,32,42,2,5,subject_specific,documented_152
1,2,sub-01_ses-02_row-0235,0,45,1,svm,32,42,2,5,subject_specific,documented_152
1,2,sub-01_ses-02_row-0240,0,46,1,svm,32,42,2,5,subject_specific,documented_152
1,2,sub-01_ses-02_row-0359,3,69,1,svm,32,42,2,5,subject_specific,documented_152
1,2,sub-01_ses-02_row-0369,3,71,0,svm,32,42,2,5,subject_specific,documented_152
1,2,sub-01_ses-02_row-0425,1,81,1,svm,32,42,2,5,subject_specific,documented_152
1,2,sub-01_ses-02_row-0430,3,82,1,svm,32,42,2,5,subject_specific,documented_152
1,2,sub-01_ses-02_row-0482,3,92,0,svm,32,42,2,5,subject_specific,documented_152
1,2,sub-01_ses-02_row-0507,2,97,3,svm,32,42,2,5,subject_specific,documented_152
1,2,sub-01_ses-02_row-0527,2,101,3,svm,32,42,2,5,subject_specific,documented_152
1,2,sub-01_ses-02_row-0542,0,104,2,svm,32,42,2,5,subject_specific,documented_152
1,2,sub-01_ses-02_row-0609,3,117,1,svm,32,42,2,5,subject_specific,documented_152
1,3,sub-01_ses-03_row-0120,1,22,2,svm,32,42,2,5,subject_specific,documented_152
1,3,sub-01_ses-03_row-0145,1,27,0,svm,32,42,2,5,subject_specific,documented_152
1,3,sub-01_ses-03_row-0150,3,28,0,svm,32,42,2,5,subject_specific,documented_152
1,3,sub-01_ses-03_row-0226,2,42,0,svm,32,42,2,5,subject_specific,documented_152
1,3,sub-01_ses-03_row-0236,3,44,0,svm,32,42,2,5,subject_specific,documented_152
1,3,sub-01_ses-03_row-0276,1,52,0,svm,32,42,2,5,subject_specific,documented_152
1,3,sub-01_ses-03_row-0288,0,54,1,svm,32,42,2,5,subject_specific,documented_152
1,3,sub-01_ses-03_row-0308,2,58,0,svm,32,42,2,5,subject_specific,documented_152
1,1,sub-01_ses-01_row-0220,3,42,1,svm,32,42,3,5,subject_specific,documented_152
1,1,sub-01_ses-01_row-0281,3,53,2,svm,32,42,3,5,subject_specific,documented_152
1,1,sub-01_ses-01_row-0303,2,57,1,svm,32,42,3,5,subject_specific,documented_152
1,1,sub-01_ses-01_row-0325,0,61,2,svm,32,42,3,5,subject_specific,documented_152
1,1,sub-01_ses-01_row-0330,1,62,0,svm,32,42,3,5,subject_specific,documented_152
1,1,sub-01_ses-01_row-0337,1,63,2,svm,32,42,3,5,subject_specific,documented_152
1,1,sub-01_ses-01_row-0359,0,67,2,svm,32,42,3,5,subject_specific,documented_152
1,1,sub-01_ses-01_row-0408,2,76,2,svm,32,42,3,5,subject_specific,documented_152
1,1,sub-01_ses-01_row-0425,2,79,1,svm,32,42,3,5,subject_specific,documented_152
1,1,sub-01_ses-01_row-0526,3,96,1,svm,32,42,3,5,subject_specific,documented_152
1,1,sub-01_ses-01_row-0575,3,105,1,svm,32,42,3,5,subject_specific,documented_152
1,1,sub-01_ses-01_row-0597,0,109,1,svm,32,42,3,5,subject_specific,documented_152
1,1,sub-01_ses-01_row-0609,2,111,3,svm,32,42,3,5,subject_specific,documented_152
1,1,sub-01_ses-01_row-0621,0,113,0,svm,32,42,3,5,subject_specific,documented_152
1,2,sub-01_ses-02_row-0230,3,44,0,svm,32,42,3,5,subject_specific,documented_152
1,2,sub-01_ses-02_row-0250,1,48,3,svm,32,42,3,5,subject_specific,documented_152
1,2,sub-01_ses-02_row-0262,3,50,3,svm,32,42,3,5,subject_specific,documented_152
1,2,sub-01_ses-02_row-0282,3,54,3,svm,32,42,3,5,subject_specific,documented_152
1,2,sub-01_ses-02_row-0287,0,55,1,svm,32,42,3,5,subject_specific,documented_152
1,2,sub-01_ses-02_row-0317,1,61,3,svm,32,42,3,5,subject_specific,documented_152
1,2,sub-01_ses-02_row-0339,2,65,1,svm,32,42,3,5,subject_specific,documented_152
1,2,sub-01_ses-02_row-0344,0,66,0,svm,32,42,3,5,subject_specific,documented_152
1,2,sub-01_ses-02_row-0379,0,73,3,svm,32,42,3,5,subject_specific,documented_152
1,2,sub-01_ses-02_row-0420,1,80,3,svm,32,42,3,5,subject_specific,documented_152
1,2,sub-01_ses-02_row-0465,0,89,3,svm,32,42,3,5,subject_specific,documented_152
1,2,sub-01_ses-02_row-0472,0,90,3,svm,32,42,3,5,subject_specific,documented_152
1,2,sub-01_ses-02_row-0497,2,95,1,svm,32,42,3,5,subject_specific,documented_152
1,2,sub-01_ses-02_row-0512,1,98,3,svm,32,42,3,5,subject_specific,documented_152
1,2,sub-01_ses-02_row-0517,2,99,1,svm,32,42,3,5,subject_specific,documented_152
1,2,sub-01_ses-02_row-0532,3,102,2,svm,32,42,3,5,subject_specific,documented_152
1,2,sub-01_ses-02_row-0584,1,112,0,svm,32,42,3,5,subject_specific,documented_152
1,3,sub-01_ses-03_row-0115,2,21,0,svm,32,42,3,5,subject_specific,documented_152
1,3,sub-01_ses-03_row-0125,2,23,0,svm,32,42,3,5,subject_specific,documented_152
1,3,sub-01_ses-03_row-0130,0,24,3,svm,32,42,3,5,subject_specific,documented_152
1,3,sub-01_ses-03_row-0140,1,26,3,svm,32,42,3,5,subject_specific,documented_152
1,3,sub-01_ses-03_row-0177,1,33,3,svm,32,42,3,5,subject_specific,documented_152
1,3,sub-01_ses-03_row-0216,3,40,0,svm,32,42,3,5,subject_specific,documented_152
1,3,sub-01_ses-03_row-0261,2,49,3,svm,32,42,3,5,subject_specific,documented_152
1,3,sub-01_ses-03_row-0283,3,53,1,svm,32,42,3,5,subject_specific,documented_152
1,3,sub-01_ses-03_row-0303,1,57,3,svm,32,42,3,5,subject_specific,documented_152
1,1,sub-01_ses-01_row-0215,1,41,1,svm,32,42,4,5,subject_specific,documented_152
1,1,sub-01_ses-01_row-0225,3,43,2,svm,32,42,4,5,subject_specific,documented_152
1,1,sub-01_ses-01_row-0259,1,49,1,svm,32,42,4,5,subject_specific,documented_152
1,1,sub-01_ses-01_row-0276,3,52,1,svm,32,42,4,5,subject_specific,documented_152
1,1,sub-01_ses-01_row-0364,1,68,0,svm,32,42,4,5,subject_specific,documented_152
1,1,sub-01_ses-01_row-0446,2,82,1,svm,32,42,4,5,subject_specific,documented_152
1,1,sub-01_ses-01_row-0470,3,86,3,svm,32,42,4,5,subject_specific,documented_152
1,1,sub-01_ses-01_row-0492,3,90,1,svm,32,42,4,5,subject_specific,documented_152
1,1,sub-01_ses-01_row-0509,1,93,2,svm,32,42,4,5,subject_specific,documented_152
1,1,sub-01_ses-01_row-0580,3,106,2,svm,32,42,4,5,subject_specific,documented_152
1,1,sub-01_ses-01_row-0587,0,107,3,svm,32,42,4,5,subject_specific,documented_152
1,1,sub-01_ses-01_row-0614,0,112,1,svm,32,42,4,5,subject_specific,documented_152
1,1,sub-01_ses-01_row-0648,3,118,3,svm,32,42,4,5,subject_specific,documented_152
1,1,sub-01_ses-01_row-0653,2,119,1,svm,32,42,4,5,subject_specific,documented_152
1,2,sub-01_ses-02_row-0255,1,49,1,svm,32,42,4,5,subject_specific,documented_152
1,2,sub-01_ses-02_row-0267,1,51,2,svm,32,42,4,5,subject_specific,documented_152
1,2,sub-01_ses-02_row-0277,0,53,3,svm,32,42,4,5,subject_specific,documented_152
1,2,sub-01_ses-02_row-0297,0,57,0,svm,32,42,4,5,subject_specific,documented_152
1,2,sub-01_ses-02_row-0302,2,58,2,svm,32,42,4,5,subject_specific,documented_152
1,2,sub-01_ses-02_row-0327,2,63,2,svm,32,42,4,5,subject_specific,documented_152
1,2,sub-01_ses-02_row-0332,1,64,0,svm,32,42,4,5,subject_specific,documented_152
1,2,sub-01_ses-02_row-0354,2,68,3,svm,32,42,4,5,subject_specific,documented_152
1,2,sub-01_ses-02_row-0364,2,70,2,svm,32,42,4,5,subject_specific,documented_152
1,2,sub-01_ses-02_row-0399,3,77,1,svm,32,42,4,5,subject_specific,documented_152
1,2,sub-01_ses-02_row-0404,0,78,2,svm,32,42,4,5,subject_specific,documented_152
1,2,sub-01_ses-02_row-0411,0,79,0,svm,32,42,4,5,subject_specific,documented_152
1,2,sub-01_ses-02_row-0435,1,83,2,svm,32,42,4,5,subject_specific,documented_152
1,2,sub-01_ses-02_row-0487,0,93,1,svm,32,42,4,5,subject_specific,documented_152
1,2,sub-01_ses-02_row-0502,2,96,3,svm,32,42,4,5,subject_specific,documented_152
1,2,sub-01_ses-02_row-0537,3,103,1,svm,32,42,4,5,subject_specific,documented_152
1,2,sub-01_ses-02_row-0574,2,110,1,svm,32,42,4,5,subject_specific,documented_152
1,2,sub-01_ses-02_row-0579,1,111,3,svm,32,42,4,5,subject_specific,documented_152
1,2,sub-01_ses-02_row-0604,3,116,1,svm,32,42,4,5,subject_specific,documented_152
1,3,sub-01_ses-03_row-0165,2,31,0,svm,32,42,4,5,subject_specific,documented_152
1,3,sub-01_ses-03_row-0172,0,32,1,svm,32,42,4,5,subject_specific,documented_152
1,3,sub-01_ses-03_row-0182,3,34,2,svm,32,42,4,5,subject_specific,documented_152
1,3,sub-01_ses-03_row-0221,0,41,3,svm,32,42,4,5,subject_specific,documented_152
1,3,sub-01_ses-03_row-0256,2,48,1,svm,32,42,4,5,subject_specific,documented_152
1,3,sub-01_ses-03_row-0266,0,50,0,svm,32,42,4,5,subject_specific,documented_152
1,3,sub-01_ses-03_row-0313,1,59,1,svm,32,42,4,5,subject_specific,documented_152
1,1,sub-01_ses-01_row-0242,2,46,3,svm,32,42,5,5,subject_specific,documented_152
1,1,sub-01_ses-01_row-0247,3,47,0,svm,32,42,5,5,subject_specific,documented_152
1,1,sub-01_ses-01_row-0254,3,48,0,svm,32,42,5,5,subject_specific,documented_152
1,1,sub-01_ses-01_row-0264,0,50,1,svm,32,42,5,5,subject_specific,documented_152
1,1,sub-01_ses-01_row-0271,1,51,1,svm,32,42,5,5,subject_specific,documented_152
1,1,sub-01_ses-01_row-0308,0,58,0,svm,32,42,5,5,subject_specific,documented_152
1,1,sub-01_ses-01_row-0315,3,59,0,svm,32,42,5,5,subject_specific,documented_152
1,1,sub-01_ses-01_row-0320,1,60,2,svm,32,42,5,5,subject_specific,documented_152
1,1,sub-01_ses-01_row-0347,2,65,2,svm,32,42,5,5,subject_specific,documented_152
1,1,sub-01_ses-01_row-0487,3,89,3,svm,32,42,5,5,subject_specific,documented_152
1,1,sub-01_ses-01_row-0497,0,91,3,svm,32,42,5,5,subject_specific,documented_152
1,1,sub-01_ses-01_row-0536,1,98,2,svm,32,42,5,5,subject_specific,documented_152
1,1,sub-01_ses-01_row-0553,1,101,3,svm,32,42,5,5,subject_specific,documented_152
1,1,sub-01_ses-01_row-0558,1,102,0,svm,32,42,5,5,subject_specific,documented_152
1,1,sub-01_ses-01_row-0570,2,104,0,svm,32,42,5,5,subject_specific,documented_152
1,1,sub-01_ses-01_row-0592,2,108,3,svm,32,42,5,5,subject_specific,documented_152
1,1,sub-01_ses-01_row-0626,0,114,0,svm,32,42,5,5,subject_specific,documented_152
1,2,sub-01_ses-02_row-0220,2,42,0,svm,32,42,5,5,subject_specific,documented_152
1,2,sub-01_ses-02_row-0272,2,52,2,svm,32,42,5,5,subject_specific,documented_152
1,2,sub-01_ses-02_row-0312,1,60,1,svm,32,42,5,5,subject_specific,documented_152
1,2,sub-01_ses-02_row-0322,3,62,0,svm,32,42,5,5,subject_specific,documented_152
1,2,sub-01_ses-02_row-0374,3,72,0,svm,32,42,5,5,subject_specific,documented_152
1,2,sub-01_ses-02_row-0384,3,74,1,svm,32,42,5,5,subject_specific,documented_152
1,2,sub-01_ses-02_row-0445,3,85,3,svm,32,42,5,5,subject_specific,documented_152
1,2,sub-01_ses-02_row-0450,2,86,1,svm,32,42,5,5,subject_specific,documented_152
1,2,sub-01_ses-02_row-0455,2,87,0,svm,32,42,5,5,subject_specific,documented_152
1,2,sub-01_ses-02_row-0460,0,88,0,svm,32,42,5,5,subject_specific,documented_152
1,2,sub-01_ses-02_row-0477,0,91,0,svm,32,42,5,5,subject_specific,documented_152
1,2,sub-01_ses-02_row-0554,0,106,3,svm,32,42,5,5,subject_specific,documented_152
1,2,sub-01_ses-02_row-0564,3,108,3,svm,32,42,5,5,subject_specific,documented_152
1,2,sub-01_ses-02_row-0569,1,109,3,svm,32,42,5,5,subject_specific,documented_152
1,2,sub-01_ses-02_row-0599,2,115,1,svm,32,42,5,5,subject_specific,documented_152
1,2,sub-01_ses-02_row-0616,1,118,0,svm,32,42,5,5,subject_specific,documented_152
1,3,sub-01_ses-03_row-0135,0,25,0,svm,32,42,5,5,subject_specific,documented_152
1,3,sub-01_ses-03_row-0160,1,30,2,svm,32,42,5,5,subject_specific,documented_152
1,3,sub-01_ses-03_row-0192,3,36,3,svm,32,42,5,5,subject_specific,documented_152
1,3,sub-01_ses-03_row-0202,0,38,0,svm,32,42,5,5,subject_specific,documented_152
1,3,sub-01_ses-03_row-0246,0,46,2,svm,32,42,5,5,subject_specific,documented_152
1,3,sub-01_ses-03_row-0251,1,47,2,svm,32,42,5,5,subject_specific,documented_152
1,3,sub-01_ses-03_row-0298,2,56,3,svm,32,42,5,5,subject_specific,documented_152
1,1,sub-01_ses-01_row-0232,3,44,0,svm,16,42,1,5,subject_specific,documented_152
1,1,sub-01_ses-01_row-0237,0,45,0,svm,16,42,1,5,subject_specific,documented_152
1,1,sub-01_ses-01_row-0298,0,56,1,svm,16,42,1,5,subject_specific,documented_152
1,1,sub-01_ses-01_row-0376,2,70,0,svm,16,42,1,5,subject_specific,documented_152
1,1,sub-01_ses-01_row-0398,3,74,1,svm,16,42,1,5,subject_specific,documented_152
1,1,sub-01_ses-01_row-0403,0,75,1,svm,16,42,1,5,subject_specific,documented_152
1,1,sub-01_ses-01_row-0463,1,85,3,svm,16,42,1,5,subject_specific,documented_152
1,1,sub-01_ses-01_row-0475,0,87,2,svm,16,42,1,5,subject_specific,documented_152
1,1,sub-01_ses-01_row-0514,1,94,0,svm,16,42,1,5,subject_specific,documented_152
1,1,sub-01_ses-01_row-0519,1,95,3,svm,16,42,1,5,subject_specific,documented_152
1,1,sub-01_ses-01_row-0531,1,97,2,svm,16,42,1,5,subject_specific,documented_152
1,1,sub-01_ses-01_row-0541,2,99,3,svm,16,42,1,5,subject_specific,documented_152
1,1,sub-01_ses-01_row-0548,3,100,3,svm,16,42,1,5,subject_specific,documented_152
1,1,sub-01_ses-01_row-0604,2,110,3,svm,16,42,1,5,subject_specific,documented_152
1,1,sub-01_ses-01_row-0638,2,116,3,svm,16,42,1,5,subject_specific,documented_152
1,2,sub-01_ses-02_row-0210,1,40,2,svm,16,42,1,5,subject_specific,documented_152
1,2,sub-01_ses-02_row-0225,2,43,0,svm,16,42,1,5,subject_specific,documented_152
1,2,sub-01_ses-02_row-0245,2,47,1,svm,16,42,1,5,subject_specific,documented_152
1,2,sub-01_ses-02_row-0292,0,56,0,svm,16,42,1,5,subject_specific,documented_152
1,2,sub-01_ses-02_row-0307,1,59,1,svm,16,42,1,5,subject_specific,documented_152
1,2,sub-01_ses-02_row-0349,1,67,1,svm,16,42,1,5,subject_specific,documented_152
1,2,sub-01_ses-02_row-0389,3,75,1,svm,16,42,1,5,subject_specific,documented_152
1,2,sub-01_ses-02_row-0394,2,76,2,svm,16,42,1,5,subject_specific,documented_152
1,2,sub-01_ses-02_row-0440,0,84,1,svm,16,42,1,5,subject_specific,documented_152
1,2,sub-01_ses-02_row-0492,1,94,3,svm,16,42,1,5,subject_specific,documented_152
1,2,sub-01_ses-02_row-0522,1,100,2,svm,16,42,1,5,subject_specific,documented_152
1,2,sub-01_ses-02_row-0549,3,105,1,svm,16,42,1,5,subject_specific,documented_152
1,2,sub-01_ses-02_row-0559,0,107,3,svm,16,42,1,5,subject_specific,documented_152
1,2,sub-01_ses-02_row-0589,0,113,2,svm,16,42,1,5,subject_specific,documented_152
1,2,sub-01_ses-02_row-0594,3,114,2,svm,16,42,1,5,subject_specific,documented_152
1,2,sub-01_ses-02_row-0621,2,119,2,svm,16,42,1,5,subject_specific,documented_152
1,3,sub-01_ses-03_row-0110,2,20,3,svm,16,42,1,5,subject_specific,documented_152
1,3,sub-01_ses-03_row-0155,2,29,0,svm,16,42,1,5,subject_specific,documented_152
1,3,sub-01_ses-03_row-0187,3,35,3,svm,16,42,1,5,subject_specific,documented_152
1,3,sub-01_ses-03_row-0197,3,37,2,svm,16,42,1,5,subject_specific,documented_152
1,3,sub-01_ses-03_row-0207,0,39,0,svm,16,42,1,5,subject_specific,documented_152
1,3,sub-01_ses-03_row-0231,1,43,1,svm,16,42,1,5,subject_specific,documented_152
1,3,sub-01_ses-03_row-0241,3,45,2,svm,16,42,1,5,subject_specific,documented_152
1,3,sub-01_ses-03_row-0271,0,51,0,svm,16,42,1,5,subject_specific,documented_152
1,3,sub-01_ses-03_row-0293,3,55,2,svm,16,42,1,5,subject_specific,documented_152
1,1,sub-01_ses-01_row-0210,1,40,3,svm,16,42,2,5,subject_specific,documented_152
1,1,sub-01_ses-01_row-0286,1,54,1,svm,16,42,2,5,subject_specific,documented_152
1,1,sub-01_ses-01_row-0293,2,55,1,svm,16,42,2,5,subject_specific,documented_152
1,1,sub-01_ses-01_row-0342,3,64,0,svm,16,42,2,5,subject_specific,documented_152
1,1,sub-01_ses-01_row-0354,2,66,1,svm,16,42,2,5,subject_specific,documented_152
1,1,sub-01_ses-01_row-0369,2,69,0,svm,16,42,2,5,subject_specific,documented_152
1,1,sub-01_ses-01_row-0381,0,71,0,svm,16,42,2,5,subject_specific,documented_152
1,1,sub-01_ses-01_row-0386,1,72,1,svm,16,42,2,5,subject_specific,documented_152
1,1,sub-01_ses-01_row-0391,2,73,0,svm,16,42,2,5,subject_specific,documented_152
1,1,sub-01_ses-01_row-0415,0,77,0,svm,16,42,2,5,subject_specific,documented_152
1,1,sub-01_ses-01_row-0420,0,78,0,svm,16,42,2,5,subject_specific,documented_152
1,1,sub-01_ses-01_row-0436,3,80,3,svm,16,42,2,5,subject_specific,documented_152
1,1,sub-01_ses-01_row-0441,0,81,3,svm,16,42,2,5,subject_specific,documented_152
1,1,sub-01_ses-01_row-0453,0,83,1,svm,16,42,2,5,subject_specific,documented_152
1,1,sub-01_ses-01_row-0458,1,84,3,svm,16,42,2,5,subject_specific,documented_152
1,1,sub-01_ses-01_row-0480,2,88,2,svm,16,42,2,5,subject_specific,documented_152
1,1,sub-01_ses-01_row-0502,2,92,0,svm,16,42,2,5,subject_specific,documented_152
1,1,sub-01_ses-01_row-0563,0,103,3,svm,16,42,2,5,subject_specific,documented_152
1,1,sub-01_ses-01_row-0631,1,115,0,svm,16,42,2,5,subject_specific,documented_152
1,1,sub-01_ses-01_row-0643,3,117,2,svm,16,42,2,5,subject_specific,documented_152
1,2,sub-01_ses-02_row-0215,1,41,1,svm,16,42,2,5,subject_specific,documented_152
1,2,sub-01_ses-02_row-0235,0,45,1,svm,16,42,2,5,subject_specific,documented_152
1,2,sub-01_ses-02_row-0240,0,46,1,svm,16,42,2,5,subject_specific,documented_152
1,2,sub-01_ses-02_row-0359,3,69,1,svm,16,42,2,5,subject_specific,documented_152
1,2,sub-01_ses-02_row-0369,3,71,0,svm,16,42,2,5,subject_specific,documented_152
1,2,sub-01_ses-02_row-0425,1,81,1,svm,16,42,2,5,subject_specific,documented_152
1,2,sub-01_ses-02_row-0430,3,82,1,svm,16,42,2,5,subject_specific,documented_152
1,2,sub-01_ses-02_row-0482,3,92,0,svm,16,42,2,5,subject_specific,documented_152
1,2,sub-01_ses-02_row-0507,2,97,3,svm,16,42,2,5,subject_specific,documented_152
1,2,sub-01_ses-02_row-0527,2,101,3,svm,16,42,2,5,subject_specific,documented_152
1,2,sub-01_ses-02_row-0542,0,104,2,svm,16,42,2,5,subject_specific,documented_152
1,2,sub-01_ses-02_row-0609,3,117,1,svm,16,42,2,5,subject_specific,documented_152
1,3,sub-01_ses-03_row-0120,1,22,0,svm,16,42,2,5,subject_specific,documented_152
1,3,sub-01_ses-03_row-0145,1,27,0,svm,16,42,2,5,subject_specific,documented_152
1,3,sub-01_ses-03_row-0150,3,28,0,svm,16,42,2,5,subject_specific,documented_152
1,3,sub-01_ses-03_row-0226,2,42,2,svm,16,42,2,5,subject_specific,documented_152
1,3,sub-01_ses-03_row-0236,3,44,0,svm,16,42,2,5,subject_specific,documented_152
1,3,sub-01_ses-03_row-0276,1,52,0,svm,16,42,2,5,subject_specific,documented_152
1,3,sub-01_ses-03_row-0288,0,54,1,svm,16,42,2,5,subject_specific,documented_152
1,3,sub-01_ses-03_row-0308,2,58,0,svm,16,42,2,5,subject_specific,documented_152
1,1,sub-01_ses-01_row-0220,3,42,1,svm,16,42,3,5,subject_specific,documented_152
1,1,sub-01_ses-01_row-0281,3,53,2,svm,16,42,3,5,subject_specific,documented_152
1,1,sub-01_ses-01_row-0303,2,57,1,svm,16,42,3,5,subject_specific,documented_152
1,1,sub-01_ses-01_row-0325,0,61,2,svm,16,42,3,5,subject_specific,documented_152
1,1,sub-01_ses-01_row-0330,1,62,0,svm,16,42,3,5,subject_specific,documented_152
1,1,sub-01_ses-01_row-0337,1,63,2,svm,16,42,3,5,subject_specific,documented_152
1,1,sub-01_ses-01_row-0359,0,67,2,svm,16,42,3,5,subject_specific,documented_152
1,1,sub-01_ses-01_row-0408,2,76,2,svm,16,42,3,5,subject_specific,documented_152
1,1,sub-01_ses-01_row-0425,2,79,1,svm,16,42,3,5,subject_specific,documented_152
1,1,sub-01_ses-01_row-0526,3,96,3,svm,16,42,3,5,subject_specific,documented_152
1,1,sub-01_ses-01_row-0575,3,105,1,svm,16,42,3,5,subject_specific,documented_152
1,1,sub-01_ses-01_row-0597,0,109,1,svm,16,42,3,5,subject_specific,documented_152
1,1,sub-01_ses-01_row-0609,2,111,3,svm,16,42,3,5,subject_specific,documented_152
1,1,sub-01_ses-01_row-0621,0,113,2,svm,16,42,3,5,subject_specific,documented_152
1,2,sub-01_ses-02_row-0230,3,44,0,svm,16,42,3,5,subject_specific,documented_152
1,2,sub-01_ses-02_row-0250,1,48,3,svm,16,42,3,5,subject_specific,documented_152
1,2,sub-01_ses-02_row-0262,3,50,1,svm,16,42,3,5,subject_specific,documented_152
1,2,sub-01_ses-02_row-0282,3,54,0,svm,16,42,3,5,subject_specific,documented_152
1,2,sub-01_ses-02_row-0287,0,55,1,svm,16,42,3,5,subject_specific,documented_152
1,2,sub-01_ses-02_row-0317,1,61,3,svm,16,42,3,5,subject_specific,documented_152
1,2,sub-01_ses-02_row-0339,2,65,1,svm,16,42,3,5,subject_specific,documented_152
1,2,sub-01_ses-02_row-0344,0,66,0,svm,16,42,3,5,subject_specific,documented_152
1,2,sub-01_ses-02_row-0379,0,73,3,svm,16,42,3,5,subject_specific,documented_152
1,2,sub-01_ses-02_row-0420,1,80,3,svm,16,42,3,5,subject_specific,documented_152
1,2,sub-01_ses-02_row-0465,0,89,3,svm,16,42,3,5,subject_specific,documented_152
1,2,sub-01_ses-02_row-0472,0,90,3,svm,16,42,3,5,subject_specific,documented_152
1,2,sub-01_ses-02_row-0497,2,95,3,svm,16,42,3,5,subject_specific,documented_152
1,2,sub-01_ses-02_row-0512,1,98,3,svm,16,42,3,5,subject_specific,documented_152
1,2,sub-01_ses-02_row-0517,2,99,1,svm,16,42,3,5,subject_specific,documented_152
1,2,sub-01_ses-02_row-0532,3,102,1,svm,16,42,3,5,subject_specific,documented_152
1,2,sub-01_ses-02_row-0584,1,112,0,svm,16,42,3,5,subject_specific,documented_152
1,3,sub-01_ses-03_row-0115,2,21,3,svm,16,42,3,5,subject_specific,documented_152
1,3,sub-01_ses-03_row-0125,2,23,0,svm,16,42,3,5,subject_specific,documented_152
1,3,sub-01_ses-03_row-0130,0,24,3,svm,16,42,3,5,subject_specific,documented_152
1,3,sub-01_ses-03_row-0140,1,26,3,svm,16,42,3,5,subject_specific,documented_152
1,3,sub-01_ses-03_row-0177,1,33,3,svm,16,42,3,5,subject_specific,documented_152
1,3,sub-01_ses-03_row-0216,3,40,0,svm,16,42,3,5,subject_specific,documented_152
1,3,sub-01_ses-03_row-0261,2,49,3,svm,16,42,3,5,subject_specific,documented_152
1,3,sub-01_ses-03_row-0283,3,53,1,svm,16,42,3,5,subject_specific,documented_152
1,3,sub-01_ses-03_row-0303,1,57,3,svm,16,42,3,5,subject_specific,documented_152
1,1,sub-01_ses-01_row-0215,1,41,1,svm,16,42,4,5,subject_specific,documented_152
1,1,sub-01_ses-01_row-0225,3,43,1,svm,16,42,4,5,subject_specific,documented_152
1,1,sub-01_ses-01_row-0259,1,49,2,svm,16,42,4,5,subject_specific,documented_152
1,1,sub-01_ses-01_row-0276,3,52,1,svm,16,42,4,5,subject_specific,documented_152
1,1,sub-01_ses-01_row-0364,1,68,0,svm,16,42,4,5,subject_specific,documented_152
1,1,sub-01_ses-01_row-0446,2,82,3,svm,16,42,4,5,subject_specific,documented_152
1,1,sub-01_ses-01_row-0470,3,86,3,svm,16,42,4,5,subject_specific,documented_152
1,1,sub-01_ses-01_row-0492,3,90,2,svm,16,42,4,5,subject_specific,documented_152
1,1,sub-01_ses-01_row-0509,1,93,0,svm,16,42,4,5,subject_specific,documented_152
1,1,sub-01_ses-01_row-0580,3,106,0,svm,16,42,4,5,subject_specific,documented_152
1,1,sub-01_ses-01_row-0587,0,107,2,svm,16,42,4,5,subject_specific,documented_152
1,1,sub-01_ses-01_row-0614,0,112,1,svm,16,42,4,5,subject_specific,documented_152
1,1,sub-01_ses-01_row-0648,3,118,2,svm,16,42,4,5,subject_specific,documented_152
1,1,sub-01_ses-01_row-0653,2,119,1,svm,16,42,4,5,subject_specific,documented_152
1,2,sub-01_ses-02_row-0255,1,49,3,svm,16,42,4,5,subject_specific,documented_152
1,2,sub-01_ses-02_row-0267,1,51,2,svm,16,42,4,5,subject_specific,documented_152
1,2,sub-01_ses-02_row-0277,0,53,3,svm,16,42,4,5,subject_specific,documented_152
1,2,sub-01_ses-02_row-0297,0,57,0,svm,16,42,4,5,subject_specific,documented_152
1,2,sub-01_ses-02_row-0302,2,58,3,svm,16,42,4,5,subject_specific,documented_152
1,2,sub-01_ses-02_row-0327,2,63,3,svm,16,42,4,5,subject_specific,documented_152
1,2,sub-01_ses-02_row-0332,1,64,0,svm,16,42,4,5,subject_specific,documented_152
1,2,sub-01_ses-02_row-0354,2,68,3,svm,16,42,4,5,subject_specific,documented_152
1,2,sub-01_ses-02_row-0364,2,70,3,svm,16,42,4,5,subject_specific,documented_152
1,2,sub-01_ses-02_row-0399,3,77,1,svm,16,42,4,5,subject_specific,documented_152
1,2,sub-01_ses-02_row-0404,0,78,2,svm,16,42,4,5,subject_specific,documented_152
1,2,sub-01_ses-02_row-0411,0,79,0,svm,16,42,4,5,subject_specific,documented_152
1,2,sub-01_ses-02_row-0435,1,83,1,svm,16,42,4,5,subject_specific,documented_152
1,2,sub-01_ses-02_row-0487,0,93,3,svm,16,42,4,5,subject_specific,documented_152
1,2,sub-01_ses-02_row-0502,2,96,3,svm,16,42,4,5,subject_specific,documented_152
1,2,sub-01_ses-02_row-0537,3,103,1,svm,16,42,4,5,subject_specific,documented_152
1,2,sub-01_ses-02_row-0574,2,110,1,svm,16,42,4,5,subject_specific,documented_152
1,2,sub-01_ses-02_row-0579,1,111,3,svm,16,42,4,5,subject_specific,documented_152
1,2,sub-01_ses-02_row-0604,3,116,1,svm,16,42,4,5,subject_specific,documented_152
1,3,sub-01_ses-03_row-0165,2,31,0,svm,16,42,4,5,subject_specific,documented_152
1,3,sub-01_ses-03_row-0172,0,32,3,svm,16,42,4,5,subject_specific,documented_152
1,3,sub-01_ses-03_row-0182,3,34,2,svm,16,42,4,5,subject_specific,documented_152
1,3,sub-01_ses-03_row-0221,0,41,3,svm,16,42,4,5,subject_specific,documented_152
1,3,sub-01_ses-03_row-0256,2,48,3,svm,16,42,4,5,subject_specific,documented_152
1,3,sub-01_ses-03_row-0266,0,50,0,svm,16,42,4,5,subject_specific,documented_152
1,3,sub-01_ses-03_row-0313,1,59,1,svm,16,42,4,5,subject_specific,documented_152
1,1,sub-01_ses-01_row-0242,2,46,3,svm,16,42,5,5,subject_specific,documented_152
1,1,sub-01_ses-01_row-0247,3,47,1,svm,16,42,5,5,subject_specific,documented_152
1,1,sub-01_ses-01_row-0254,3,48,1,svm,16,42,5,5,subject_specific,documented_152
1,1,sub-01_ses-01_row-0264,0,50,1,svm,16,42,5,5,subject_specific,documented_152
1,1,sub-01_ses-01_row-0271,1,51,1,svm,16,42,5,5,subject_specific,documented_152
1,1,sub-01_ses-01_row-0308,0,58,0,svm,16,42,5,5,subject_specific,documented_152
1,1,sub-01_ses-01_row-0315,3,59,0,svm,16,42,5,5,subject_specific,documented_152
1,1,sub-01_ses-01_row-0320,1,60,2,svm,16,42,5,5,subject_specific,documented_152
1,1,sub-01_ses-01_row-0347,2,65,2,svm,16,42,5,5,subject_specific,documented_152
1,1,sub-01_ses-01_row-0487,3,89,3,svm,16,42,5,5,subject_specific,documented_152
1,1,sub-01_ses-01_row-0497,0,91,3,svm,16,42,5,5,subject_specific,documented_152
1,1,sub-01_ses-01_row-0536,1,98,0,svm,16,42,5,5,subject_specific,documented_152
1,1,sub-01_ses-01_row-0553,1,101,3,svm,16,42,5,5,subject_specific,documented_152
1,1,sub-01_ses-01_row-0558,1,102,2,svm,16,42,5,5,subject_specific,documented_152
1,1,sub-01_ses-01_row-0570,2,104,1,svm,16,42,5,5,subject_specific,documented_152
1,1,sub-01_ses-01_row-0592,2,108,1,svm,16,42,5,5,subject_specific,documented_152
1,1,sub-01_ses-01_row-0626,0,114,0,svm,16,42,5,5,subject_specific,documented_152
1,2,sub-01_ses-02_row-0220,2,42,0,svm,16,42,5,5,subject_specific,documented_152
1,2,sub-01_ses-02_row-0272,2,52,2,svm,16,42,5,5,subject_specific,documented_152
1,2,sub-01_ses-02_row-0312,1,60,1,svm,16,42,5,5,subject_specific,documented_152
1,2,sub-01_ses-02_row-0322,3,62,0,svm,16,42,5,5,subject_specific,documented_152
1,2,sub-01_ses-02_row-0374,3,72,0,svm,16,42,5,5,subject_specific,documented_152
1,2,sub-01_ses-02_row-0384,3,74,1,svm,16,42,5,5,subject_specific,documented_152
1,2,sub-01_ses-02_row-0445,3,85,3,svm,16,42,5,5,subject_specific,documented_152
1,2,sub-01_ses-02_row-0450,2,86,1,svm,16,42,5,5,subject_specific,documented_152
1,2,sub-01_ses-02_row-0455,2,87,0,svm,16,42,5,5,subject_specific,documented_152
1,2,sub-01_ses-02_row-0460,0,88,0,svm,16,42,5,5,subject_specific,documented_152
1,2,sub-01_ses-02_row-0477,0,91,0,svm,16,42,5,5,subject_specific,documented_152
1,2,sub-01_ses-02_row-0554,0,106,3,svm,16,42,5,5,subject_specific,documented_152
1,2,sub-01_ses-02_row-0564,3,108,1,svm,16,42,5,5,subject_specific,documented_152
1,2,sub-01_ses-02_row-0569,1,109,1,svm,16,42,5,5,subject_specific,documented_152
1,2,sub-01_ses-02_row-0599,2,115,3,svm,16,42,5,5,subject_specific,documented_152
1,2,sub-01_ses-02_row-0616,1,118,0,svm,16,42,5,5,subject_specific,documented_152
1,3,sub-01_ses-03_row-0135,0,25,0,svm,16,42,5,5,subject_specific,documented_152
1,3,sub-01_ses-03_row-0160,1,30,2,svm,16,42,5,5,subject_specific,documented_152
1,3,sub-01_ses-03_row-0192,3,36,3,svm,16,42,5,5,subject_specific,documented_152
1,3,sub-01_ses-03_row-0202,0,38,0,svm,16,42,5,5,subject_specific,documented_152
1,3,sub-01_ses-03_row-0246,0,46,2,svm,16,42,5,5,subject_specific,documented_152
1,3,sub-01_ses-03_row-0251,1,47,3,svm,16,42,5,5,subject_specific,documented_152
1,3,sub-01_ses-03_row-0298,2,56,3,svm,16,42,5,5,subject_specific,documented_152
2,1,sub-02_ses-01_row-0210,1,40,3,svm,128,42,1,5,subject_specific,documented_152
2,1,sub-02_ses-01_row-0215,1,41,3,svm,128,42,1,5,subject_specific,documented_152
2,1,sub-02_ses-01_row-0275,0,53,3,svm,128,42,1,5,subject_specific,documented_152
2,1,sub-02_ses-01_row-0384,2,74,2,svm,128,42,1,5,subject_specific,documented_152
2,1,sub-02_ses-01_row-0399,2,77,2,svm,128,42,1,5,subject_specific,documented_152
2,1,sub-02_ses-01_row-0423,3,81,2,svm,128,42,1,5,subject_specific,documented_152
2,1,sub-02_ses-01_row-0453,0,87,0,svm,128,42,1,5,subject_specific,documented_152
2,1,sub-02_ses-01_row-0463,0,89,3,svm,128,42,1,5,subject_specific,documented_152
2,1,sub-02_ses-01_row-0490,3,94,3,svm,128,42,1,5,subject_specific,documented_152
2,1,sub-02_ses-01_row-0500,2,96,3,svm,128,42,1,5,subject_specific,documented_152
2,1,sub-02_ses-01_row-0510,1,98,3,svm,128,42,1,5,subject_specific,documented_152
2,1,sub-02_ses-01_row-0557,0,107,2,svm,128,42,1,5,subject_specific,documented_152
2,1,sub-02_ses-01_row-0572,1,110,1,svm,128,42,1,5,subject_specific,documented_152
2,1,sub-02_ses-01_row-0592,1,114,2,svm,128,42,1,5,subject_specific,documented_152
2,1,sub-02_ses-01_row-0602,0,116,1,svm,128,42,1,5,subject_specific,documented_152
2,1,sub-02_ses-01_row-0617,1,119,0,svm,128,42,1,5,subject_specific,documented_152
2,2,sub-02_ses-02_row-0267,2,51,1,svm,128,42,1,5,subject_specific,documented_152
2,2,sub-02_ses-02_row-0272,0,52,1,svm,128,42,1,5,subject_specific,documented_152
2,2,sub-02_ses-02_row-0319,3,61,1,svm,128,42,1,5,subject_specific,documented_152
2,2,sub-02_ses-02_row-0376,2,72,1,svm,128,42,1,5,subject_specific,documented_152
2,2,sub-02_ses-02_row-0381,1,73,1,svm,128,42,1,5,subject_specific,documented_152
2,2,sub-02_ses-02_row-0401,3,77,1,svm,128,42,1,5,subject_specific,documented_152
2,2,sub-02_ses-02_row-0457,3,87,1,svm,128,42,1,5,subject_specific,documented_152
2,2,sub-02_ses-02_row-0489,3,93,2,svm,128,42,1,5,subject_specific,documented_152
2,2,sub-02_ses-02_row-0499,1,95,1,svm,128,42,1,5,subject_specific,documented_152
2,2,sub-02_ses-02_row-0536,2,102,1,svm,128,42,1,5,subject_specific,documented_152
2,2,sub-02_ses-02_row-0568,2,108,1,svm,128,42,1,5,subject_specific,documented_152
2,3,sub-02_ses-03_row-0210,3,40,1,svm,128,42,1,5,subject_specific,documented_152
2,3,sub-02_ses-03_row-0220,2,42,2,svm,128,42,1,5,subject_specific,documented_152
2,3,sub-02_ses-03_row-0230,3,44,3,svm,128,42,1,5,subject_specific,documented_152
2,3,sub-02_ses-03_row-0235,0,45,1,svm,128,42,1,5,subject_specific,documented_152
2,3,sub-02_ses-03_row-0240,3,46,0,svm,128,42,1,5,subject_specific,documented_152
2,3,sub-02_ses-03_row-0267,3,51,1,svm,128,42,1,5,subject_specific,documented_152
2,3,sub-02_ses-03_row-0277,1,53,1,svm,128,42,1,5,subject_specific,documented_152
2,3,sub-02_ses-03_row-0287,1,55,2,svm,128,42,1,5,subject_specific,documented_152
2,3,sub-02_ses-03_row-0361,0,69,2,svm,128,42,1,5,subject_specific,documented_152
2,3,sub-02_ses-03_row-0366,1,70,1,svm,128,42,1,5,subject_specific,documented_152
2,3,sub-02_ses-03_row-0391,0,75,3,svm,128,42,1,5,subject_specific,documented_152
2,3,sub-02_ses-03_row-0398,0,76,3,svm,128,42,1,5,subject_specific,documented_152
2,3,sub-02_ses-03_row-0408,3,78,3,svm,128,42,1,5,subject_specific,documented_152
2,3,sub-02_ses-03_row-0499,2,95,2,svm,128,42,1,5,subject_specific,documented_152
2,3,sub-02_ses-03_row-0511,2,97,2,svm,128,42,1,5,subject_specific,documented_152
2,3,sub-02_ses-03_row-0516,2,98,2,svm,128,42,1,5,subject_specific,documented_152
2,3,sub-02_ses-03_row-0521,2,99,0,svm,128,42,1,5,subject_specific,documented_152
2,3,sub-02_ses-03_row-0531,1,101,0,svm,128,42,1,5,subject_specific,documented_152
2,3,sub-02_ses-03_row-0556,3,106,0,svm,128,42,1,5,subject_specific,documented_152
2,3,sub-02_ses-03_row-0573,0,109,1,svm,128,42,1,5,subject_specific,documented_152
2,3,sub-02_ses-03_row-0620,0,118,2,svm,128,42,1,5,subject_specific,documented_152
2,1,sub-02_ses-01_row-0220,0,42,2,svm,128,42,2,5,subject_specific,documented_152
2,1,sub-02_ses-01_row-0235,2,45,0,svm,128,42,2,5,subject_specific,documented_152
2,1,sub-02_ses-01_row-0240,1,46,0,svm,128,42,2,5,subject_specific,documented_152
2,1,sub-02_ses-01_row-0260,3,50,0,svm,128,42,2,5,subject_specific,documented_152
2,1,sub-02_ses-01_row-0297,3,57,0,svm,128,42,2,5,subject_specific,documented_152
2,1,sub-02_ses-01_row-0327,2,63,2,svm,128,42,2,5,subject_specific,documented_152
2,1,sub-02_ses-01_row-0332,3,64,2,svm,128,42,2,5,subject_specific,documented_152
2,1,sub-02_ses-01_row-0359,3,69,3,svm,128,42,2,5,subject_specific,documented_152
2,1,sub-02_ses-01_row-0379,1,73,1,svm,128,42,2,5,subject_specific,documented_152
2,1,sub-02_ses-01_row-0468,2,90,1,svm,128,42,2,5,subject_specific,documented_152
2,1,sub-02_ses-01_row-0515,0,99,2,svm,128,42,2,5,subject_specific,documented_152
2,1,sub-02_ses-01_row-0540,1,104,2,svm,128,42,2,5,subject_specific,documented_152
2,1,sub-02_ses-01_row-0545,3,105,0,svm,128,42,2,5,subject_specific,documented_152
2,1,sub-02_ses-01_row-0562,0,108,1,svm,128,42,2,5,subject_specific,documented_152
2,1,sub-02_ses-01_row-0582,3,112,0,svm,128,42,2,5,subject_specific,documented_152
2,2,sub-02_ses-02_row-0220,3,42,0,svm,128,42,2,5,subject_specific,documented_152
2,2,sub-02_ses-02_row-0235,1,45,3,svm,128,42,2,5,subject_specific,documented_152
2,2,sub-02_ses-02_row-0282,2,54,1,svm,128,42,2,5,subject_specific,documented_152
2,2,sub-02_ses-02_row-0292,1,56,1,svm,128,42,2,5,subject_specific,documented_152
2,2,sub-02_ses-02_row-0309,2,59,1,svm,128,42,2,5,subject_specific,documented_152
2,2,sub-02_ses-02_row-0344,0,66,0,svm,128,42,2,5,subject_specific,documented_152
2,2,sub-02_ses-02_row-0349,3,67,1,svm,128,42,2,5,subject_specific,documented_152
2,2,sub-02_ses-02_row-0356,2,68,0,svm,128,42,2,5,subject_specific,documented_152
2,2,sub-02_ses-02_row-0371,2,71,1,svm,128,42,2,5,subject_specific,documented_152
2,2,sub-02_ses-02_row-0422,2,80,1,svm,128,42,2,5,subject_specific,documented_152
2,2,sub-02_ses-02_row-0442,1,84,1,svm,128,42,2,5,subject_specific,documented_152
2,2,sub-02_ses-02_row-0447,0,85,1,svm,128,42,2,5,subject_specific,documented_152
2,2,sub-02_ses-02_row-0469,0,89,2,svm,128,42,2,5,subject_specific,documented_152
2,2,sub-02_ses-02_row-0484,0,92,0,svm,128,42,2,5,subject_specific,documented_152
2,2,sub-02_ses-02_row-0494,0,94,0,svm,128,42,2,5,subject_specific,documented_152
2,2,sub-02_ses-02_row-0563,3,107,3,svm,128,42,2,5,subject_specific,documented_152
2,2,sub-02_ses-02_row-0578,0,110,3,svm,128,42,2,5,subject_specific,documented_152
2,2,sub-02_ses-02_row-0583,3,111,1,svm,128,42,2,5,subject_specific,documented_152
2,2,sub-02_ses-02_row-0610,2,116,0,svm,128,42,2,5,subject_specific,documented_152
2,3,sub-02_ses-03_row-0282,1,54,3,svm,128,42,2,5,subject_specific,documented_152
2,3,sub-02_ses-03_row-0292,0,56,0,svm,128,42,2,5,subject_specific,documented_152
2,3,sub-02_ses-03_row-0329,1,63,0,svm,128,42,2,5,subject_specific,documented_152
2,3,sub-02_ses-03_row-0334,3,64,2,svm,128,42,2,5,subject_specific,documented_152
2,3,sub-02_ses-03_row-0351,2,67,0,svm,128,42,2,5,subject_specific,documented_152
2,3,sub-02_ses-03_row-0413,2,79,2,svm,128,42,2,5,subject_specific,documented_152
2,3,sub-02_ses-03_row-0432,1,82,0,svm,128,42,2,5,subject_specific,documented_152
2,3,sub-02_ses-03_row-0447,2,85,3,svm,128,42,2,5,subject_specific,documented_152
2,3,sub-02_ses-03_row-0457,1,87,0,svm,128,42,2,5,subject_specific,documented_152
2,3,sub-02_ses-03_row-0484,0,92,2,svm,128,42,2,5,subject_specific,documented_152
2,3,sub-02_ses-03_row-0489,1,93,3,svm,128,42,2,5,subject_specific,documented_152
2,3,sub-02_ses-03_row-0536,0,102,2,svm,128,42,2,5,subject_specific,documented_152
2,3,sub-02_ses-03_row-0578,3,110,2,svm,128,42,2,5,subject_specific,documented_152
2,3,sub-02_ses-03_row-0583,1,111,3,svm,128,42,2,5,subject_specific,documented_152
2,1,sub-02_ses-01_row-0322,0,62,3,svm,128,42,3,5,subject_specific,documented_152
2,1,sub-02_ses-01_row-0337,0,65,3,svm,128,42,3,5,subject_specific,documented_152
2,1,sub-02_ses-01_row-0342,2,66,3,svm,128,42,3,5,subject_specific,documented_152
2,1,sub-02_ses-01_row-0354,0,68,1,svm,128,42,3,5,subject_specific,documented_152
2,1,sub-02_ses-01_row-0369,1,71,0,svm,128,42,3,5,subject_specific,documented_152
2,1,sub-02_ses-01_row-0394,3,76,1,svm,128,42,3,5,subject_specific,documented_152
2,1,sub-02_ses-01_row-0458,1,88,3,svm,128,42,3,5,subject_specific,documented_152
2,1,sub-02_ses-01_row-0473,3,91,0,svm,128,42,3,5,subject_specific,documented_152
2,1,sub-02_ses-01_row-0495,2,95,1,svm,128,42,3,5,subject_specific,documented_152
2,1,sub-02_ses-01_row-0505,2,97,1,svm,128,42,3,5,subject_specific,documented_152
2,1,sub-02_ses-01_row-0577,2,111,3,svm,128,42,3,5,subject_specific,documented_152
2,2,sub-02_ses-02_row-0210,0,40,1,svm,128,42,3,5,subject_specific,documented_152
2,2,sub-02_ses-02_row-0230,3,44,0,svm,128,42,3,5,subject_specific,documented_152
2,2,sub-02_ses-02_row-0240,1,46,1,svm,128,42,3,5,subject_specific,documented_152
2,2,sub-02_ses-02_row-0245,2,47,1,svm,128,42,3,5,subject_specific,documented_152
2,2,sub-02_ses-02_row-0262,3,50,3,svm,128,42,3,5,subject_specific,documented_152
2,2,sub-02_ses-02_row-0277,1,53,2,svm,128,42,3,5,subject_specific,documented_152
2,2,sub-02_ses-02_row-0297,3,57,2,svm,128,42,3,5,subject_specific,documented_152
2,2,sub-02_ses-02_row-0324,0,62,1,svm,128,42,3,5,subject_specific,documented_152
2,2,sub-02_ses-02_row-0339,1,65,0,svm,128,42,3,5,subject_specific,documented_152
2,2,sub-02_ses-02_row-0361,0,69,0,svm,128,42,3,5,subject_specific,documented_152
2,2,sub-02_ses-02_row-0408,1,78,0,svm,128,42,3,5,subject_specific,documented_152
2,2,sub-02_ses-02_row-0413,2,79,2,svm,128,42,3,5,subject_specific,documented_152
2,2,sub-02_ses-02_row-0437,1,83,0,svm,128,42,3,5,subject_specific,documented_152
2,2,sub-02_ses-02_row-0474,1,90,1,svm,128,42,3,5,subject_specific,documented_152
2,2,sub-02_ses-02_row-0504,1,96,2,svm,128,42,3,5,subject_specific,documented_152
2,2,sub-02_ses-02_row-0526,2,100,0,svm,128,42,3,5,subject_specific,documented_152
2,2,sub-02_ses-02_row-0531,3,101,0,svm,128,42,3,5,subject_specific,documented_152
2,2,sub-02_ses-02_row-0541,3,103,0,svm,128,42,3,5,subject_specific,documented_152
2,2,sub-02_ses-02_row-0598,0,114,2,svm,128,42,3,5,subject_specific,documented_152
2,2,sub-02_ses-02_row-0620,1,118,0,svm,128,42,3,5,subject_specific,documented_152
2,3,sub-02_ses-03_row-0245,0,47,1,svm,128,42,3,5,subject_specific,documented_152
2,3,sub-02_ses-03_row-0262,0,50,1,svm,128,42,3,5,subject_specific,documented_152
2,3,sub-02_ses-03_row-0304,2,58,0,svm,128,42,3,5,subject_specific,documented_152
2,3,sub-02_ses-03_row-0309,0,59,1,svm,128,42,3,5,subject_specific,documented_152
2,3,sub-02_ses-03_row-0324,1,62,1,svm,128,42,3,5,subject_specific,documented_152
2,3,sub-02_ses-03_row-0381,3,73,1,svm,128,42,3,5,subject_specific,documented_152
2,3,sub-02_ses-03_row-0386,2,74,1,svm,128,42,3,5,subject_specific,documented_152
2,3,sub-02_ses-03_row-0422,3,80,0,svm,128,42,3,5,subject_specific,documented_152
2,3,sub-02_ses-03_row-0462,3,88,0,svm,128,42,3,5,subject_specific,documented_152
2,3,sub-02_ses-03_row-0469,0,89,1,svm,128,42,3,5,subject_specific,documented_152
2,3,sub-02_ses-03_row-0474,2,90,0,svm,128,42,3,5,subject_specific,documented_152
2,3,sub-02_ses-03_row-0494,2,94,2,svm,128,42,3,5,subject_specific,documented_152
2,3,sub-02_ses-03_row-0526,2,100,2,svm,128,42,3,5,subject_specific,documented_152
2,3,sub-02_ses-03_row-0546,0,104,0,svm,128,42,3,5,subject_specific,documented_152
2,3,sub-02_ses-03_row-0563,3,107,1,svm,128,42,3,5,subject_specific,documented_152
2,3,sub-02_ses-03_row-0598,3,114,1,svm,128,42,3,5,subject_specific,documented_152
2,3,sub-02_ses-03_row-0610,1,116,0,svm,128,42,3,5,subject_specific,documented_152
2,1,sub-02_ses-01_row-0225,1,43,2,svm,128,42,4,5,subject_specific,documented_152
2,1,sub-02_ses-01_row-0230,1,44,2,svm,128,42,4,5,subject_specific,documented_152
2,1,sub-02_ses-01_row-0250,0,48,2,svm,128,42,4,5,subject_specific,documented_152
2,1,sub-02_ses-01_row-0255,0,49,1,svm,128,42,4,5,subject_specific,documented_152
2,1,sub-02_ses-01_row-0282,3,54,1,svm,128,42,4,5,subject_specific,documented_152
2,1,sub-02_ses-01_row-0292,0,56,0,svm,128,42,4,5,subject_specific,documented_152
2,1,sub-02_ses-01_row-0302,2,58,1,svm,128,42,4,5,subject_specific,documented_152
2,1,sub-02_ses-01_row-0349,3,67,0,svm,128,42,4,5,subject_specific,documented_152
2,1,sub-02_ses-01_row-0404,3,78,2,svm,128,42,4,5,subject_specific,documented_152
2,1,sub-02_ses-01_row-0409,3,79,0,svm,128,42,4,5,subject_specific,documented_152
2,1,sub-02_ses-01_row-0428,1,82,0,svm,128,42,4,5,subject_specific,documented_152
2,1,sub-02_ses-01_row-0433,2,83,2,svm,128,42,4,5,subject_specific,documented_152
2,1,sub-02_ses-01_row-0483,2,93,0,svm,128,42,4,5,subject_specific,documented_152
2,1,sub-02_ses-01_row-0520,3,100,0,svm,128,42,4,5,subject_specific,documented_152
2,1,sub-02_ses-01_row-0607,1,117,0,svm,128,42,4,5,subject_specific,documented_152
2,1,sub-02_ses-01_row-0612,3,118,1,svm,128,42,4,5,subject_specific,documented_152
2,2,sub-02_ses-02_row-0215,0,41,0,svm,128,42,4,5,subject_specific,documented_152
2,2,sub-02_ses-02_row-0225,1,43,1,svm,128,42,4,5,subject_specific,documented_152
2,2,sub-02_ses-02_row-0302,0,58,3,svm,128,42,4,5,subject_specific,documented_152
2,2,sub-02_ses-02_row-0334,0,64,1,svm,128,42,4,5,subject_specific,documented_152
2,2,sub-02_ses-02_row-0366,0,70,1,svm,128,42,4,5,subject_specific,documented_152
2,2,sub-02_ses-02_row-0391,3,75,2,svm,128,42,4,5,subject_specific,documented_152
2,2,sub-02_ses-02_row-0432,2,82,2,svm,128,42,4,5,subject_specific,documented_152
2,2,sub-02_ses-02_row-0452,2,86,3,svm,128,42,4,5,subject_specific,documented_152
2,2,sub-02_ses-02_row-0509,3,97,1,svm,128,42,4,5,subject_specific,documented_152
2,2,sub-02_ses-02_row-0516,0,98,0,svm,128,42,4,5,subject_specific,documented_152
2,2,sub-02_ses-02_row-0551,2,105,1,svm,128,42,4,5,subject_specific,documented_152
2,2,sub-02_ses-02_row-0558,1,106,1,svm,128,42,4,5,subject_specific,documented_152
2,2,sub-02_ses-02_row-0573,1,109,1,svm,128,42,4,5,subject_specific,documented_152
2,2,sub-02_ses-02_row-0593,3,113,3,svm,128,42,4,5,subject_specific,documented_152
2,3,sub-02_ses-03_row-0215,2,41,2,svm,128,42,4,5,subject_specific,documented_152
2,3,sub-02_ses-03_row-0272,1,52,3,svm,128,42,4,5,subject_specific,documented_152
2,3,sub-02_ses-03_row-0297,1,57,3,svm,128,42,4,5,subject_specific,documented_152
2,3,sub-02_ses-03_row-0314,3,60,2,svm,128,42,4,5,subject_specific,documented_152
2,3,sub-02_ses-03_row-0319,1,61,0,svm,128,42,4,5,subject_specific,documented_152
2,3,sub-02_ses-03_row-0356,0,68,0,svm,128,42,4,5,subject_specific,documented_152
2,3,sub-02_ses-03_row-0371,2,71,2,svm,128,42,4,5,subject_specific,documented_152
2,3,sub-02_ses-03_row-0376,2,72,2,svm,128,42,4,5,subject_specific,documented_152
2,3,sub-02_ses-03_row-0403,2,77,0,svm,128,42,4,5,subject_specific,documented_152
2,3,sub-02_ses-03_row-0427,3,81,3,svm,128,42,4,5,subject_specific,documented_152
2,3,sub-02_ses-03_row-0437,0,83,3,svm,128,42,4,5,subject_specific,documented_152
2,3,sub-02_ses-03_row-0452,2,86,0,svm,128,42,4,5,subject_specific,documented_152
2,3,sub-02_ses-03_row-0541,1,103,3,svm,128,42,4,5,subject_specific,documented_152
2,3,sub-02_ses-03_row-0551,0,105,0,svm,128,42,4,5,subject_specific,documented_152
2,3,sub-02_ses-03_row-0568,2,108,3,svm,128,42,4,5,subject_specific,documented_152
2,3,sub-02_ses-03_row-0593,3,113,2,svm,128,42,4,5,subject_specific,documented_152
2,3,sub-02_ses-03_row-0603,0,115,1,svm,128,42,4,5,subject_specific,documented_152
2,3,sub-02_ses-03_row-0625,1,119,1,svm,128,42,4,5,subject_specific,documented_152
2,1,sub-02_ses-01_row-0245,2,47,0,svm,128,42,5,5,subject_specific,documented_152
2,1,sub-02_ses-01_row-0265,0,51,1,svm,128,42,5,5,subject_specific,documented_152
2,1,sub-02_ses-01_row-0270,2,52,3,svm,128,42,5,5,subject_specific,documented_152
2,1,sub-02_ses-01_row-0287,2,55,0,svm,128,42,5,5,subject_specific,documented_152
2,1,sub-02_ses-01_row-0307,2,59,2,svm,128,42,5,5,subject_specific,documented_152
2,1,sub-02_ses-01_row-0312,3,60,3,svm,128,42,5,5,subject_specific,documented_152
2,1,sub-02_ses-01_row-0317,1,61,2,svm,128,42,5,5,subject_specific,documented_152
2,1,sub-02_ses-01_row-0364,0,70,3,svm,128,42,5,5,subject_specific,documented_152
2,1,sub-02_ses-01_row-0374,1,72,2,svm,128,42,5,5,subject_specific,documented_152
2,1,sub-02_ses-01_row-0389,1,75,0,svm,128,42,5,5,subject_specific,documented_152
2,1,sub-02_ses-01_row-0418,0,80,1,svm,128,42,5,5,subject_specific,documented_152
2,1,sub-02_ses-01_row-0438,2,84,2,svm,128,42,5,5,subject_specific,documented_152
2,1,sub-02_ses-01_row-0443,2,85,1,svm,128,42,5,5,subject_specific,documented_152
2,1,sub-02_ses-01_row-0448,1,86,1,svm,128,42,5,5,subject_specific,documented_152
2,1,sub-02_ses-01_row-0478,3,92,0,svm,128,42,5,5,subject_specific,documented_152
2,1,sub-02_ses-01_row-0525,0,101,1,svm,128,42,5,5,subject_specific,documented_152
2,1,sub-02_ses-01_row-0530,3,102,0,svm,128,42,5,5,subject_specific,documented_152
2,1,sub-02_ses-01_row-0535,1,103,3,svm,128,42,5,5,subject_specific,documented_152
2,1,sub-02_ses-01_row-0550,2,106,3,svm,128,42,5,5,subject_specific,documented_152
2,1,sub-02_ses-01_row-0567,0,109,1,svm,128,42,5,5,subject_specific,documented_152
2,1,sub-02_ses-01_row-0587,0,113,2,svm,128,42,5,5,subject_specific,documented_152
2,1,sub-02_ses-01_row-0597,3,115,0,svm,128,42,5,5,subject_specific,documented_152
2,2,sub-02_ses-02_row-0250,1,48,0,svm,128,42,5,5,subject_specific,documented_152
2,2,sub-02_ses-02_row-0257,3,49,0,svm,128,42,5,5,subject_specific,documented_152
2,2,sub-02_ses-02_row-0287,1,55,0,svm,128,42,5,5,subject_specific,documented_152
2,2,sub-02_ses-02_row-0314,3,60,2,svm,128,42,5,5,subject_specific,documented_152
2,2,sub-02_ses-02_row-0329,2,63,0,svm,128,42,5,5,subject_specific,documented_152
2,2,sub-02_ses-02_row-0386,0,74,3,svm,128,42,5,5,subject_specific,documented_152
2,2,sub-02_ses-02_row-0396,2,76,2,svm,128,42,5,5,subject_specific,documented_152
2,2,sub-02_ses-02_row-0427,2,81,0,svm,128,42,5,5,subject_specific,documented_152
2,2,sub-02_ses-02_row-0462,3,88,3,svm,128,42,5,5,subject_specific,documented_152
2,2,sub-02_ses-02_row-0479,1,91,0,svm,128,42,5,5,subject_specific,documented_152
2,2,sub-02_ses-02_row-0521,0,99,0,svm,128,42,5,5,subject_specific,documented_152
2,2,sub-02_ses-02_row-0546,1,104,3,svm,128,42,5,5,subject_specific,documented_152
2,2,sub-02_ses-02_row-0588,3,112,3,svm,128,42,5,5,subject_specific,documented_152
2,2,sub-02_ses-02_row-0605,0,115,0,svm,128,42,5,5,subject_specific,documented_152
2,2,sub-02_ses-02_row-0615,0,117,0,svm,128,42,5,5,subject_specific,documented_152
2,2,sub-02_ses-02_row-0625,2,119,1,svm,128,42,5,5,subject_specific,documented_152
2,3,sub-02_ses-03_row-0225,3,43,0,svm,128,42,5,5,subject_specific,documented_152
2,3,sub-02_ses-03_row-0250,3,48,0,svm,128,42,5,5,subject_specific,documented_152
2,3,sub-02_ses-03_row-0257,2,49,1,svm,128,42,5,5,subject_specific,documented_152
2,3,sub-02_ses-03_row-0339,1,65,1,svm,128,42,5,5,subject_specific,documented_152
2,3,sub-02_ses-03_row-0344,0,66,0,svm,128,42,5,5,subject_specific,documented_152
2,3,sub-02_ses-03_row-0442,0,84,1,svm,128,42,5,5,subject_specific,documented_152
2,3,sub-02_ses-03_row-0479,1,91,0,svm,128,42,5,5,subject_specific,documented_152
2,3,sub-02_ses-03_row-0504,3,96,0,svm,128,42,5,5,subject_specific,documented_152
2,3,sub-02_ses-03_row-0588,3,112,0,svm,128,42,5,5,subject_specific,documented_152
2,3,sub-02_ses-03_row-0615,1,117,3,svm,128,42,5,5,subject_specific,documented_152
2,1,sub-02_ses-01_row-0210,1,40,2,svm,64,42,1,5,subject_specific,documented_152
2,1,sub-02_ses-01_row-0215,1,41,2,svm,64,42,1,5,subject_specific,documented_152
2,1,sub-02_ses-01_row-0275,0,53,2,svm,64,42,1,5,subject_specific,documented_152
2,1,sub-02_ses-01_row-0384,2,74,2,svm,64,42,1,5,subject_specific,documented_152
2,1,sub-02_ses-01_row-0399,2,77,3,svm,64,42,1,5,subject_specific,documented_152
2,1,sub-02_ses-01_row-0423,3,81,2,svm,64,42,1,5,subject_specific,documented_152
2,1,sub-02_ses-01_row-0453,0,87,3,svm,64,42,1,5,subject_specific,documented_152
2,1,sub-02_ses-01_row-0463,0,89,3,svm,64,42,1,5,subject_specific,documented_152
2,1,sub-02_ses-01_row-0490,3,94,3,svm,64,42,1,5,subject_specific,documented_152
2,1,sub-02_ses-01_row-0500,2,96,3,svm,64,42,1,5,subject_specific,documented_152
2,1,sub-02_ses-01_row-0510,1,98,3,svm,64,42,1,5,subject_specific,documented_152
2,1,sub-02_ses-01_row-0557,0,107,3,svm,64,42,1,5,subject_specific,documented_152
2,1,sub-02_ses-01_row-0572,1,110,2,svm,64,42,1,5,subject_specific,documented_152
2,1,sub-02_ses-01_row-0592,1,114,2,svm,64,42,1,5,subject_specific,documented_152
2,1,sub-02_ses-01_row-0602,0,116,2,svm,64,42,1,5,subject_specific,documented_152
2,1,sub-02_ses-01_row-0617,1,119,3,svm,64,42,1,5,subject_specific,documented_152
2,2,sub-02_ses-02_row-0267,2,51,1,svm,64,42,1,5,subject_specific,documented_152
2,2,sub-02_ses-02_row-0272,0,52,1,svm,64,42,1,5,subject_specific,documented_152
2,2,sub-02_ses-02_row-0319,3,61,1,svm,64,42,1,5,subject_specific,documented_152
2,2,sub-02_ses-02_row-0376,2,72,1,svm,64,42,1,5,subject_specific,documented_152
2,2,sub-02_ses-02_row-0381,1,73,2,svm,64,42,1,5,subject_specific,documented_152
2,2,sub-02_ses-02_row-0401,3,77,0,svm,64,42,1,5,subject_specific,documented_152
2,2,sub-02_ses-02_row-0457,3,87,1,svm,64,42,1,5,subject_specific,documented_152
2,2,sub-02_ses-02_row-0489,3,93,2,svm,64,42,1,5,subject_specific,documented_152
2,2,sub-02_ses-02_row-0499,1,95,3,svm,64,42,1,5,subject_specific,documented_152
2,2,sub-02_ses-02_row-0536,2,102,2,svm,64,42,1,5,subject_specific,documented_152
2,2,sub-02_ses-02_row-0568,2,108,1,svm,64,42,1,5,subject_specific,documented_152
2,3,sub-02_ses-03_row-0210,3,40,1,svm,64,42,1,5,subject_specific,documented_152
2,3,sub-02_ses-03_row-0220,2,42,3,svm,64,42,1,5,subject_specific,documented_152
2,3,sub-02_ses-03_row-0230,3,44,3,svm,64,42,1,5,subject_specific,documented_152
2,3,sub-02_ses-03_row-0235,0,45,2,svm,64,42,1,5,subject_specific,documented_152
2,3,sub-02_ses-03_row-0240,3,46,2,svm,64,42,1,5,subject_specific,documented_152
2,3,sub-02_ses-03_row-0267,3,51,3,svm,64,42,1,5,subject_specific,documented_152
2,3,sub-02_ses-03_row-0277,1,53,1,svm,64,42,1,5,subject_specific,documented_152
2,3,sub-02_ses-03_row-0287,1,55,2,svm,64,42,1,5,subject_specific,documented_152
2,3,sub-02_ses-03_row-0361,0,69,2,svm,64,42,1,5,subject_specific,documented_152
2,3,sub-02_ses-03_row-0366,1,70,1,svm,64,42,1,5,subject_specific,documented_152
2,3,sub-02_ses-03_row-0391,0,75,3,svm,64,42,1,5,subject_specific,documented_152
2,3,sub-02_ses-03_row-0398,0,76,3,svm,64,42,1,5,subject_specific,documented_152
2,3,sub-02_ses-03_row-0408,3,78,1,svm,64,42,1,5,subject_specific,documented_152
2,3,sub-02_ses-03_row-0499,2,95,2,svm,64,42,1,5,subject_specific,documented_152
2,3,sub-02_ses-03_row-0511,2,97,2,svm,64,42,1,5,subject_specific,documented_152
2,3,sub-02_ses-03_row-0516,2,98,2,svm,64,42,1,5,subject_specific,documented_152
2,3,sub-02_ses-03_row-0521,2,99,0,svm,64,42,1,5,subject_specific,documented_152
2,3,sub-02_ses-03_row-0531,1,101,1,svm,64,42,1,5,subject_specific,documented_152
2,3,sub-02_ses-03_row-0556,3,106,1,svm,64,42,1,5,subject_specific,documented_152
2,3,sub-02_ses-03_row-0573,0,109,1,svm,64,42,1,5,subject_specific,documented_152
2,3,sub-02_ses-03_row-0620,0,118,1,svm,64,42,1,5,subject_specific,documented_152
2,1,sub-02_ses-01_row-0220,0,42,2,svm,64,42,2,5,subject_specific,documented_152
2,1,sub-02_ses-01_row-0235,2,45,0,svm,64,42,2,5,subject_specific,documented_152
2,1,sub-02_ses-01_row-0240,1,46,0,svm,64,42,2,5,subject_specific,documented_152
2,1,sub-02_ses-01_row-0260,3,50,0,svm,64,42,2,5,subject_specific,documented_152
2,1,sub-02_ses-01_row-0297,3,57,0,svm,64,42,2,5,subject_specific,documented_152
2,1,sub-02_ses-01_row-0327,2,63,2,svm,64,42,2,5,subject_specific,documented_152
2,1,sub-02_ses-01_row-0332,3,64,2,svm,64,42,2,5,subject_specific,documented_152
2,1,sub-02_ses-01_row-0359,3,69,1,svm,64,42,2,5,subject_specific,documented_152
2,1,sub-02_ses-01_row-0379,1,73,1,svm,64,42,2,5,subject_specific,documented_152
2,1,sub-02_ses-01_row-0468,2,90,0,svm,64,42,2,5,subject_specific,documented_152
2,1,sub-02_ses-01_row-0515,0,99,2,svm,64,42,2,5,subject_specific,documented_152
2,1,sub-02_ses-01_row-0540,1,104,2,svm,64,42,2,5,subject_specific,documented_152
2,1,sub-02_ses-01_row-0545,3,105,2,svm,64,42,2,5,subject_specific,documented_152
2,1,sub-02_ses-01_row-0562,0,108,1,svm,64,42,2,5,subject_specific,documented_152
2,1,sub-02_ses-01_row-0582,3,112,0,svm,64,42,2,5,subject_specific,documented_152
2,2,sub-02_ses-02_row-0220,3,42,0,svm,64,42,2,5,subject_specific,documented_152
2,2,sub-02_ses-02_row-0235,1,45,1,svm,64,42,2,5,subject_specific,documented_152
2,2,sub-02_ses-02_row-0282,2,54,1,svm,64,42,2,5,subject_specific,documented_152
2,2,sub-02_ses-02_row-0292,1,56,1,svm,64,42,2,5,subject_specific,documented_152
2,2,sub-02_ses-02_row-0309,2,59,1,svm,64,42,2,5,subject_specific,documented_152
2,2,sub-02_ses-02_row-0344,0,66,0,svm,64,42,2,5,subject_specific,documented_152
2,2,sub-02_ses-02_row-0349,3,67,1,svm,64,42,2,5,subject_specific,documented_152
2,2,sub-02_ses-02_row-0356,2,68,1,svm,64,42,2,5,subject_specific,documented_152
2,2,sub-02_ses-02_row-0371,2,71,1,svm,64,42,2,5,subject_specific,documented_152
2,2,sub-02_ses-02_row-0422,2,80,1,svm,64,42,2,5,subject_specific,documented_152
2,2,sub-02_ses-02_row-0442,1,84,1,svm,64,42,2,5,subject_specific,documented_152
2,2,sub-02_ses-02_row-0447,0,85,1,svm,64,42,2,5,subject_specific,documented_152
2,2,sub-02_ses-02_row-0469,0,89,3,svm,64,42,2,5,subject_specific,documented_152
2,2,sub-02_ses-02_row-0484,0,92,0,svm,64,42,2,5,subject_specific,documented_152
2,2,sub-02_ses-02_row-0494,0,94,0,svm,64,42,2,5,subject_specific,documented_152
2,2,sub-02_ses-02_row-0563,3,107,3,svm,64,42,2,5,subject_specific,documented_152
2,2,sub-02_ses-02_row-0578,0,110,0,svm,64,42,2,5,subject_specific,documented_152
2,2,sub-02_ses-02_row-0583,3,111,1,svm,64,42,2,5,subject_specific,documented_152
2,2,sub-02_ses-02_row-0610,2,116,0,svm,64,42,2,5,subject_specific,documented_152
2,3,sub-02_ses-03_row-0282,1,54,3,svm,64,42,2,5,subject_specific,documented_152
2,3,sub-02_ses-03_row-0292,0,56,3,svm,64,42,2,5,subject_specific,documented_152
2,3,sub-02_ses-03_row-0329,1,63,2,svm,64,42,2,5,subject_specific,documented_152
2,3,sub-02_ses-03_row-0334,3,64,2,svm,64,42,2,5,subject_specific,documented_152
2,3,sub-02_ses-03_row-0351,2,67,0,svm,64,42,2,5,subject_specific,documented_152
2,3,sub-02_ses-03_row-0413,2,79,2,svm,64,42,2,5,subject_specific,documented_152
2,3,sub-02_ses-03_row-0432,1,82,3,svm,64,42,2,5,subject_specific,documented_152
2,3,sub-02_ses-03_row-0447,2,85,3,svm,64,42,2,5,subject_specific,documented_152
2,3,sub-02_ses-03_row-0457,1,87,0,svm,64,42,2,5,subject_specific,documented_152
2,3,sub-02_ses-03_row-0484,0,92,2,svm,64,42,2,5,subject_specific,documented_152
2,3,sub-02_ses-03_row-0489,1,93,3,svm,64,42,2,5,subject_specific,documented_152
2,3,sub-02_ses-03_row-0536,0,102,2,svm,64,42,2,5,subject_specific,documented_152
2,3,sub-02_ses-03_row-0578,3,110,1,svm,64,42,2,5,subject_specific,documented_152
2,3,sub-02_ses-03_row-0583,1,111,0,svm,64,42,2,5,subject_specific,documented_152
2,1,sub-02_ses-01_row-0322,0,62,3,svm,64,42,3,5,subject_specific,documented_152
2,1,sub-02_ses-01_row-0337,0,65,2,svm,64,42,3,5,subject_specific,documented_152
2,1,sub-02_ses-01_row-0342,2,66,2,svm,64,42,3,5,subject_specific,documented_152
2,1,sub-02_ses-01_row-0354,0,68,0,svm,64,42,3,5,subject_specific,documented_152
2,1,sub-02_ses-01_row-0369,1,71,0,svm,64,42,3,5,subject_specific,documented_152
2,1,sub-02_ses-01_row-0394,3,76,1,svm,64,42,3,5,subject_specific,documented_152
2,1,sub-02_ses-01_row-0458,1,88,3,svm,64,42,3,5,subject_specific,documented_152
2,1,sub-02_ses-01_row-0473,3,91,0,svm,64,42,3,5,subject_specific,documented_152
2,1,sub-02_ses-01_row-0495,2,95,0,svm,64,42,3,5,subject_specific,documented_152
2,1,sub-02_ses-01_row-0505,2,97,1,svm,64,42,3,5,subject_specific,documented_152
2,1,sub-02_ses-01_row-0577,2,111,3,svm,64,42,3,5,subject_specific,documented_152
2,2,sub-02_ses-02_row-0210,0,40,1,svm,64,42,3,5,subject_specific,documented_152
2,2,sub-02_ses-02_row-0230,3,44,1,svm,64,42,3,5,subject_specific,documented_152
2,2,sub-02_ses-02_row-0240,1,46,3,svm,64,42,3,5,subject_specific,documented_152
2,2,sub-02_ses-02_row-0245,2,47,0,svm,64,42,3,5,subject_specific,documented_152
2,2,sub-02_ses-02_row-0262,3,50,2,svm,64,42,3,5,subject_specific,documented_152
2,2,sub-02_ses-02_row-0277,1,53,2,svm,64,42,3,5,subject_specific,documented_152
2,2,sub-02_ses-02_row-0297,3,57,2,svm,64,42,3,5,subject_specific,documented_152
2,2,sub-02_ses-02_row-0324,0,62,3,svm,64,42,3,5,subject_specific,documented_152
2,2,sub-02_ses-02_row-0339,1,65,0,svm,64,42,3,5,subject_specific,documented_152
2,2,sub-02_ses-02_row-0361,0,69,0,svm,64,42,3,5,subject_specific,documented_152
2,2,sub-02_ses-02_row-0408,1,78,0,svm,64,42,3,5,subject_specific,documented_152
2,2,sub-02_ses-02_row-0413,2,79,2,svm,64,42,3,5,subject_specific,documented_152
2,2,sub-02_ses-02_row-0437,1,83,0,svm,64,42,3,5,subject_specific,documented_152
2,2,sub-02_ses-02_row-0474,1,90,0,svm,64,42,3,5,subject_specific,documented_152
2,2,sub-02_ses-02_row-0504,1,96,1,svm,64,42,3,5,subject_specific,documented_152
2,2,sub-02_ses-02_row-0526,2,100,0,svm,64,42,3,5,subject_specific,documented_152
2,2,sub-02_ses-02_row-0531,3,101,3,svm,64,42,3,5,subject_specific,documented_152
2,2,sub-02_ses-02_row-0541,3,103,0,svm,64,42,3,5,subject_specific,documented_152
2,2,sub-02_ses-02_row-0598,0,114,2,svm,64,42,3,5,subject_specific,documented_152
2,2,sub-02_ses-02_row-0620,1,118,1,svm,64,42,3,5,subject_specific,documented_152
2,3,sub-02_ses-03_row-0245,0,47,1,svm,64,42,3,5,subject_specific,documented_152
2,3,sub-02_ses-03_row-0262,0,50,3,svm,64,42,3,5,subject_specific,documented_152
2,3,sub-02_ses-03_row-0304,2,58,2,svm,64,42,3,5,subject_specific,documented_152
2,3,sub-02_ses-03_row-0309,0,59,1,svm,64,42,3,5,subject_specific,documented_152
2,3,sub-02_ses-03_row-0324,1,62,1,svm,64,42,3,5,subject_specific,documented_152
2,3,sub-02_ses-03_row-0381,3,73,1,svm,64,42,3,5,subject_specific,documented_152
2,3,sub-02_ses-03_row-0386,2,74,3,svm,64,42,3,5,subject_specific,documented_152
2,3,sub-02_ses-03_row-0422,3,80,0,svm,64,42,3,5,subject_specific,documented_152
2,3,sub-02_ses-03_row-0462,3,88,0,svm,64,42,3,5,subject_specific,documented_152
2,3,sub-02_ses-03_row-0469,0,89,1,svm,64,42,3,5,subject_specific,documented_152
2,3,sub-02_ses-03_row-0474,2,90,0,svm,64,42,3,5,subject_specific,documented_152
2,3,sub-02_ses-03_row-0494,2,94,2,svm,64,42,3,5,subject_specific,documented_152
2,3,sub-02_ses-03_row-0526,2,100,2,svm,64,42,3,5,subject_specific,documented_152
2,3,sub-02_ses-03_row-0546,0,104,0,svm,64,42,3,5,subject_specific,documented_152
2,3,sub-02_ses-03_row-0563,3,107,0,svm,64,42,3,5,subject_specific,documented_152
2,3,sub-02_ses-03_row-0598,3,114,2,svm,64,42,3,5,subject_specific,documented_152
2,3,sub-02_ses-03_row-0610,1,116,0,svm,64,42,3,5,subject_specific,documented_152
2,1,sub-02_ses-01_row-0225,1,43,1,svm,64,42,4,5,subject_specific,documented_152
2,1,sub-02_ses-01_row-0230,1,44,2,svm,64,42,4,5,subject_specific,documented_152
2,1,sub-02_ses-01_row-0250,0,48,2,svm,64,42,4,5,subject_specific,documented_152
2,1,sub-02_ses-01_row-0255,0,49,3,svm,64,42,4,5,subject_specific,documented_152
2,1,sub-02_ses-01_row-0282,3,54,1,svm,64,42,4,5,subject_specific,documented_152
2,1,sub-02_ses-01_row-0292,0,56,0,svm,64,42,4,5,subject_specific,documented_152
2,1,sub-02_ses-01_row-0302,2,58,1,svm,64,42,4,5,subject_specific,documented_152
2,1,sub-02_ses-01_row-0349,3,67,0,svm,64,42,4,5,subject_specific,documented_152
2,1,sub-02_ses-01_row-0404,3,78,2,svm,64,42,4,5,subject_specific,documented_152
2,1,sub-02_ses-01_row-0409,3,79,0,svm,64,42,4,5,subject_specific,documented_152
2,1,sub-02_ses-01_row-0428,1,82,3,svm,64,42,4,5,subject_specific,documented_152
2,1,sub-02_ses-01_row-0433,2,83,2,svm,64,42,4,5,subject_specific,documented_152
2,1,sub-02_ses-01_row-0483,2,93,0,svm,64,42,4,5,subject_specific,documented_152
2,1,sub-02_ses-01_row-0520,3,100,0,svm,64,42,4,5,subject_specific,documented_152
2,1,sub-02_ses-01_row-0607,1,117,0,svm,64,42,4,5,subject_specific,documented_152
2,1,sub-02_ses-01_row-0612,3,118,1,svm,64,42,4,5,subject_specific,documented_152
2,2,sub-02_ses-02_row-0215,0,41,0,svm,64,42,4,5,subject_specific,documented_152
2,2,sub-02_ses-02_row-0225,1,43,3,svm,64,42,4,5,subject_specific,documented_152
2,2,sub-02_ses-02_row-0302,0,58,3,svm,64,42,4,5,subject_specific,documented_152
2,2,sub-02_ses-02_row-0334,0,64,1,svm,64,42,4,5,subject_specific,documented_152
2,2,sub-02_ses-02_row-0366,0,70,1,svm,64,42,4,5,subject_specific,documented_152
2,2,sub-02_ses-02_row-0391,3,75,3,svm,64,42,4,5,subject_specific,documented_152
2,2,sub-02_ses-02_row-0432,2,82,2,svm,64,42,4,5,subject_specific,documented_152
2,2,sub-02_ses-02_row-0452,2,86,3,svm,64,42,4,5,subject_specific,documented_152
2,2,sub-02_ses-02_row-0509,3,97,1,svm,64,42,4,5,subject_specific,documented_152
2,2,sub-02_ses-02_row-0516,0,98,0,svm,64,42,4,5,subject_specific,documented_152
2,2,sub-02_ses-02_row-0551,2,105,1,svm,64,42,4,5,subject_specific,documented_152
2,2,sub-02_ses-02_row-0558,1,106,3,svm,64,42,4,5,subject_specific,documented_152
2,2,sub-02_ses-02_row-0573,1,109,1,svm,64,42,4,5,subject_specific,documented_152
2,2,sub-02_ses-02_row-0593,3,113,3,svm,64,42,4,5,subject_specific,documented_152
2,3,sub-02_ses-03_row-0215,2,41,3,svm,64,42,4,5,subject_specific,documented_152
2,3,sub-02_ses-03_row-0272,1,52,3,svm,64,42,4,5,subject_specific,documented_152
2,3,sub-02_ses-03_row-0297,1,57,3,svm,64,42,4,5,subject_specific,documented_152
2,3,sub-02_ses-03_row-0314,3,60,1,svm,64,42,4,5,subject_specific,documented_152
2,3,sub-02_ses-03_row-0319,1,61,1,svm,64,42,4,5,subject_specific,documented_152
2,3,sub-02_ses-03_row-0356,0,68,0,svm,64,42,4,5,subject_specific,documented_152
2,3,sub-02_ses-03_row-0371,2,71,2,svm,64,42,4,5,subject_specific,documented_152
2,3,sub-02_ses-03_row-0376,2,72,2,svm,64,42,4,5,subject_specific,documented_152
2,3,sub-02_ses-03_row-0403,2,77,3,svm,64,42,4,5,subject_specific,documented_152
2,3,sub-02_ses-03_row-0427,3,81,3,svm,64,42,4,5,subject_specific,documented_152
2,3,sub-02_ses-03_row-0437,0,83,0,svm,64,42,4,5,subject_specific,documented_152
2,3,sub-02_ses-03_row-0452,2,86,0,svm,64,42,4,5,subject_specific,documented_152
2,3,sub-02_ses-03_row-0541,1,103,3,svm,64,42,4,5,subject_specific,documented_152
2,3,sub-02_ses-03_row-0551,0,105,0,svm,64,42,4,5,subject_specific,documented_152
2,3,sub-02_ses-03_row-0568,2,108,0,svm,64,42,4,5,subject_specific,documented_152
2,3,sub-02_ses-03_row-0593,3,113,2,svm,64,42,4,5,subject_specific,documented_152
2,3,sub-02_ses-03_row-0603,0,115,2,svm,64,42,4,5,subject_specific,documented_152
2,3,sub-02_ses-03_row-0625,1,119,1,svm,64,42,4,5,subject_specific,documented_152
2,1,sub-02_ses-01_row-0245,2,47,3,svm,64,42,5,5,subject_specific,documented_152
2,1,sub-02_ses-01_row-0265,0,51,1,svm,64,42,5,5,subject_specific,documented_152
2,1,sub-02_ses-01_row-0270,2,52,3,svm,64,42,5,5,subject_specific,documented_152
2,1,sub-02_ses-01_row-0287,2,55,0,svm,64,42,5,5,subject_specific,documented_152
2,1,sub-02_ses-01_row-0307,2,59,3,svm,64,42,5,5,subject_specific,documented_152
2,1,sub-02_ses-01_row-0312,3,60,0,svm,64,42,5,5,subject_specific,documented_152
2,1,sub-02_ses-01_row-0317,1,61,2,svm,64,42,5,5,subject_specific,documented_152
2,1,sub-02_ses-01_row-0364,0,70,3,svm,64,42,5,5,subject_specific,documented_152
2,1,sub-02_ses-01_row-0374,1,72,3,svm,64,42,5,5,subject_specific,documented_152
2,1,sub-02_ses-01_row-0389,1,75,1,svm,64,42,5,5,subject_specific,documented_152
2,1,sub-02_ses-01_row-0418,0,80,1,svm,64,42,5,5,subject_specific,documented_152
2,1,sub-02_ses-01_row-0438,2,84,2,svm,64,42,5,5,subject_specific,documented_152
2,1,sub-02_ses-01_row-0443,2,85,3,svm,64,42,5,5,subject_specific,documented_152
2,1,sub-02_ses-01_row-0448,1,86,0,svm,64,42,5,5,subject_specific,documented_152
2,1,sub-02_ses-01_row-0478,3,92,0,svm,64,42,5,5,subject_specific,documented_152
2,1,sub-02_ses-01_row-0525,0,101,1,svm,64,42,5,5,subject_specific,documented_152
2,1,sub-02_ses-01_row-0530,3,102,3,svm,64,42,5,5,subject_specific,documented_152
2,1,sub-02_ses-01_row-0535,1,103,3,svm,64,42,5,5,subject_specific,documented_152
2,1,sub-02_ses-01_row-0550,2,106,3,svm,64,42,5,5,subject_specific,documented_152
2,1,sub-02_ses-01_row-0567,0,109,3,svm,64,42,5,5,subject_specific,documented_152
2,1,sub-02_ses-01_row-0587,0,113,2,svm,64,42,5,5,subject_specific,documented_152
2,1,sub-02_ses-01_row-0597,3,115,0,svm,64,42,5,5,subject_specific,documented_152
2,2,sub-02_ses-02_row-0250,1,48,3,svm,64,42,5,5,subject_specific,documented_152
2,2,sub-02_ses-02_row-0257,3,49,0,svm,64,42,5,5,subject_specific,documented_152
2,2,sub-02_ses-02_row-0287,1,55,0,svm,64,42,5,5,subject_specific,documented_152
2,2,sub-02_ses-02_row-0314,3,60,1,svm,64,42,5,5,subject_specific,documented_152
2,2,sub-02_ses-02_row-0329,2,63,3,svm,64,42,5,5,subject_specific,documented_152
2,2,sub-02_ses-02_row-0386,0,74,3,svm,64,42,5,5,subject_specific,documented_152
2,2,sub-02_ses-02_row-0396,2,76,2,svm,64,42,5,5,subject_specific,documented_152
2,2,sub-02_ses-02_row-0427,2,81,0,svm,64,42,5,5,subject_specific,documented_152
2,2,sub-02_ses-02_row-0462,3,88,0,svm,64,42,5,5,subject_specific,documented_152
2,2,sub-02_ses-02_row-0479,1,91,0,svm,64,42,5,5,subject_specific,documented_152
2,2,sub-02_ses-02_row-0521,0,99,2,svm,64,42,5,5,subject_specific,documented_152
2,2,sub-02_ses-02_row-0546,1,104,3,svm,64,42,5,5,subject_specific,documented_152
2,2,sub-02_ses-02_row-0588,3,112,3,svm,64,42,5,5,subject_specific,documented_152
2,2,sub-02_ses-02_row-0605,0,115,0,svm,64,42,5,5,subject_specific,documented_152
2,2,sub-02_ses-02_row-0615,0,117,0,svm,64,42,5,5,subject_specific,documented_152
2,2,sub-02_ses-02_row-0625,2,119,3,svm,64,42,5,5,subject_specific,documented_152
2,3,sub-02_ses-03_row-0225,3,43,1,svm,64,42,5,5,subject_specific,documented_152
2,3,sub-02_ses-03_row-0250,3,48,1,svm,64,42,5,5,subject_specific,documented_152
2,3,sub-02_ses-03_row-0257,2,49,1,svm,64,42,5,5,subject_specific,documented_152
2,3,sub-02_ses-03_row-0339,1,65,1,svm,64,42,5,5,subject_specific,documented_152
2,3,sub-02_ses-03_row-0344,0,66,0,svm,64,42,5,5,subject_specific,documented_152
2,3,sub-02_ses-03_row-0442,0,84,1,svm,64,42,5,5,subject_specific,documented_152
2,3,sub-02_ses-03_row-0479,1,91,1,svm,64,42,5,5,subject_specific,documented_152
2,3,sub-02_ses-03_row-0504,3,96,0,svm,64,42,5,5,subject_specific,documented_152
2,3,sub-02_ses-03_row-0588,3,112,0,svm,64,42,5,5,subject_specific,documented_152
2,3,sub-02_ses-03_row-0615,1,117,0,svm,64,42,5,5,subject_specific,documented_152
2,1,sub-02_ses-01_row-0210,1,40,2,svm,32,42,1,5,subject_specific,documented_152
2,1,sub-02_ses-01_row-0215,1,41,0,svm,32,42,1,5,subject_specific,documented_152
2,1,sub-02_ses-01_row-0275,0,53,2,svm,32,42,1,5,subject_specific,documented_152
2,1,sub-02_ses-01_row-0384,2,74,2,svm,32,42,1,5,subject_specific,documented_152
2,1,sub-02_ses-01_row-0399,2,77,2,svm,32,42,1,5,subject_specific,documented_152
2,1,sub-02_ses-01_row-0423,3,81,2,svm,32,42,1,5,subject_specific,documented_152
2,1,sub-02_ses-01_row-0453,0,87,3,svm,32,42,1,5,subject_specific,documented_152
2,1,sub-02_ses-01_row-0463,0,89,3,svm,32,42,1,5,subject_specific,documented_152
2,1,sub-02_ses-01_row-0490,3,94,0,svm,32,42,1,5,subject_specific,documented_152
2,1,sub-02_ses-01_row-0500,2,96,3,svm,32,42,1,5,subject_specific,documented_152
2,1,sub-02_ses-01_row-0510,1,98,3,svm,32,42,1,5,subject_specific,documented_152
2,1,sub-02_ses-01_row-0557,0,107,3,svm,32,42,1,5,subject_specific,documented_152
2,1,sub-02_ses-01_row-0572,1,110,3,svm,32,42,1,5,subject_specific,documented_152
2,1,sub-02_ses-01_row-0592,1,114,3,svm,32,42,1,5,subject_specific,documented_152
2,1,sub-02_ses-01_row-0602,0,116,2,svm,32,42,1,5,subject_specific,documented_152
2,1,sub-02_ses-01_row-0617,1,119,3,svm,32,42,1,5,subject_specific,documented_152
2,2,sub-02_ses-02_row-0267,2,51,1,svm,32,42,1,5,subject_specific,documented_152
2,2,sub-02_ses-02_row-0272,0,52,1,svm,32,42,1,5,subject_specific,documented_152
2,2,sub-02_ses-02_row-0319,3,61,1,svm,32,42,1,5,subject_specific,documented_152
2,2,sub-02_ses-02_row-0376,2,72,1,svm,32,42,1,5,subject_specific,documented_152
2,2,sub-02_ses-02_row-0381,1,73,2,svm,32,42,1,5,subject_specific,documented_152
2,2,sub-02_ses-02_row-0401,3,77,0,svm,32,42,1,5,subject_specific,documented_152
2,2,sub-02_ses-02_row-0457,3,87,0,svm,32,42,1,5,subject_specific,documented_152
2,2,sub-02_ses-02_row-0489,3,93,0,svm,32,42,1,5,subject_specific,documented_152
2,2,sub-02_ses-02_row-0499,1,95,2,svm,32,42,1,5,subject_specific,documented_152
2,2,sub-02_ses-02_row-0536,2,102,1,svm,32,42,1,5,subject_specific,documented_152
2,2,sub-02_ses-02_row-0568,2,108,1,svm,32,42,1,5,subject_specific,documented_152
2,3,sub-02_ses-03_row-0210,3,40,1,svm,32,42,1,5,subject_specific,documented_152
2,3,sub-02_ses-03_row-0220,2,42,1,svm,32,42,1,5,subject_specific,documented_152
2,3,sub-02_ses-03_row-0230,3,44,1,svm,32,42,1,5,subject_specific,documented_152
2,3,sub-02_ses-03_row-0235,0,45,3,svm,32,42,1,5,subject_specific,documented_152
2,3,sub-02_ses-03_row-0240,3,46,0,svm,32,42,1,5,subject_specific,documented_152
2,3,sub-02_ses-03_row-0267,3,51,1,svm,32,42,1,5,subject_specific,documented_152
2,3,sub-02_ses-03_row-0277,1,53,1,svm,32,42,1,5,subject_specific,documented_152
2,3,sub-02_ses-03_row-0287,1,55,1,svm,32,42,1,5,subject_specific,documented_152
2,3,sub-02_ses-03_row-0361,0,69,2,svm,32,42,1,5,subject_specific,documented_152
2,3,sub-02_ses-03_row-0366,1,70,1,svm,32,42,1,5,subject_specific,documented_152
2,3,sub-02_ses-03_row-0391,0,75,1,svm,32,42,1,5,subject_specific,documented_152
2,3,sub-02_ses-03_row-0398,0,76,0,svm,32,42,1,5,subject_specific,documented_152
2,3,sub-02_ses-03_row-0408,3,78,1,svm,32,42,1,5,subject_specific,documented_152
2,3,sub-02_ses-03_row-0499,2,95,2,svm,32,42,1,5,subject_specific,documented_152
2,3,sub-02_ses-03_row-0511,2,97,2,svm,32,42,1,5,subject_specific,documented_152
2,3,sub-02_ses-03_row-0516,2,98,2,svm,32,42,1,5,subject_specific,documented_152
2,3,sub-02_ses-03_row-0521,2,99,3,svm,32,42,1,5,subject_specific,documented_152
2,3,sub-02_ses-03_row-0531,1,101,0,svm,32,42,1,5,subject_specific,documented_152
2,3,sub-02_ses-03_row-0556,3,106,1,svm,32,42,1,5,subject_specific,documented_152
2,3,sub-02_ses-03_row-0573,0,109,1,svm,32,42,1,5,subject_specific,documented_152
2,3,sub-02_ses-03_row-0620,0,118,2,svm,32,42,1,5,subject_specific,documented_152
2,1,sub-02_ses-01_row-0220,0,42,2,svm,32,42,2,5,subject_specific,documented_152
2,1,sub-02_ses-01_row-0235,2,45,0,svm,32,42,2,5,subject_specific,documented_152
2,1,sub-02_ses-01_row-0240,1,46,0,svm,32,42,2,5,subject_specific,documented_152
2,1,sub-02_ses-01_row-0260,3,50,0,svm,32,42,2,5,subject_specific,documented_152
2,1,sub-02_ses-01_row-0297,3,57,0,svm,32,42,2,5,subject_specific,documented_152
2,1,sub-02_ses-01_row-0327,2,63,2,svm,32,42,2,5,subject_specific,documented_152
2,1,sub-02_ses-01_row-0332,3,64,2,svm,32,42,2,5,subject_specific,documented_152
2,1,sub-02_ses-01_row-0359,3,69,0,svm,32,42,2,5,subject_specific,documented_152
2,1,sub-02_ses-01_row-0379,1,73,1,svm,32,42,2,5,subject_specific,documented_152
2,1,sub-02_ses-01_row-0468,2,90,0,svm,32,42,2,5,subject_specific,documented_152
2,1,sub-02_ses-01_row-0515,0,99,2,svm,32,42,2,5,subject_specific,documented_152
2,1,sub-02_ses-01_row-0540,1,104,2,svm,32,42,2,5,subject_specific,documented_152
2,1,sub-02_ses-01_row-0545,3,105,2,svm,32,42,2,5,subject_specific,documented_152
2,1,sub-02_ses-01_row-0562,0,108,0,svm,32,42,2,5,subject_specific,documented_152
2,1,sub-02_ses-01_row-0582,3,112,0,svm,32,42,2,5,subject_specific,documented_152
2,2,sub-02_ses-02_row-0220,3,42,3,svm,32,42,2,5,subject_specific,documented_152
2,2,sub-02_ses-02_row-0235,1,45,3,svm,32,42,2,5,subject_specific,documented_152
2,2,sub-02_ses-02_row-0282,2,54,3,svm,32,42,2,5,subject_specific,documented_152
2,2,sub-02_ses-02_row-0292,1,56,1,svm,32,42,2,5,subject_specific,documented_152
2,2,sub-02_ses-02_row-0309,2,59,3,svm,32,42,2,5,subject_specific,documented_152
2,2,sub-02_ses-02_row-0344,0,66,3,svm,32,42,2,5,subject_specific,documented_152
2,2,sub-02_ses-02_row-0349,3,67,3,svm,32,42,2,5,subject_specific,documented_152
2,2,sub-02_ses-02_row-0356,2,68,3,svm,32,42,2,5,subject_specific,documented_152
2,2,sub-02_ses-02_row-0371,2,71,1,svm,32,42,2,5,subject_specific,documented_152
2,2,sub-02_ses-02_row-0422,2,80,1,svm,32,42,2,5,subject_specific,documented_152
2,2,sub-02_ses-02_row-0442,1,84,3,svm,32,42,2,5,subject_specific,documented_152
2,2,sub-02_ses-02_row-0447,0,85,3,svm,32,42,2,5,subject_specific,documented_152
2,2,sub-02_ses-02_row-0469,0,89,3,svm,32,42,2,5,subject_specific,documented_152
2,2,sub-02_ses-02_row-0484,0,92,3,svm,32,42,2,5,subject_specific,documented_152
2,2,sub-02_ses-02_row-0494,0,94,0,svm,32,42,2,5,subject_specific,documented_152
2,2,sub-02_ses-02_row-0563,3,107,3,svm,32,42,2,5,subject_specific,documented_152
2,2,sub-02_ses-02_row-0578,0,110,1,svm,32,42,2,5,subject_specific,documented_152
2,2,sub-02_ses-02_row-0583,3,111,1,svm,32,42,2,5,subject_specific,documented_152
2,2,sub-02_ses-02_row-0610,2,116,3,svm,32,42,2,5,subject_specific,documented_152
2,3,sub-02_ses-03_row-0282,1,54,3,svm,32,42,2,5,subject_specific,documented_152
2,3,sub-02_ses-03_row-0292,0,56,1,svm,32,42,2,5,subject_specific,documented_152
2,3,sub-02_ses-03_row-0329,1,63,0,svm,32,42,2,5,subject_specific,documented_152
2,3,sub-02_ses-03_row-0334,3,64,2,svm,32,42,2,5,subject_specific,documented_152
2,3,sub-02_ses-03_row-0351,2,67,0,svm,32,42,2,5,subject_specific,documented_152
2,3,sub-02_ses-03_row-0413,2,79,2,svm,32,42,2,5,subject_specific,documented_152
2,3,sub-02_ses-03_row-0432,1,82,0,svm,32,42,2,5,subject_specific,documented_152
2,3,sub-02_ses-03_row-0447,2,85,3,svm,32,42,2,5,subject_specific,documented_152
2,3,sub-02_ses-03_row-0457,1,87,0,svm,32,42,2,5,subject_specific,documented_152
2,3,sub-02_ses-03_row-0484,0,92,0,svm,32,42,2,5,subject_specific,documented_152
2,3,sub-02_ses-03_row-0489,1,93,3,svm,32,42,2,5,subject_specific,documented_152
2,3,sub-02_ses-03_row-0536,0,102,2,svm,32,42,2,5,subject_specific,documented_152
2,3,sub-02_ses-03_row-0578,3,110,0,svm,32,42,2,5,subject_specific,documented_152
2,3,sub-02_ses-03_row-0583,1,111,3,svm,32,42,2,5,subject_specific,documented_152
2,1,sub-02_ses-01_row-0322,0,62,3,svm,32,42,3,5,subject_specific,documented_152
2,1,sub-02_ses-01_row-0337,0,65,2,svm,32,42,3,5,subject_specific,documented_152
2,1,sub-02_ses-01_row-0342,2,66,2,svm,32,42,3,5,subject_specific,documented_152
2,1,sub-02_ses-01_row-0354,0,68,3,svm,32,42,3,5,subject_specific,documented_152
2,1,sub-02_ses-01_row-0369,1,71,0,svm,32,42,3,5,subject_specific,documented_152
2,1,sub-02_ses-01_row-0394,3,76,1,svm,32,42,3,5,subject_specific,documented_152
2,1,sub-02_ses-01_row-0458,1,88,3,svm,32,42,3,5,subject_specific,documented_152
2,1,sub-02_ses-01_row-0473,3,91,0,svm,32,42,3,5,subject_specific,documented_152
2,1,sub-02_ses-01_row-0495,2,95,0,svm,32,42,3,5,subject_specific,documented_152
2,1,sub-02_ses-01_row-0505,2,97,3,svm,32,42,3,5,subject_specific,documented_152
2,1,sub-02_ses-01_row-0577,2,111,3,svm,32,42,3,5,subject_specific,documented_152
2,2,sub-02_ses-02_row-0210,0,40,2,svm,32,42,3,5,subject_specific,documented_152
2,2,sub-02_ses-02_row-0230,3,44,1,svm,32,42,3,5,subject_specific,documented_152
2,2,sub-02_ses-02_row-0240,1,46,1,svm,32,42,3,5,subject_specific,documented_152
2,2,sub-02_ses-02_row-0245,2,47,0,svm,32,42,3,5,subject_specific,documented_152
2,2,sub-02_ses-02_row-0262,3,50,2,svm,32,42,3,5,subject_specific,documented_152
2,2,sub-02_ses-02_row-0277,1,53,0,svm,32,42,3,5,subject_specific,documented_152
2,2,sub-02_ses-02_row-0297,3,57,0,svm,32,42,3,5,subject_specific,documented_152
2,2,sub-02_ses-02_row-0324,0,62,3,svm,32,42,3,5,subject_specific,documented_152
2,2,sub-02_ses-02_row-0339,1,65,0,svm,32,42,3,5,subject_specific,documented_152
2,2,sub-02_ses-02_row-0361,0,69,0,svm,32,42,3,5,subject_specific,documented_152
2,2,sub-02_ses-02_row-0408,1,78,0,svm,32,42,3,5,subject_specific,documented_152
2,2,sub-02_ses-02_row-0413,2,79,2,svm,32,42,3,5,subject_specific,documented_152
2,2,sub-02_ses-02_row-0437,1,83,0,svm,32,42,3,5,subject_specific,documented_152
2,2,sub-02_ses-02_row-0474,1,90,3,svm,32,42,3,5,subject_specific,documented_152
2,2,sub-02_ses-02_row-0504,1,96,1,svm,32,42,3,5,subject_specific,documented_152
2,2,sub-02_ses-02_row-0526,2,100,0,svm,32,42,3,5,subject_specific,documented_152
2,2,sub-02_ses-02_row-0531,3,101,0,svm,32,42,3,5,subject_specific,documented_152
2,2,sub-02_ses-02_row-0541,3,103,3,svm,32,42,3,5,subject_specific,documented_152
2,2,sub-02_ses-02_row-0598,0,114,2,svm,32,42,3,5,subject_specific,documented_152
2,2,sub-02_ses-02_row-0620,1,118,0,svm,32,42,3,5,subject_specific,documented_152
2,3,sub-02_ses-03_row-0245,0,47,1,svm,32,42,3,5,subject_specific,documented_152
2,3,sub-02_ses-03_row-0262,0,50,3,svm,32,42,3,5,subject_specific,documented_152
2,3,sub-02_ses-03_row-0304,2,58,2,svm,32,42,3,5,subject_specific,documented_152
2,3,sub-02_ses-03_row-0309,0,59,1,svm,32,42,3,5,subject_specific,documented_152
2,3,sub-02_ses-03_row-0324,1,62,1,svm,32,42,3,5,subject_specific,documented_152
2,3,sub-02_ses-03_row-0381,3,73,3,svm,32,42,3,5,subject_specific,documented_152
2,3,sub-02_ses-03_row-0386,2,74,3,svm,32,42,3,5,subject_specific,documented_152
2,3,sub-02_ses-03_row-0422,3,80,0,svm,32,42,3,5,subject_specific,documented_152
2,3,sub-02_ses-03_row-0462,3,88,2,svm,32,42,3,5,subject_specific,documented_152
2,3,sub-02_ses-03_row-0469,0,89,0,svm,32,42,3,5,subject_specific,documented_152
2,3,sub-02_ses-03_row-0474,2,90,0,svm,32,42,3,5,subject_specific,documented_152
2,3,sub-02_ses-03_row-0494,2,94,0,svm,32,42,3,5,subject_specific,documented_152
2,3,sub-02_ses-03_row-0526,2,100,2,svm,32,42,3,5,subject_specific,documented_152
2,3,sub-02_ses-03_row-0546,0,104,0,svm,32,42,3,5,subject_specific,documented_152
2,3,sub-02_ses-03_row-0563,3,107,0,svm,32,42,3,5,subject_specific,documented_152
2,3,sub-02_ses-03_row-0598,3,114,0,svm,32,42,3,5,subject_specific,documented_152
2,3,sub-02_ses-03_row-0610,1,116,0,svm,32,42,3,5,subject_specific,documented_152
2,1,sub-02_ses-01_row-0225,1,43,1,svm,32,42,4,5,subject_specific,documented_152
2,1,sub-02_ses-01_row-0230,1,44,2,svm,32,42,4,5,subject_specific,documented_152
2,1,sub-02_ses-01_row-0250,0,48,2,svm,32,42,4,5,subject_specific,documented_152
2,1,sub-02_ses-01_row-0255,0,49,3,svm,32,42,4,5,subject_specific,documented_152
2,1,sub-02_ses-01_row-0282,3,54,3,svm,32,42,4,5,subject_specific,documented_152
2,1,sub-02_ses-01_row-0292,0,56,0,svm,32,42,4,5,subject_specific,documented_152
2,1,sub-02_ses-01_row-0302,2,58,3,svm,32,42,4,5,subject_specific,documented_152
2,1,sub-02_ses-01_row-0349,3,67,0,svm,32,42,4,5,subject_specific,documented_152
2,1,sub-02_ses-01_row-0404,3,78,2,svm,32,42,4,5,subject_specific,documented_152
2,1,sub-02_ses-01_row-0409,3,79,0,svm,32,42,4,5,subject_specific,documented_152
2,1,sub-02_ses-01_row-0428,1,82,3,svm,32,42,4,5,subject_specific,documented_152
2,1,sub-02_ses-01_row-0433,2,83,2,svm,32,42,4,5,subject_specific,documented_152
2,1,sub-02_ses-01_row-0483,2,93,0,svm,32,42,4,5,subject_specific,documented_152
2,1,sub-02_ses-01_row-0520,3,100,0,svm,32,42,4,5,subject_specific,documented_152
2,1,sub-02_ses-01_row-0607,1,117,3,svm,32,42,4,5,subject_specific,documented_152
2,1,sub-02_ses-01_row-0612,3,118,1,svm,32,42,4,5,subject_specific,documented_152
2,2,sub-02_ses-02_row-0215,0,41,3,svm,32,42,4,5,subject_specific,documented_152
2,2,sub-02_ses-02_row-0225,1,43,3,svm,32,42,4,5,subject_specific,documented_152
2,2,sub-02_ses-02_row-0302,0,58,3,svm,32,42,4,5,subject_specific,documented_152
2,2,sub-02_ses-02_row-0334,0,64,1,svm,32,42,4,5,subject_specific,documented_152
2,2,sub-02_ses-02_row-0366,0,70,2,svm,32,42,4,5,subject_specific,documented_152
2,2,sub-02_ses-02_row-0391,3,75,3,svm,32,42,4,5,subject_specific,documented_152
2,2,sub-02_ses-02_row-0432,2,82,0,svm,32,42,4,5,subject_specific,documented_152
2,2,sub-02_ses-02_row-0452,2,86,3,svm,32,42,4,5,subject_specific,documented_152
2,2,sub-02_ses-02_row-0509,3,97,1,svm,32,42,4,5,subject_specific,documented_152
2,2,sub-02_ses-02_row-0516,0,98,0,svm,32,42,4,5,subject_specific,documented_152
2,2,sub-02_ses-02_row-0551,2,105,1,svm,32,42,4,5,subject_specific,documented_152
2,2,sub-02_ses-02_row-0558,1,106,1,svm,32,42,4,5,subject_specific,documented_152
2,2,sub-02_ses-02_row-0573,1,109,1,svm,32,42,4,5,subject_specific,documented_152
2,2,sub-02_ses-02_row-0593,3,113,3,svm,32,42,4,5,subject_specific,documented_152
2,3,sub-02_ses-03_row-0215,2,41,3,svm,32,42,4,5,subject_specific,documented_152
2,3,sub-02_ses-03_row-0272,1,52,3,svm,32,42,4,5,subject_specific,documented_152
2,3,sub-02_ses-03_row-0297,1,57,3,svm,32,42,4,5,subject_specific,documented_152
2,3,sub-02_ses-03_row-0314,3,60,2,svm,32,42,4,5,subject_specific,documented_152
2,3,sub-02_ses-03_row-0319,1,61,1,svm,32,42,4,5,subject_specific,documented_152
2,3,sub-02_ses-03_row-0356,0,68,0,svm,32,42,4,5,subject_specific,documented_152
2,3,sub-02_ses-03_row-0371,2,71,2,svm,32,42,4,5,subject_specific,documented_152
2,3,sub-02_ses-03_row-0376,2,72,2,svm,32,42,4,5,subject_specific,documented_152
2,3,sub-02_ses-03_row-0403,2,77,3,svm,32,42,4,5,subject_specific,documented_152
2,3,sub-02_ses-03_row-0427,3,81,3,svm,32,42,4,5,subject_specific,documented_152
2,3,sub-02_ses-03_row-0437,0,83,1,svm,32,42,4,5,subject_specific,documented_152
2,3,sub-02_ses-03_row-0452,2,86,0,svm,32,42,4,5,subject_specific,documented_152
2,3,sub-02_ses-03_row-0541,1,103,3,svm,32,42,4,5,subject_specific,documented_152
2,3,sub-02_ses-03_row-0551,0,105,3,svm,32,42,4,5,subject_specific,documented_152
2,3,sub-02_ses-03_row-0568,2,108,3,svm,32,42,4,5,subject_specific,documented_152
2,3,sub-02_ses-03_row-0593,3,113,2,svm,32,42,4,5,subject_specific,documented_152
2,3,sub-02_ses-03_row-0603,0,115,2,svm,32,42,4,5,subject_specific,documented_152
2,3,sub-02_ses-03_row-0625,1,119,1,svm,32,42,4,5,subject_specific,documented_152
2,1,sub-02_ses-01_row-0245,2,47,3,svm,32,42,5,5,subject_specific,documented_152
2,1,sub-02_ses-01_row-0265,0,51,1,svm,32,42,5,5,subject_specific,documented_152
2,1,sub-02_ses-01_row-0270,2,52,2,svm,32,42,5,5,subject_specific,documented_152
2,1,sub-02_ses-01_row-0287,2,55,3,svm,32,42,5,5,subject_specific,documented_152
2,1,sub-02_ses-01_row-0307,2,59,2,svm,32,42,5,5,subject_specific,documented_152
2,1,sub-02_ses-01_row-0312,3,60,1,svm,32,42,5,5,subject_specific,documented_152
2,1,sub-02_ses-01_row-0317,1,61,2,svm,32,42,5,5,subject_specific,documented_152
2,1,sub-02_ses-01_row-0364,0,70,2,svm,32,42,5,5,subject_specific,documented_152
2,1,sub-02_ses-01_row-0374,1,72,2,svm,32,42,5,5,subject_specific,documented_152
2,1,sub-02_ses-01_row-0389,1,75,2,svm,32,42,5,5,subject_specific,documented_152
2,1,sub-02_ses-01_row-0418,0,80,1,svm,32,42,5,5,subject_specific,documented_152
2,1,sub-02_ses-01_row-0438,2,84,3,svm,32,42,5,5,subject_specific,documented_152
2,1,sub-02_ses-01_row-0443,2,85,3,svm,32,42,5,5,subject_specific,documented_152
2,1,sub-02_ses-01_row-0448,1,86,1,svm,32,42,5,5,subject_specific,documented_152
2,1,sub-02_ses-01_row-0478,3,92,3,svm,32,42,5,5,subject_specific,documented_152
2,1,sub-02_ses-01_row-0525,0,101,1,svm,32,42,5,5,subject_specific,documented_152
2,1,sub-02_ses-01_row-0530,3,102,3,svm,32,42,5,5,subject_specific,documented_152
2,1,sub-02_ses-01_row-0535,1,103,1,svm,32,42,5,5,subject_specific,documented_152
2,1,sub-02_ses-01_row-0550,2,106,3,svm,32,42,5,5,subject_specific,documented_152
2,1,sub-02_ses-01_row-0567,0,109,3,svm,32,42,5,5,subject_specific,documented_152
2,1,sub-02_ses-01_row-0587,0,113,2,svm,32,42,5,5,subject_specific,documented_152
2,1,sub-02_ses-01_row-0597,3,115,3,svm,32,42,5,5,subject_specific,documented_152
2,2,sub-02_ses-02_row-0250,1,48,3,svm,32,42,5,5,subject_specific,documented_152
2,2,sub-02_ses-02_row-0257,3,49,0,svm,32,42,5,5,subject_specific,documented_152
2,2,sub-02_ses-02_row-0287,1,55,0,svm,32,42,5,5,subject_specific,documented_152
2,2,sub-02_ses-02_row-0314,3,60,0,svm,32,42,5,5,subject_specific,documented_152
2,2,sub-02_ses-02_row-0329,2,63,3,svm,32,42,5,5,subject_specific,documented_152
2,2,sub-02_ses-02_row-0386,0,74,3,svm,32,42,5,5,subject_specific,documented_152
2,2,sub-02_ses-02_row-0396,2,76,2,svm,32,42,5,5,subject_specific,documented_152
2,2,sub-02_ses-02_row-0427,2,81,0,svm,32,42,5,5,subject_specific,documented_152
2,2,sub-02_ses-02_row-0462,3,88,0,svm,32,42,5,5,subject_specific,documented_152
2,2,sub-02_ses-02_row-0479,1,91,0,svm,32,42,5,5,subject_specific,documented_152
2,2,sub-02_ses-02_row-0521,0,99,0,svm,32,42,5,5,subject_specific,documented_152
2,2,sub-02_ses-02_row-0546,1,104,3,svm,32,42,5,5,subject_specific,documented_152
2,2,sub-02_ses-02_row-0588,3,112,0,svm,32,42,5,5,subject_specific,documented_152
2,2,sub-02_ses-02_row-0605,0,115,3,svm,32,42,5,5,subject_specific,documented_152
2,2,sub-02_ses-02_row-0615,0,117,3,svm,32,42,5,5,subject_specific,documented_152
2,2,sub-02_ses-02_row-0625,2,119,3,svm,32,42,5,5,subject_specific,documented_152
2,3,sub-02_ses-03_row-0225,3,43,1,svm,32,42,5,5,subject_specific,documented_152
2,3,sub-02_ses-03_row-0250,3,48,1,svm,32,42,5,5,subject_specific,documented_152
2,3,sub-02_ses-03_row-0257,2,49,1,svm,32,42,5,5,subject_specific,documented_152
2,3,sub-02_ses-03_row-0339,1,65,1,svm,32,42,5,5,subject_specific,documented_152
2,3,sub-02_ses-03_row-0344,0,66,0,svm,32,42,5,5,subject_specific,documented_152
2,3,sub-02_ses-03_row-0442,0,84,1,svm,32,42,5,5,subject_specific,documented_152
2,3,sub-02_ses-03_row-0479,1,91,1,svm,32,42,5,5,subject_specific,documented_152
2,3,sub-02_ses-03_row-0504,3,96,0,svm,32,42,5,5,subject_specific,documented_152
2,3,sub-02_ses-03_row-0588,3,112,0,svm,32,42,5,5,subject_specific,documented_152
2,3,sub-02_ses-03_row-0615,1,117,0,svm,32,42,5,5,subject_specific,documented_152
2,1,sub-02_ses-01_row-0210,1,40,2,svm,16,42,1,5,subject_specific,documented_152
2,1,sub-02_ses-01_row-0215,1,41,1,svm,16,42,1,5,subject_specific,documented_152
2,1,sub-02_ses-01_row-0275,0,53,2,svm,16,42,1,5,subject_specific,documented_152
2,1,sub-02_ses-01_row-0384,2,74,2,svm,16,42,1,5,subject_specific,documented_152
2,1,sub-02_ses-01_row-0399,2,77,2,svm,16,42,1,5,subject_specific,documented_152
2,1,sub-02_ses-01_row-0423,3,81,0,svm,16,42,1,5,subject_specific,documented_152
2,1,sub-02_ses-01_row-0453,0,87,3,svm,16,42,1,5,subject_specific,documented_152
2,1,sub-02_ses-01_row-0463,0,89,3,svm,16,42,1,5,subject_specific,documented_152
2,1,sub-02_ses-01_row-0490,3,94,0,svm,16,42,1,5,subject_specific,documented_152
2,1,sub-02_ses-01_row-0500,2,96,3,svm,16,42,1,5,subject_specific,documented_152
2,1,sub-02_ses-01_row-0510,1,98,3,svm,16,42,1,5,subject_specific,documented_152
2,1,sub-02_ses-01_row-0557,0,107,3,svm,16,42,1,5,subject_specific,documented_152
2,1,sub-02_ses-01_row-0572,1,110,3,svm,16,42,1,5,subject_specific,documented_152
2,1,sub-02_ses-01_row-0592,1,114,3,svm,16,42,1,5,subject_specific,documented_152
2,1,sub-02_ses-01_row-0602,0,116,2,svm,16,42,1,5,subject_specific,documented_152
2,1,sub-02_ses-01_row-0617,1,119,2,svm,16,42,1,5,subject_specific,documented_152
2,2,sub-02_ses-02_row-0267,2,51,1,svm,16,42,1,5,subject_specific,documented_152
2,2,sub-02_ses-02_row-0272,0,52,3,svm,16,42,1,5,subject_specific,documented_152
2,2,sub-02_ses-02_row-0319,3,61,1,svm,16,42,1,5,subject_specific,documented_152
2,2,sub-02_ses-02_row-0376,2,72,3,svm,16,42,1,5,subject_specific,documented_152
2,2,sub-02_ses-02_row-0381,1,73,0,svm,16,42,1,5,subject_specific,documented_152
2,2,sub-02_ses-02_row-0401,3,77,0,svm,16,42,1,5,subject_specific,documented_152
2,2,sub-02_ses-02_row-0457,3,87,1,svm,16,42,1,5,subject_specific,documented_152
2,2,sub-02_ses-02_row-0489,3,93,0,svm,16,42,1,5,subject_specific,documented_152
2,2,sub-02_ses-02_row-0499,1,95,3,svm,16,42,1,5,subject_specific,documented_152
2,2,sub-02_ses-02_row-0536,2,102,2,svm,16,42,1,5,subject_specific,documented_152
2,2,sub-02_ses-02_row-0568,2,108,1,svm,16,42,1,5,subject_specific,documented_152
2,3,sub-02_ses-03_row-0210,3,40,1,svm,16,42,1,5,subject_specific,documented_152
2,3,sub-02_ses-03_row-0220,2,42,1,svm,16,42,1,5,subject_specific,documented_152
2,3,sub-02_ses-03_row-0230,3,44,1,svm,16,42,1,5,subject_specific,documented_152
2,3,sub-02_ses-03_row-0235,0,45,3,svm,16,42,1,5,subject_specific,documented_152
2,3,sub-02_ses-03_row-0240,3,46,3,svm,16,42,1,5,subject_specific,documented_152
2,3,sub-02_ses-03_row-0267,3,51,1,svm,16,42,1,5,subject_specific,documented_152
2,3,sub-02_ses-03_row-0277,1,53,1,svm,16,42,1,5,subject_specific,documented_152
2,3,sub-02_ses-03_row-0287,1,55,1,svm,16,42,1,5,subject_specific,documented_152
2,3,sub-02_ses-03_row-0361,0,69,2,svm,16,42,1,5,subject_specific,documented_152
2,3,sub-02_ses-03_row-0366,1,70,1,svm,16,42,1,5,subject_specific,documented_152
2,3,sub-02_ses-03_row-0391,0,75,3,svm,16,42,1,5,subject_specific,documented_152
2,3,sub-02_ses-03_row-0398,0,76,3,svm,16,42,1,5,subject_specific,documented_152
2,3,sub-02_ses-03_row-0408,3,78,1,svm,16,42,1,5,subject_specific,documented_152
2,3,sub-02_ses-03_row-0499,2,95,2,svm,16,42,1,5,subject_specific,documented_152
2,3,sub-02_ses-03_row-0511,2,97,2,svm,16,42,1,5,subject_specific,documented_152
2,3,sub-02_ses-03_row-0516,2,98,2,svm,16,42,1,5,subject_specific,documented_152
2,3,sub-02_ses-03_row-0521,2,99,3,svm,16,42,1,5,subject_specific,documented_152
2,3,sub-02_ses-03_row-0531,1,101,1,svm,16,42,1,5,subject_specific,documented_152
2,3,sub-02_ses-03_row-0556,3,106,1,svm,16,42,1,5,subject_specific,documented_152
2,3,sub-02_ses-03_row-0573,0,109,1,svm,16,42,1,5,subject_specific,documented_152
2,3,sub-02_ses-03_row-0620,0,118,1,svm,16,42,1,5,subject_specific,documented_152
2,1,sub-02_ses-01_row-0220,0,42,2,svm,16,42,2,5,subject_specific,documented_152
2,1,sub-02_ses-01_row-0235,2,45,1,svm,16,42,2,5,subject_specific,documented_152
2,1,sub-02_ses-01_row-0240,1,46,1,svm,16,42,2,5,subject_specific,documented_152
2,1,sub-02_ses-01_row-0260,3,50,0,svm,16,42,2,5,subject_specific,documented_152
2,1,sub-02_ses-01_row-0297,3,57,0,svm,16,42,2,5,subject_specific,documented_152
2,1,sub-02_ses-01_row-0327,2,63,2,svm,16,42,2,5,subject_specific,documented_152
2,1,sub-02_ses-01_row-0332,3,64,2,svm,16,42,2,5,subject_specific,documented_152
2,1,sub-02_ses-01_row-0359,3,69,0,svm,16,42,2,5,subject_specific,documented_152
2,1,sub-02_ses-01_row-0379,1,73,1,svm,16,42,2,5,subject_specific,documented_152
2,1,sub-02_ses-01_row-0468,2,90,0,svm,16,42,2,5,subject_specific,documented_152
2,1,sub-02_ses-01_row-0515,0,99,2,svm,16,42,2,5,subject_specific,documented_152
2,1,sub-02_ses-01_row-0540,1,104,2,svm,16,42,2,5,subject_specific,documented_152
2,1,sub-02_ses-01_row-0545,3,105,2,svm,16,42,2,5,subject_specific,documented_152
2,1,sub-02_ses-01_row-0562,0,108,0,svm,16,42,2,5,subject_specific,documented_152
2,1,sub-02_ses-01_row-0582,3,112,0,svm,16,42,2,5,subject_specific,documented_152
2,2,sub-02_ses-02_row-0220,3,42,3,svm,16,42,2,5,subject_specific,documented_152
2,2,sub-02_ses-02_row-0235,1,45,3,svm,16,42,2,5,subject_specific,documented_152
2,2,sub-02_ses-02_row-0282,2,54,3,svm,16,42,2,5,subject_specific,documented_152
2,2,sub-02_ses-02_row-0292,1,56,1,svm,16,42,2,5,subject_specific,documented_152
2,2,sub-02_ses-02_row-0309,2,59,3,svm,16,42,2,5,subject_specific,documented_152
2,2,sub-02_ses-02_row-0344,0,66,0,svm,16,42,2,5,subject_specific,documented_152
2,2,sub-02_ses-02_row-0349,3,67,0,svm,16,42,2,5,subject_specific,documented_152
2,2,sub-02_ses-02_row-0356,2,68,0,svm,16,42,2,5,subject_specific,documented_152
2,2,sub-02_ses-02_row-0371,2,71,0,svm,16,42,2,5,subject_specific,documented_152
2,2,sub-02_ses-02_row-0422,2,80,1,svm,16,42,2,5,subject_specific,documented_152
2,2,sub-02_ses-02_row-0442,1,84,1,svm,16,42,2,5,subject_specific,documented_152
2,2,sub-02_ses-02_row-0447,0,85,3,svm,16,42,2,5,subject_specific,documented_152
2,2,sub-02_ses-02_row-0469,0,89,3,svm,16,42,2,5,subject_specific,documented_152
2,2,sub-02_ses-02_row-0484,0,92,3,svm,16,42,2,5,subject_specific,documented_152
2,2,sub-02_ses-02_row-0494,0,94,0,svm,16,42,2,5,subject_specific,documented_152
2,2,sub-02_ses-02_row-0563,3,107,1,svm,16,42,2,5,subject_specific,documented_152
2,2,sub-02_ses-02_row-0578,0,110,1,svm,16,42,2,5,subject_specific,documented_152
2,2,sub-02_ses-02_row-0583,3,111,3,svm,16,42,2,5,subject_specific,documented_152
2,2,sub-02_ses-02_row-0610,2,116,0,svm,16,42,2,5,subject_specific,documented_152
2,3,sub-02_ses-03_row-0282,1,54,3,svm,16,42,2,5,subject_specific,documented_152
2,3,sub-02_ses-03_row-0292,0,56,3,svm,16,42,2,5,subject_specific,documented_152
2,3,sub-02_ses-03_row-0329,1,63,3,svm,16,42,2,5,subject_specific,documented_152
2,3,sub-02_ses-03_row-0334,3,64,2,svm,16,42,2,5,subject_specific,documented_152
2,3,sub-02_ses-03_row-0351,2,67,0,svm,16,42,2,5,subject_specific,documented_152
2,3,sub-02_ses-03_row-0413,2,79,2,svm,16,42,2,5,subject_specific,documented_152
2,3,sub-02_ses-03_row-0432,1,82,0,svm,16,42,2,5,subject_specific,documented_152
2,3,sub-02_ses-03_row-0447,2,85,3,svm,16,42,2,5,subject_specific,documented_152
2,3,sub-02_ses-03_row-0457,1,87,0,svm,16,42,2,5,subject_specific,documented_152
2,3,sub-02_ses-03_row-0484,0,92,2,svm,16,42,2,5,subject_specific,documented_152
2,3,sub-02_ses-03_row-0489,1,93,3,svm,16,42,2,5,subject_specific,documented_152
2,3,sub-02_ses-03_row-0536,0,102,2,svm,16,42,2,5,subject_specific,documented_152
2,3,sub-02_ses-03_row-0578,3,110,1,svm,16,42,2,5,subject_specific,documented_152
2,3,sub-02_ses-03_row-0583,1,111,3,svm,16,42,2,5,subject_specific,documented_152
2,1,sub-02_ses-01_row-0322,0,62,3,svm,16,42,3,5,subject_specific,documented_152
2,1,sub-02_ses-01_row-0337,0,65,3,svm,16,42,3,5,subject_specific,documented_152
2,1,sub-02_ses-01_row-0342,2,66,2,svm,16,42,3,5,subject_specific,documented_152
2,1,sub-02_ses-01_row-0354,0,68,3,svm,16,42,3,5,subject_specific,documented_152
2,1,sub-02_ses-01_row-0369,1,71,3,svm,16,42,3,5,subject_specific,documented_152
2,1,sub-02_ses-01_row-0394,3,76,1,svm,16,42,3,5,subject_specific,documented_152
2,1,sub-02_ses-01_row-0458,1,88,3,svm,16,42,3,5,subject_specific,documented_152
2,1,sub-02_ses-01_row-0473,3,91,0,svm,16,42,3,5,subject_specific,documented_152
2,1,sub-02_ses-01_row-0495,2,95,0,svm,16,42,3,5,subject_specific,documented_152
2,1,sub-02_ses-01_row-0505,2,97,3,svm,16,42,3,5,subject_specific,documented_152
2,1,sub-02_ses-01_row-0577,2,111,3,svm,16,42,3,5,subject_specific,documented_152
2,2,sub-02_ses-02_row-0210,0,40,2,svm,16,42,3,5,subject_specific,documented_152
2,2,sub-02_ses-02_row-0230,3,44,2,svm,16,42,3,5,subject_specific,documented_152
2,2,sub-02_ses-02_row-0240,1,46,2,svm,16,42,3,5,subject_specific,documented_152
2,2,sub-02_ses-02_row-0245,2,47,3,svm,16,42,3,5,subject_specific,documented_152
2,2,sub-02_ses-02_row-0262,3,50,3,svm,16,42,3,5,subject_specific,documented_152
2,2,sub-02_ses-02_row-0277,1,53,0,svm,16,42,3,5,subject_specific,documented_152
2,2,sub-02_ses-02_row-0297,3,57,0,svm,16,42,3,5,subject_specific,documented_152
2,2,sub-02_ses-02_row-0324,0,62,3,svm,16,42,3,5,subject_specific,documented_152
2,2,sub-02_ses-02_row-0339,1,65,0,svm,16,42,3,5,subject_specific,documented_152
2,2,sub-02_ses-02_row-0361,0,69,0,svm,16,42,3,5,subject_specific,documented_152
2,2,sub-02_ses-02_row-0408,1,78,0,svm,16,42,3,5,subject_specific,documented_152
2,2,sub-02_ses-02_row-0413,2,79,0,svm,16,42,3,5,subject_specific,documented_152
2,2,sub-02_ses-02_row-0437,1,83,0,svm,16,42,3,5,subject_specific,documented_152
2,2,sub-02_ses-02_row-0474,1,90,0,svm,16,42,3,5,subject_specific,documented_152
2,2,sub-02_ses-02_row-0504,1,96,2,svm,16,42,3,5,subject_specific,documented_152
2,2,sub-02_ses-02_row-0526,2,100,0,svm,16,42,3,5,subject_specific,documented_152
2,2,sub-02_ses-02_row-0531,3,101,0,svm,16,42,3,5,subject_specific,documented_152
2,2,sub-02_ses-02_row-0541,3,103,0,svm,16,42,3,5,subject_specific,documented_152
2,2,sub-02_ses-02_row-0598,0,114,2,svm,16,42,3,5,subject_specific,documented_152
2,2,sub-02_ses-02_row-0620,1,118,0,svm,16,42,3,5,subject_specific,documented_152
2,3,sub-02_ses-03_row-0245,0,47,1,svm,16,42,3,5,subject_specific,documented_152
2,3,sub-02_ses-03_row-0262,0,50,1,svm,16,42,3,5,subject_specific,documented_152
2,3,sub-02_ses-03_row-0304,2,58,2,svm,16,42,3,5,subject_specific,documented_152
2,3,sub-02_ses-03_row-0309,0,59,1,svm,16,42,3,5,subject_specific,documented_152
2,3,sub-02_ses-03_row-0324,1,62,1,svm,16,42,3,5,subject_specific,documented_152
2,3,sub-02_ses-03_row-0381,3,73,3,svm,16,42,3,5,subject_specific,documented_152
2,3,sub-02_ses-03_row-0386,2,74,3,svm,16,42,3,5,subject_specific,documented_152
2,3,sub-02_ses-03_row-0422,3,80,0,svm,16,42,3,5,subject_specific,documented_152
2,3,sub-02_ses-03_row-0462,3,88,0,svm,16,42,3,5,subject_specific,documented_152
2,3,sub-02_ses-03_row-0469,0,89,0,svm,16,42,3,5,subject_specific,documented_152
2,3,sub-02_ses-03_row-0474,2,90,0,svm,16,42,3,5,subject_specific,documented_152
2,3,sub-02_ses-03_row-0494,2,94,1,svm,16,42,3,5,subject_specific,documented_152
2,3,sub-02_ses-03_row-0526,2,100,2,svm,16,42,3,5,subject_specific,documented_152
2,3,sub-02_ses-03_row-0546,0,104,0,svm,16,42,3,5,subject_specific,documented_152
2,3,sub-02_ses-03_row-0563,3,107,0,svm,16,42,3,5,subject_specific,documented_152
2,3,sub-02_ses-03_row-0598,3,114,0,svm,16,42,3,5,subject_specific,documented_152
2,3,sub-02_ses-03_row-0610,1,116,0,svm,16,42,3,5,subject_specific,documented_152
2,1,sub-02_ses-01_row-0225,1,43,1,svm,16,42,4,5,subject_specific,documented_152
2,1,sub-02_ses-01_row-0230,1,44,2,svm,16,42,4,5,subject_specific,documented_152
2,1,sub-02_ses-01_row-0250,0,48,0,svm,16,42,4,5,subject_specific,documented_152
2,1,sub-02_ses-01_row-0255,0,49,3,svm,16,42,4,5,subject_specific,documented_152
2,1,sub-02_ses-01_row-0282,3,54,1,svm,16,42,4,5,subject_specific,documented_152
2,1,sub-02_ses-01_row-0292,0,56,3,svm,16,42,4,5,subject_specific,documented_152
2,1,sub-02_ses-01_row-0302,2,58,0,svm,16,42,4,5,subject_specific,documented_152
2,1,sub-02_ses-01_row-0349,3,67,3,svm,16,42,4,5,subject_specific,documented_152
2,1,sub-02_ses-01_row-0404,3,78,2,svm,16,42,4,5,subject_specific,documented_152
2,1,sub-02_ses-01_row-0409,3,79,0,svm,16,42,4,5,subject_specific,documented_152
2,1,sub-02_ses-01_row-0428,1,82,3,svm,16,42,4,5,subject_specific,documented_152
2,1,sub-02_ses-01_row-0433,2,83,2,svm,16,42,4,5,subject_specific,documented_152
2,1,sub-02_ses-01_row-0483,2,93,0,svm,16,42,4,5,subject_specific,documented_152
2,1,sub-02_ses-01_row-0520,3,100,0,svm,16,42,4,5,subject_specific,documented_152
2,1,sub-02_ses-01_row-0607,1,117,3,svm,16,42,4,5,subject_specific,documented_152
2,1,sub-02_ses-01_row-0612,3,118,3,svm,16,42,4,5,subject_specific,documented_152
2,2,sub-02_ses-02_row-0215,0,41,3,svm,16,42,4,5,subject_specific,documented_152
2,2,sub-02_ses-02_row-0225,1,43,3,svm,16,42,4,5,subject_specific,documented_152
2,2,sub-02_ses-02_row-0302,0,58,3,svm,16,42,4,5,subject_specific,documented_152
2,2,sub-02_ses-02_row-0334,0,64,1,svm,16,42,4,5,subject_specific,documented_152
2,2,sub-02_ses-02_row-0366,0,70,3,svm,16,42,4,5,subject_specific,documented_152
2,2,sub-02_ses-02_row-0391,3,75,1,svm,16,42,4,5,subject_specific,documented_152
2,2,sub-02_ses-02_row-0432,2,82,2,svm,16,42,4,5,subject_specific,documented_152
2,2,sub-02_ses-02_row-0452,2,86,3,svm,16,42,4,5,subject_specific,documented_152
2,2,sub-02_ses-02_row-0509,3,97,1,svm,16,42,4,5,subject_specific,documented_152
2,2,sub-02_ses-02_row-0516,0,98,0,svm,16,42,4,5,subject_specific,documented_152
2,2,sub-02_ses-02_row-0551,2,105,1,svm,16,42,4,5,subject_specific,documented_152
2,2,sub-02_ses-02_row-0558,1,106,3,svm,16,42,4,5,subject_specific,documented_152
2,2,sub-02_ses-02_row-0573,1,109,1,svm,16,42,4,5,subject_specific,documented_152
2,2,sub-02_ses-02_row-0593,3,113,3,svm,16,42,4,5,subject_specific,documented_152
2,3,sub-02_ses-03_row-0215,2,41,3,svm,16,42,4,5,subject_specific,documented_152
2,3,sub-02_ses-03_row-0272,1,52,3,svm,16,42,4,5,subject_specific,documented_152
2,3,sub-02_ses-03_row-0297,1,57,3,svm,16,42,4,5,subject_specific,documented_152
2,3,sub-02_ses-03_row-0314,3,60,2,svm,16,42,4,5,subject_specific,documented_152
2,3,sub-02_ses-03_row-0319,1,61,3,svm,16,42,4,5,subject_specific,documented_152
2,3,sub-02_ses-03_row-0356,0,68,0,svm,16,42,4,5,subject_specific,documented_152
2,3,sub-02_ses-03_row-0371,2,71,2,svm,16,42,4,5,subject_specific,documented_152
2,3,sub-02_ses-03_row-0376,2,72,2,svm,16,42,4,5,subject_specific,documented_152
2,3,sub-02_ses-03_row-0403,2,77,0,svm,16,42,4,5,subject_specific,documented_152
2,3,sub-02_ses-03_row-0427,3,81,3,svm,16,42,4,5,subject_specific,documented_152
2,3,sub-02_ses-03_row-0437,0,83,3,svm,16,42,4,5,subject_specific,documented_152
2,3,sub-02_ses-03_row-0452,2,86,0,svm,16,42,4,5,subject_specific,documented_152
2,3,sub-02_ses-03_row-0541,1,103,3,svm,16,42,4,5,subject_specific,documented_152
2,3,sub-02_ses-03_row-0551,0,105,0,svm,16,42,4,5,subject_specific,documented_152
2,3,sub-02_ses-03_row-0568,2,108,1,svm,16,42,4,5,subject_specific,documented_152
2,3,sub-02_ses-03_row-0593,3,113,2,svm,16,42,4,5,subject_specific,documented_152
2,3,sub-02_ses-03_row-0603,0,115,2,svm,16,42,4,5,subject_specific,documented_152
2,3,sub-02_ses-03_row-0625,1,119,1,svm,16,42,4,5,subject_specific,documented_152
2,1,sub-02_ses-01_row-0245,2,47,2,svm,16,42,5,5,subject_specific,documented_152
2,1,sub-02_ses-01_row-0265,0,51,1,svm,16,42,5,5,subject_specific,documented_152
2,1,sub-02_ses-01_row-0270,2,52,3,svm,16,42,5,5,subject_specific,documented_152
2,1,sub-02_ses-01_row-0287,2,55,3,svm,16,42,5,5,subject_specific,documented_152
2,1,sub-02_ses-01_row-0307,2,59,3,svm,16,42,5,5,subject_specific,documented_152
2,1,sub-02_ses-01_row-0312,3,60,1,svm,16,42,5,5,subject_specific,documented_152
2,1,sub-02_ses-01_row-0317,1,61,3,svm,16,42,5,5,subject_specific,documented_152
2,1,sub-02_ses-01_row-0364,0,70,2,svm,16,42,5,5,subject_specific,documented_152
2,1,sub-02_ses-01_row-0374,1,72,0,svm,16,42,5,5,subject_specific,documented_152
2,1,sub-02_ses-01_row-0389,1,75,0,svm,16,42,5,5,subject_specific,documented_152
2,1,sub-02_ses-01_row-0418,0,80,1,svm,16,42,5,5,subject_specific,documented_152
2,1,sub-02_ses-01_row-0438,2,84,2,svm,16,42,5,5,subject_specific,documented_152
2,1,sub-02_ses-01_row-0443,2,85,3,svm,16,42,5,5,subject_specific,documented_152
2,1,sub-02_ses-01_row-0448,1,86,3,svm,16,42,5,5,subject_specific,documented_152
2,1,sub-02_ses-01_row-0478,3,92,3,svm,16,42,5,5,subject_specific,documented_152
2,1,sub-02_ses-01_row-0525,0,101,1,svm,16,42,5,5,subject_specific,documented_152
2,1,sub-02_ses-01_row-0530,3,102,2,svm,16,42,5,5,subject_specific,documented_152
2,1,sub-02_ses-01_row-0535,1,103,1,svm,16,42,5,5,subject_specific,documented_152
2,1,sub-02_ses-01_row-0550,2,106,2,svm,16,42,5,5,subject_specific,documented_152
2,1,sub-02_ses-01_row-0567,0,109,3,svm,16,42,5,5,subject_specific,documented_152
2,1,sub-02_ses-01_row-0587,0,113,2,svm,16,42,5,5,subject_specific,documented_152
2,1,sub-02_ses-01_row-0597,3,115,0,svm,16,42,5,5,subject_specific,documented_152
2,2,sub-02_ses-02_row-0250,1,48,3,svm,16,42,5,5,subject_specific,documented_152
2,2,sub-02_ses-02_row-0257,3,49,1,svm,16,42,5,5,subject_specific,documented_152
2,2,sub-02_ses-02_row-0287,1,55,0,svm,16,42,5,5,subject_specific,documented_152
2,2,sub-02_ses-02_row-0314,3,60,1,svm,16,42,5,5,subject_specific,documented_152
2,2,sub-02_ses-02_row-0329,2,63,3,svm,16,42,5,5,subject_specific,documented_152
2,2,sub-02_ses-02_row-0386,0,74,3,svm,16,42,5,5,subject_specific,documented_152
2,2,sub-02_ses-02_row-0396,2,76,0,svm,16,42,5,5,subject_specific,documented_152
2,2,sub-02_ses-02_row-0427,2,81,1,svm,16,42,5,5,subject_specific,documented_152
2,2,sub-02_ses-02_row-0462,3,88,0,svm,16,42,5,5,subject_specific,documented_152
2,2,sub-02_ses-02_row-0479,1,91,0,svm,16,42,5,5,subject_specific,documented_152
2,2,sub-02_ses-02_row-0521,0,99,0,svm,16,42,5,5,subject_specific,documented_152
2,2,sub-02_ses-02_row-0546,1,104,3,svm,16,42,5,5,subject_specific,documented_152
2,2,sub-02_ses-02_row-0588,3,112,0,svm,16,42,5,5,subject_specific,documented_152
2,2,sub-02_ses-02_row-0605,0,115,0,svm,16,42,5,5,subject_specific,documented_152
2,2,sub-02_ses-02_row-0615,0,117,3,svm,16,42,5,5,subject_specific,documented_152
2,2,sub-02_ses-02_row-0625,2,119,1,svm,16,42,5,5,subject_specific,documented_152
2,3,sub-02_ses-03_row-0225,3,43,1,svm,16,42,5,5,subject_specific,documented_152
2,3,sub-02_ses-03_row-0250,3,48,1,svm,16,42,5,5,subject_specific,documented_152
2,3,sub-02_ses-03_row-0257,2,49,1,svm,16,42,5,5,subject_specific,documented_152
2,3,sub-02_ses-03_row-0339,1,65,1,svm,16,42,5,5,subject_specific,documented_152
2,3,sub-02_ses-03_row-0344,0,66,0,svm,16,42,5,5,subject_specific,documented_152
2,3,sub-02_ses-03_row-0442,0,84,1,svm,16,42,5,5,subject_specific,documented_152
2,3,sub-02_ses-03_row-0479,1,91,1,svm,16,42,5,5,subject_specific,documented_152
2,3,sub-02_ses-03_row-0504,3,96,1,svm,16,42,5,5,subject_specific,documented_152
2,3,sub-02_ses-03_row-0588,3,112,0,svm,16,42,5,5,subject_specific,documented_152
2,3,sub-02_ses-03_row-0615,1,117,1,svm,16,42,5,5,subject_specific,documented_152
3,1,sub-03_ses-01_row-0220,2,42,0,svm,128,42,1,5,subject_specific,documented_152
3,1,sub-03_ses-01_row-0225,2,43,2,svm,128,42,1,5,subject_specific,documented_152
3,1,sub-03_ses-01_row-0230,3,44,1,svm,128,42,1,5,subject_specific,documented_152
3,1,sub-03_ses-01_row-0272,0,52,1,svm,128,42,1,5,subject_specific,documented_152
3,1,sub-03_ses-01_row-0322,1,62,0,svm,128,42,1,5,subject_specific,documented_152
3,1,sub-03_ses-01_row-0364,1,70,1,svm,128,42,1,5,subject_specific,documented_152
3,1,sub-03_ses-01_row-0369,3,71,0,svm,128,42,1,5,subject_specific,documented_152
3,1,sub-03_ses-01_row-0384,1,74,0,svm,128,42,1,5,subject_specific,documented_152
3,1,sub-03_ses-01_row-0399,2,77,1,svm,128,42,1,5,subject_specific,documented_152
3,2,sub-03_ses-02_row-0230,1,44,1,svm,128,42,1,5,subject_specific,documented_152
3,2,sub-03_ses-02_row-0245,0,47,0,svm,128,42,1,5,subject_specific,documented_152
3,2,sub-03_ses-02_row-0332,3,64,2,svm,128,42,1,5,subject_specific,documented_152
3,2,sub-03_ses-02_row-0374,0,72,2,svm,128,42,1,5,subject_specific,documented_152
3,2,sub-03_ses-02_row-0502,3,96,0,svm,128,42,1,5,subject_specific,documented_152
3,2,sub-03_ses-02_row-0512,1,98,2,svm,128,42,1,5,subject_specific,documented_152
3,2,sub-03_ses-02_row-0522,2,100,1,svm,128,42,1,5,subject_specific,documented_152
3,2,sub-03_ses-02_row-0559,3,107,3,svm,128,42,1,5,subject_specific,documented_152
3,2,sub-03_ses-02_row-0569,1,109,3,svm,128,42,1,5,subject_specific,documented_152
3,2,sub-03_ses-02_row-0589,0,113,3,svm,128,42,1,5,subject_specific,documented_152
3,2,sub-03_ses-02_row-0621,1,119,3,svm,128,42,1,5,subject_specific,documented_152
3,3,sub-03_ses-03_row-0135,0,25,3,svm,128,42,1,5,subject_specific,documented_152
3,3,sub-03_ses-03_row-0162,1,30,2,svm,128,42,1,5,subject_specific,documented_152
3,3,sub-03_ses-03_row-0197,3,37,1,svm,128,42,1,5,subject_specific,documented_152
3,3,sub-03_ses-03_row-0238,2,44,0,svm,128,42,1,5,subject_specific,documented_152
3,3,sub-03_ses-03_row-0260,2,48,3,svm,128,42,1,5,subject_specific,documented_152
3,3,sub-03_ses-03_row-0275,2,51,0,svm,128,42,1,5,subject_specific,documented_152
3,3,sub-03_ses-03_row-0280,3,52,0,svm,128,42,1,5,subject_specific,documented_152
3,3,sub-03_ses-03_row-0285,3,53,1,svm,128,42,1,5,subject_specific,documented_152
3,3,sub-03_ses-03_row-0295,0,55,1,svm,128,42,1,5,subject_specific,documented_152
3,3,sub-03_ses-03_row-0336,1,62,1,svm,128,42,1,5,subject_specific,documented_152
3,3,sub-03_ses-03_row-0341,3,63,1,svm,128,42,1,5,subject_specific,documented_152
3,3,sub-03_ses-03_row-0366,0,68,1,svm,128,42,1,5,subject_specific,documented_152
3,3,sub-03_ses-03_row-0371,0,69,0,svm,128,42,1,5,subject_specific,documented_152
3,3,sub-03_ses-03_row-0378,2,70,1,svm,128,42,1,5,subject_specific,documented_152
3,3,sub-03_ses-03_row-0403,0,75,1,svm,128,42,1,5,subject_specific,documented_152
3,3,sub-03_ses-03_row-0418,2,78,3,svm,128,42,1,5,subject_specific,documented_152
3,1,sub-03_ses-01_row-0235,3,45,1,svm,128,42,2,5,subject_specific,documented_152
3,1,sub-03_ses-01_row-0250,0,48,3,svm,128,42,2,5,subject_specific,documented_152
3,1,sub-03_ses-01_row-0282,2,54,3,svm,128,42,2,5,subject_specific,documented_152
3,1,sub-03_ses-01_row-0292,3,56,0,svm,128,42,2,5,subject_specific,documented_152
3,1,sub-03_ses-01_row-0312,0,60,0,svm,128,42,2,5,subject_specific,documented_152
3,1,sub-03_ses-01_row-0327,2,63,0,svm,128,42,2,5,subject_specific,documented_152
3,1,sub-03_ses-01_row-0354,1,68,1,svm,128,42,2,5,subject_specific,documented_152
3,1,sub-03_ses-01_row-0359,0,69,0,svm,128,42,2,5,subject_specific,documented_152
3,1,sub-03_ses-01_row-0389,3,75,1,svm,128,42,2,5,subject_specific,documented_152
3,2,sub-03_ses-02_row-0275,2,53,3,svm,128,42,2,5,subject_specific,documented_152
3,2,sub-03_ses-02_row-0297,3,57,1,svm,128,42,2,5,subject_specific,documented_152
3,2,sub-03_ses-02_row-0307,1,59,0,svm,128,42,2,5,subject_specific,documented_152
3,2,sub-03_ses-02_row-0317,1,61,3,svm,128,42,2,5,subject_specific,documented_152
3,2,sub-03_ses-02_row-0344,3,66,3,svm,128,42,2,5,subject_specific,documented_152
3,2,sub-03_ses-02_row-0349,2,67,2,svm,128,42,2,5,subject_specific,documented_152
3,2,sub-03_ses-02_row-0359,1,69,0,svm,128,42,2,5,subject_specific,documented_152
3,2,sub-03_ses-02_row-0364,1,70,2,svm,128,42,2,5,subject_specific,documented_152
3,2,sub-03_ses-02_row-0369,0,71,0,svm,128,42,2,5,subject_specific,documented_152
3,2,sub-03_ses-02_row-0389,1,75,2,svm,128,42,2,5,subject_specific,documented_152
3,2,sub-03_ses-02_row-0440,0,84,3,svm,128,42,2,5,subject_specific,documented_152
3,2,sub-03_ses-02_row-0445,2,85,2,svm,128,42,2,5,subject_specific,documented_152
3,2,sub-03_ses-02_row-0482,2,92,3,svm,128,42,2,5,subject_specific,documented_152
3,2,sub-03_ses-02_row-0497,3,95,3,svm,128,42,2,5,subject_specific,documented_152
3,2,sub-03_ses-02_row-0604,1,116,0,svm,128,42,2,5,subject_specific,documented_152
3,3,sub-03_ses-03_row-0115,3,21,2,svm,128,42,2,5,subject_specific,documented_152
3,3,sub-03_ses-03_row-0125,0,23,3,svm,128,42,2,5,subject_specific,documented_152
3,3,sub-03_ses-03_row-0140,2,26,0,svm,128,42,2,5,subject_specific,documented_152
3,3,sub-03_ses-03_row-0150,0,28,3,svm,128,42,2,5,subject_specific,documented_152
3,3,sub-03_ses-03_row-0167,3,31,3,svm,128,42,2,5,subject_specific,documented_152
3,3,sub-03_ses-03_row-0172,2,32,1,svm,128,42,2,5,subject_specific,documented_152
3,3,sub-03_ses-03_row-0228,1,42,0,svm,128,42,2,5,subject_specific,documented_152
3,3,sub-03_ses-03_row-0290,0,54,0,svm,128,42,2,5,subject_specific,documented_152
3,3,sub-03_ses-03_row-0346,3,64,3,svm,128,42,2,5,subject_specific,documented_152
3,3,sub-03_ses-03_row-0351,0,65,1,svm,128,42,2,5,subject_specific,documented_152
3,3,sub-03_ses-03_row-0361,1,67,3,svm,128,42,2,5,subject_specific,documented_152
3,3,sub-03_ses-03_row-0383,2,71,1,svm,128,42,2,5,subject_specific,documented_152
3,1,sub-03_ses-01_row-0215,1,41,3,svm,128,42,3,5,subject_specific,documented_152
3,1,sub-03_ses-01_row-0245,1,47,3,svm,128,42,3,5,subject_specific,documented_152
3,1,sub-03_ses-01_row-0260,2,50,1,svm,128,42,3,5,subject_specific,documented_152
3,1,sub-03_ses-01_row-0277,2,53,0,svm,128,42,3,5,subject_specific,documented_152
3,1,sub-03_ses-01_row-0287,3,55,3,svm,128,42,3,5,subject_specific,documented_152
3,1,sub-03_ses-01_row-0332,2,64,1,svm,128,42,3,5,subject_specific,documented_152
3,1,sub-03_ses-01_row-0379,0,73,3,svm,128,42,3,5,subject_specific,documented_152
3,1,sub-03_ses-01_row-0394,0,76,2,svm,128,42,3,5,subject_specific,documented_152
3,2,sub-03_ses-02_row-0210,0,40,2,svm,128,42,3,5,subject_specific,documented_152
3,2,sub-03_ses-02_row-0220,3,42,3,svm,128,42,3,5,subject_specific,documented_152
3,2,sub-03_ses-02_row-0235,2,45,2,svm,128,42,3,5,subject_specific,documented_152
3,2,sub-03_ses-02_row-0240,1,46,3,svm,128,42,3,5,subject_specific,documented_152
3,2,sub-03_ses-02_row-0255,3,49,1,svm,128,42,3,5,subject_specific,documented_152
3,2,sub-03_ses-02_row-0282,3,54,1,svm,128,42,3,5,subject_specific,documented_152
3,2,sub-03_ses-02_row-0292,1,56,0,svm,128,42,3,5,subject_specific,documented_152
3,2,sub-03_ses-02_row-0302,3,58,1,svm,128,42,3,5,subject_specific,documented_152
3,2,sub-03_ses-02_row-0379,0,73,1,svm,128,42,3,5,subject_specific,documented_152
3,2,sub-03_ses-02_row-0394,2,76,1,svm,128,42,3,5,subject_specific,documented_152
3,2,sub-03_ses-02_row-0411,0,79,3,svm,128,42,3,5,subject_specific,documented_152
3,2,sub-03_ses-02_row-0430,3,82,0,svm,128,42,3,5,subject_specific,documented_152
3,2,sub-03_ses-02_row-0517,2,99,2,svm,128,42,3,5,subject_specific,documented_152
3,2,sub-03_ses-02_row-0574,0,110,2,svm,128,42,3,5,subject_specific,documented_152
3,2,sub-03_ses-02_row-0616,0,118,0,svm,128,42,3,5,subject_specific,documented_152
3,3,sub-03_ses-03_row-0120,3,22,2,svm,128,42,3,5,subject_specific,documented_152
3,3,sub-03_ses-03_row-0130,1,24,1,svm,128,42,3,5,subject_specific,documented_152
3,3,sub-03_ses-03_row-0209,1,39,3,svm,128,42,3,5,subject_specific,documented_152
3,3,sub-03_ses-03_row-0243,1,45,3,svm,128,42,3,5,subject_specific,documented_152
3,3,sub-03_ses-03_row-0248,1,46,0,svm,128,42,3,5,subject_specific,documented_152
3,3,sub-03_ses-03_row-0253,3,47,3,svm,128,42,3,5,subject_specific,documented_152
3,3,sub-03_ses-03_row-0270,2,50,0,svm,128,42,3,5,subject_specific,documented_152
3,3,sub-03_ses-03_row-0300,3,56,0,svm,128,42,3,5,subject_specific,documented_152
3,3,sub-03_ses-03_row-0312,0,58,1,svm,128,42,3,5,subject_specific,documented_152
3,3,sub-03_ses-03_row-0326,1,60,1,svm,128,42,3,5,subject_specific,documented_152
3,3,sub-03_ses-03_row-0331,2,61,1,svm,128,42,3,5,subject_specific,documented_152
3,3,sub-03_ses-03_row-0356,0,66,3,svm,128,42,3,5,subject_specific,documented_152
3,3,sub-03_ses-03_row-0388,2,72,0,svm,128,42,3,5,subject_specific,documented_152
3,1,sub-03_ses-01_row-0240,3,46,0,svm,128,42,4,5,subject_specific,documented_152
3,1,sub-03_ses-01_row-0297,3,57,1,svm,128,42,4,5,subject_specific,documented_152
3,1,sub-03_ses-01_row-0302,1,58,2,svm,128,42,4,5,subject_specific,documented_152
3,1,sub-03_ses-01_row-0344,3,66,2,svm,128,42,4,5,subject_specific,documented_152
3,1,sub-03_ses-01_row-0349,0,67,0,svm,128,42,4,5,subject_specific,documented_152
3,1,sub-03_ses-01_row-0404,0,78,3,svm,128,42,4,5,subject_specific,documented_152
3,1,sub-03_ses-01_row-0411,2,79,3,svm,128,42,4,5,subject_specific,documented_152
3,2,sub-03_ses-02_row-0215,3,41,3,svm,128,42,4,5,subject_specific,documented_152
3,2,sub-03_ses-02_row-0260,1,50,0,svm,128,42,4,5,subject_specific,documented_152
3,2,sub-03_ses-02_row-0270,2,52,0,svm,128,42,4,5,subject_specific,documented_152
3,2,sub-03_ses-02_row-0337,0,65,2,svm,128,42,4,5,subject_specific,documented_152
3,2,sub-03_ses-02_row-0354,2,68,0,svm,128,42,4,5,subject_specific,documented_152
3,2,sub-03_ses-02_row-0384,3,74,3,svm,128,42,4,5,subject_specific,documented_152
3,2,sub-03_ses-02_row-0425,1,81,1,svm,128,42,4,5,subject_specific,documented_152
3,2,sub-03_ses-02_row-0435,0,83,3,svm,128,42,4,5,subject_specific,documented_152
3,2,sub-03_ses-02_row-0450,3,86,0,svm,128,42,4,5,subject_specific,documented_152
3,2,sub-03_ses-02_row-0455,2,87,2,svm,128,42,4,5,subject_specific,documented_152
3,2,sub-03_ses-02_row-0470,2,90,0,svm,128,42,4,5,subject_specific,documented_152
3,2,sub-03_ses-02_row-0487,1,93,0,svm,128,42,4,5,subject_specific,documented_152
3,2,sub-03_ses-02_row-0492,0,94,0,svm,128,42,4,5,subject_specific,documented_152
3,2,sub-03_ses-02_row-0507,3,97,1,svm,128,42,4,5,subject_specific,documented_152
3,2,sub-03_ses-02_row-0527,0,101,0,svm,128,42,4,5,subject_specific,documented_152
3,2,sub-03_ses-02_row-0532,0,102,1,svm,128,42,4,5,subject_specific,documented_152
3,2,sub-03_ses-02_row-0544,1,104,2,svm,128,42,4,5,subject_specific,documented_152
3,2,sub-03_ses-02_row-0549,1,105,3,svm,128,42,4,5,subject_specific,documented_152
3,2,sub-03_ses-02_row-0564,2,108,0,svm,128,42,4,5,subject_specific,documented_152
3,2,sub-03_ses-02_row-0584,2,112,2,svm,128,42,4,5,subject_specific,documented_152
3,2,sub-03_ses-02_row-0594,3,114,0,svm,128,42,4,5,subject_specific,documented_152
3,2,sub-03_ses-02_row-0599,0,115,0,svm,128,42,4,5,subject_specific,documented_152
3,2,sub-03_ses-02_row-0609,1,117,0,svm,128,42,4,5,subject_specific,documented_152
3,3,sub-03_ses-03_row-0145,0,27,3,svm,128,42,4,5,subject_specific,documented_152
3,3,sub-03_ses-03_row-0192,2,36,0,svm,128,42,4,5,subject_specific,documented_152
3,3,sub-03_ses-03_row-0204,1,38,1,svm,128,42,4,5,subject_specific,documented_152
3,3,sub-03_ses-03_row-0265,2,49,3,svm,128,42,4,5,subject_specific,documented_152
3,3,sub-03_ses-03_row-0393,1,73,2,svm,128,42,4,5,subject_specific,documented_152
3,3,sub-03_ses-03_row-0398,3,74,1,svm,128,42,4,5,subject_specific,documented_152
3,1,sub-03_ses-01_row-0210,1,40,3,svm,128,42,5,5,subject_specific,documented_152
3,1,sub-03_ses-01_row-0255,0,49,0,svm,128,42,5,5,subject_specific,documented_152
3,1,sub-03_ses-01_row-0265,1,51,3,svm,128,42,5,5,subject_specific,documented_152
3,1,sub-03_ses-01_row-0307,1,59,1,svm,128,42,5,5,subject_specific,documented_152
3,1,sub-03_ses-01_row-0317,2,61,2,svm,128,42,5,5,subject_specific,documented_152
3,1,sub-03_ses-01_row-0339,3,65,1,svm,128,42,5,5,subject_specific,documented_152
3,1,sub-03_ses-01_row-0374,0,72,2,svm,128,42,5,5,subject_specific,documented_152
3,2,sub-03_ses-02_row-0225,2,43,0,svm,128,42,5,5,subject_specific,documented_152
3,2,sub-03_ses-02_row-0250,2,48,1,svm,128,42,5,5,subject_specific,documented_152
3,2,sub-03_ses-02_row-0265,3,51,2,svm,128,42,5,5,subject_specific,documented_152
3,2,sub-03_ses-02_row-0287,0,55,0,svm,128,42,5,5,subject_specific,documented_152
3,2,sub-03_ses-02_row-0312,0,60,1,svm,128,42,5,5,subject_specific,documented_152
3,2,sub-03_ses-02_row-0322,0,62,2,svm,128,42,5,5,subject_specific,documented_152
3,2,sub-03_ses-02_row-0327,1,63,2,svm,128,42,5,5,subject_specific,documented_152
3,2,sub-03_ses-02_row-0401,2,77,2,svm,128,42,5,5,subject_specific,documented_152
3,2,sub-03_ses-02_row-0406,2,78,1,svm,128,42,5,5,subject_specific,documented_152
3,2,sub-03_ses-02_row-0420,1,80,1,svm,128,42,5,5,subject_specific,documented_152
3,2,sub-03_ses-02_row-0460,3,88,0,svm,128,42,5,5,subject_specific,documented_152
3,2,sub-03_ses-02_row-0465,2,89,0,svm,128,42,5,5,subject_specific,documented_152
3,2,sub-03_ses-02_row-0475,3,91,1,svm,128,42,5,5,subject_specific,documented_152
3,2,sub-03_ses-02_row-0537,3,103,1,svm,128,42,5,5,subject_specific,documented_152
3,2,sub-03_ses-02_row-0554,2,106,1,svm,128,42,5,5,subject_specific,documented_152
3,2,sub-03_ses-02_row-0579,0,111,2,svm,128,42,5,5,subject_specific,documented_152
3,3,sub-03_ses-03_row-0110,1,20,2,svm,128,42,5,5,subject_specific,documented_152
3,3,sub-03_ses-03_row-0157,2,29,1,svm,128,42,5,5,subject_specific,documented_152
3,3,sub-03_ses-03_row-0177,0,33,3,svm,128,42,5,5,subject_specific,documented_152
3,3,sub-03_ses-03_row-0182,2,34,1,svm,128,42,5,5,subject_specific,documented_152
3,3,sub-03_ses-03_row-0187,3,35,3,svm,128,42,5,5,subject_specific,documented_152
3,3,sub-03_ses-03_row-0218,1,40,3,svm,128,42,5,5,subject_specific,documented_152
3,3,sub-03_ses-03_row-0223,3,41,3,svm,128,42,5,5,subject_specific,documented_152
3,3,sub-03_ses-03_row-0233,0,43,0,svm,128,42,5,5,subject_specific,documented_152
3,3,sub-03_ses-03_row-0307,1,57,0,svm,128,42,5,5,subject_specific,documented_152
3,3,sub-03_ses-03_row-0317,0,59,0,svm,128,42,5,5,subject_specific,documented_152
3,3,sub-03_ses-03_row-0408,1,76,1,svm,128,42,5,5,subject_specific,documented_152
3,3,sub-03_ses-03_row-0413,3,77,2,svm,128,42,5,5,subject_specific,documented_152
3,3,sub-03_ses-03_row-0423,3,79,1,svm,128,42,5,5,subject_specific,documented_152
3,1,sub-03_ses-01_row-0220,2,42,0,svm,64,42,1,5,subject_specific,documented_152
3,1,sub-03_ses-01_row-0225,2,43,2,svm,64,42,1,5,subject_specific,documented_152
3,1,sub-03_ses-01_row-0230,3,44,1,svm,64,42,1,5,subject_specific,documented_152
3,1,sub-03_ses-01_row-0272,0,52,3,svm,64,42,1,5,subject_specific,documented_152
3,1,sub-03_ses-01_row-0322,1,62,0,svm,64,42,1,5,subject_specific,documented_152
3,1,sub-03_ses-01_row-0364,1,70,1,svm,64,42,1,5,subject_specific,documented_152
3,1,sub-03_ses-01_row-0369,3,71,0,svm,64,42,1,5,subject_specific,documented_152
3,1,sub-03_ses-01_row-0384,1,74,0,svm,64,42,1,5,subject_specific,documented_152
3,1,sub-03_ses-01_row-0399,2,77,1,svm,64,42,1,5,subject_specific,documented_152
3,2,sub-03_ses-02_row-0230,1,44,1,svm,64,42,1,5,subject_specific,documented_152
3,2,sub-03_ses-02_row-0245,0,47,0,svm,64,42,1,5,subject_specific,documented_152
3,2,sub-03_ses-02_row-0332,3,64,2,svm,64,42,1,5,subject_specific,documented_152
3,2,sub-03_ses-02_row-0374,0,72,2,svm,64,42,1,5,subject_specific,documented_152
3,2,sub-03_ses-02_row-0502,3,96,0,svm,64,42,1,5,subject_specific,documented_152
3,2,sub-03_ses-02_row-0512,1,98,2,svm,64,42,1,5,subject_specific,documented_152
3,2,sub-03_ses-02_row-0522,2,100,1,svm,64,42,1,5,subject_specific,documented_152
3,2,sub-03_ses-02_row-0559,3,107,3,svm,64,42,1,5,subject_specific,documented_152
3,2,sub-03_ses-02_row-0569,1,109,3,svm,64,42,1,5,subject_specific,documented_152
3,2,sub-03_ses-02_row-0589,0,113,3,svm,64,42,1,5,subject_specific,documented_152
3,2,sub-03_ses-02_row-0621,1,119,3,svm,64,42,1,5,subject_specific,documented_152
3,3,sub-03_ses-03_row-0135,0,25,3,svm,64,42,1,5,subject_specific,documented_152
3,3,sub-03_ses-03_row-0162,1,30,2,svm,64,42,1,5,subject_specific,documented_152
3,3,sub-03_ses-03_row-0197,3,37,0,svm,64,42,1,5,subject_specific,documented_152
3,3,sub-03_ses-03_row-0238,2,44,0,svm,64,42,1,5,subject_specific,documented_152
3,3,sub-03_ses-03_row-0260,2,48,0,svm,64,42,1,5,subject_specific,documented_152
3,3,sub-03_ses-03_row-0275,2,51,0,svm,64,42,1,5,subject_specific,documented_152
3,3,sub-03_ses-03_row-0280,3,52,0,svm,64,42,1,5,subject_specific,documented_152
3,3,sub-03_ses-03_row-0285,3,53,1,svm,64,42,1,5,subject_specific,documented_152
3,3,sub-03_ses-03_row-0295,0,55,1,svm,64,42,1,5,subject_specific,documented_152
3,3,sub-03_ses-03_row-0336,1,62,1,svm,64,42,1,5,subject_specific,documented_152
3,3,sub-03_ses-03_row-0341,3,63,0,svm,64,42,1,5,subject_specific,documented_152
3,3,sub-03_ses-03_row-0366,0,68,0,svm,64,42,1,5,subject_specific,documented_152
3,3,sub-03_ses-03_row-0371,0,69,2,svm,64,42,1,5,subject_specific,documented_152
3,3,sub-03_ses-03_row-0378,2,70,1,svm,64,42,1,5,subject_specific,documented_152
3,3,sub-03_ses-03_row-0403,0,75,1,svm,64,42,1,5,subject_specific,documented_152
3,3,sub-03_ses-03_row-0418,2,78,3,svm,64,42,1,5,subject_specific,documented_152
3,1,sub-03_ses-01_row-0235,3,45,1,svm,64,42,2,5,subject_specific,documented_152
3,1,sub-03_ses-01_row-0250,0,48,3,svm,64,42,2,5,subject_specific,documented_152
3,1,sub-03_ses-01_row-0282,2,54,3,svm,64,42,2,5,subject_specific,documented_152
3,1,sub-03_ses-01_row-0292,3,56,0,svm,64,42,2,5,subject_specific,documented_152
3,1,sub-03_ses-01_row-0312,0,60,0,svm,64,42,2,5,subject_specific,documented_152
3,1,sub-03_ses-01_row-0327,2,63,0,svm,64,42,2,5,subject_specific,documented_152
3,1,sub-03_ses-01_row-0354,1,68,3,svm,64,42,2,5,subject_specific,documented_152
3,1,sub-03_ses-01_row-0359,0,69,0,svm,64,42,2,5,subject_specific,documented_152
3,1,sub-03_ses-01_row-0389,3,75,3,svm,64,42,2,5,subject_specific,documented_152
3,2,sub-03_ses-02_row-0275,2,53,3,svm,64,42,2,5,subject_specific,documented_152
3,2,sub-03_ses-02_row-0297,3,57,0,svm,64,42,2,5,subject_specific,documented_152
3,2,sub-03_ses-02_row-0307,1,59,0,svm,64,42,2,5,subject_specific,documented_152
3,2,sub-03_ses-02_row-0317,1,61,3,svm,64,42,2,5,subject_specific,documented_152
3,2,sub-03_ses-02_row-0344,3,66,3,svm,64,42,2,5,subject_specific,documented_152
3,2,sub-03_ses-02_row-0349,2,67,0,svm,64,42,2,5,subject_specific,documented_152
3,2,sub-03_ses-02_row-0359,1,69,0,svm,64,42,2,5,subject_specific,documented_152
3,2,sub-03_ses-02_row-0364,1,70,2,svm,64,42,2,5,subject_specific,documented_152
3,2,sub-03_ses-02_row-0369,0,71,0,svm,64,42,2,5,subject_specific,documented_152
3,2,sub-03_ses-02_row-0389,1,75,2,svm,64,42,2,5,subject_specific,documented_152
3,2,sub-03_ses-02_row-0440,0,84,0,svm,64,42,2,5,subject_specific,documented_152
3,2,sub-03_ses-02_row-0445,2,85,3,svm,64,42,2,5,subject_specific,documented_152
3,2,sub-03_ses-02_row-0482,2,92,2,svm,64,42,2,5,subject_specific,documented_152
3,2,sub-03_ses-02_row-0497,3,95,0,svm,64,42,2,5,subject_specific,documented_152
3,2,sub-03_ses-02_row-0604,1,116,0,svm,64,42,2,5,subject_specific,documented_152
3,3,sub-03_ses-03_row-0115,3,21,2,svm,64,42,2,5,subject_specific,documented_152
3,3,sub-03_ses-03_row-0125,0,23,3,svm,64,42,2,5,subject_specific,documented_152
3,3,sub-03_ses-03_row-0140,2,26,2,svm,64,42,2,5,subject_specific,documented_152
3,3,sub-03_ses-03_row-0150,0,28,3,svm,64,42,2,5,subject_specific,documented_152
3,3,sub-03_ses-03_row-0167,3,31,3,svm,64,42,2,5,subject_specific,documented_152
3,3,sub-03_ses-03_row-0172,2,32,2,svm,64,42,2,5,subject_specific,documented_152
3,3,sub-03_ses-03_row-0228,1,42,0,svm,64,42,2,5,subject_specific,documented_152
3,3,sub-03_ses-03_row-0290,0,54,0,svm,64,42,2,5,subject_specific,documented_152
3,3,sub-03_ses-03_row-0346,3,64,2,svm,64,42,2,5,subject_specific,documented_152
3,3,sub-03_ses-03_row-0351,0,65,1,svm,64,42,2,5,subject_specific,documented_152
3,3,sub-03_ses-03_row-0361,1,67,3,svm,64,42,2,5,subject_specific,documented_152
3,3,sub-03_ses-03_row-0383,2,71,1,svm,64,42,2,5,subject_specific,documented_152
3,1,sub-03_ses-01_row-0215,1,41,3,svm,64,42,3,5,subject_specific,documented_152
3,1,sub-03_ses-01_row-0245,1,47,2,svm,64,42,3,5,subject_specific,documented_152
3,1,sub-03_ses-01_row-0260,2,50,1,svm,64,42,3,5,subject_specific,documented_152
3,1,sub-03_ses-01_row-0277,2,53,0,svm,64,42,3,5,subject_specific,documented_152
3,1,sub-03_ses-01_row-0287,3,55,1,svm,64,42,3,5,subject_specific,documented_152
3,1,sub-03_ses-01_row-0332,2,64,1,svm,64,42,3,5,subject_specific,documented_152
3,1,sub-03_ses-01_row-0379,0,73,3,svm,64,42,3,5,subject_specific,documented_152
3,1,sub-03_ses-01_row-0394,0,76,0,svm,64,42,3,5,subject_specific,documented_152
3,2,sub-03_ses-02_row-0210,0,40,2,svm,64,42,3,5,subject_specific,documented_152
3,2,sub-03_ses-02_row-0220,3,42,3,svm,64,42,3,5,subject_specific,documented_152
3,2,sub-03_ses-02_row-0235,2,45,2,svm,64,42,3,5,subject_specific,documented_152
3,2,sub-03_ses-02_row-0240,1,46,3,svm,64,42,3,5,subject_specific,documented_152
3,2,sub-03_ses-02_row-0255,3,49,1,svm,64,42,3,5,subject_specific,documented_152
3,2,sub-03_ses-02_row-0282,3,54,1,svm,64,42,3,5,subject_specific,documented_152
3,2,sub-03_ses-02_row-0292,1,56,0,svm,64,42,3,5,subject_specific,documented_152
3,2,sub-03_ses-02_row-0302,3,58,1,svm,64,42,3,5,subject_specific,documented_152
3,2,sub-03_ses-02_row-0379,0,73,1,svm,64,42,3,5,subject_specific,documented_152
3,2,sub-03_ses-02_row-0394,2,76,1,svm,64,42,3,5,subject_specific,documented_152
3,2,sub-03_ses-02_row-0411,0,79,3,svm,64,42,3,5,subject_specific,documented_152
3,2,sub-03_ses-02_row-0430,3,82,0,svm,64,42,3,5,subject_specific,documented_152
3,2,sub-03_ses-02_row-0517,2,99,1,svm,64,42,3,5,subject_specific,documented_152
3,2,sub-03_ses-02_row-0574,0,110,2,svm,64,42,3,5,subject_specific,documented_152
3,2,sub-03_ses-02_row-0616,0,118,0,svm,64,42,3,5,subject_specific,documented_152
3,3,sub-03_ses-03_row-0120,3,22,0,svm,64,42,3,5,subject_specific,documented_152
3,3,sub-03_ses-03_row-0130,1,24,3,svm,64,42,3,5,subject_specific,documented_152
3,3,sub-03_ses-03_row-0209,1,39,3,svm,64,42,3,5,subject_specific,documented_152
3,3,sub-03_ses-03_row-0243,1,45,3,svm,64,42,3,5,subject_specific,documented_152
3,3,sub-03_ses-03_row-0248,1,46,0,svm,64,42,3,5,subject_specific,documented_152
3,3,sub-03_ses-03_row-0253,3,47,3,svm,64,42,3,5,subject_specific,documented_152
3,3,sub-03_ses-03_row-0270,2,50,0,svm,64,42,3,5,subject_specific,documented_152
3,3,sub-03_ses-03_row-0300,3,56,0,svm,64,42,3,5,subject_specific,documented_152
3,3,sub-03_ses-03_row-0312,0,58,0,svm,64,42,3,5,subject_specific,documented_152
3,3,sub-03_ses-03_row-0326,1,60,1,svm,64,42,3,5,subject_specific,documented_152
3,3,sub-03_ses-03_row-0331,2,61,1,svm,64,42,3,5,subject_specific,documented_152
3,3,sub-03_ses-03_row-0356,0,66,1,svm,64,42,3,5,subject_specific,documented_152
3,3,sub-03_ses-03_row-0388,2,72,0,svm,64,42,3,5,subject_specific,documented_152
3,1,sub-03_ses-01_row-0240,3,46,0,svm,64,42,4,5,subject_specific,documented_152
3,1,sub-03_ses-01_row-0297,3,57,0,svm,64,42,4,5,subject_specific,documented_152
3,1,sub-03_ses-01_row-0302,1,58,2,svm,64,42,4,5,subject_specific,documented_152
3,1,sub-03_ses-01_row-0344,3,66,1,svm,64,42,4,5,subject_specific,documented_152
3,1,sub-03_ses-01_row-0349,0,67,0,svm,64,42,4,5,subject_specific,documented_152
3,1,sub-03_ses-01_row-0404,0,78,3,svm,64,42,4,5,subject_specific,documented_152
3,1,sub-03_ses-01_row-0411,2,79,2,svm,64,42,4,5,subject_specific,documented_152
3,2,sub-03_ses-02_row-0215,3,41,3,svm,64,42,4,5,subject_specific,documented_152
3,2,sub-03_ses-02_row-0260,1,50,0,svm,64,42,4,5,subject_specific,documented_152
3,2,sub-03_ses-02_row-0270,2,52,0,svm,64,42,4,5,subject_specific,documented_152
3,2,sub-03_ses-02_row-0337,0,65,2,svm,64,42,4,5,subject_specific,documented_152
3,2,sub-03_ses-02_row-0354,2,68,1,svm,64,42,4,5,subject_specific,documented_152
3,2,sub-03_ses-02_row-0384,3,74,3,svm,64,42,4,5,subject_specific,documented_152
3,2,sub-03_ses-02_row-0425,1,81,1,svm,64,42,4,5,subject_specific,documented_152
3,2,sub-03_ses-02_row-0435,0,83,1,svm,64,42,4,5,subject_specific,documented_152
3,2,sub-03_ses-02_row-0450,3,86,3,svm,64,42,4,5,subject_specific,documented_152
3,2,sub-03_ses-02_row-0455,2,87,2,svm,64,42,4,5,subject_specific,documented_152
3,2,sub-03_ses-02_row-0470,2,90,0,svm,64,42,4,5,subject_specific,documented_152
3,2,sub-03_ses-02_row-0487,1,93,0,svm,64,42,4,5,subject_specific,documented_152
3,2,sub-03_ses-02_row-0492,0,94,0,svm,64,42,4,5,subject_specific,documented_152
3,2,sub-03_ses-02_row-0507,3,97,1,svm,64,42,4,5,subject_specific,documented_152
3,2,sub-03_ses-02_row-0527,0,101,0,svm,64,42,4,5,subject_specific,documented_152
3,2,sub-03_ses-02_row-0532,0,102,1,svm,64,42,4,5,subject_specific,documented_152
3,2,sub-03_ses-02_row-0544,1,104,1,svm,64,42,4,5,subject_specific,documented_152
3,2,sub-03_ses-02_row-0549,1,105,3,svm,64,42,4,5,subject_specific,documented_152
3,2,sub-03_ses-02_row-0564,2,108,3,svm,64,42,4,5,subject_specific,documented_152
3,2,sub-03_ses-02_row-0584,2,112,2,svm,64,42,4,5,subject_specific,documented_152
3,2,sub-03_ses-02_row-0594,3,114,0,svm,64,42,4,5,subject_specific,documented_152
3,2,sub-03_ses-02_row-0599,0,115,0,svm,64,42,4,5,subject_specific,documented_152
3,2,sub-03_ses-02_row-0609,1,117,2,svm,64,42,4,5,subject_specific,documented_152
3,3,sub-03_ses-03_row-0145,0,27,0,svm,64,42,4,5,subject_specific,documented_152
3,3,sub-03_ses-03_row-0192,2,36,2,svm,64,42,4,5,subject_specific,documented_152
3,3,sub-03_ses-03_row-0204,1,38,1,svm,64,42,4,5,subject_specific,documented_152
3,3,sub-03_ses-03_row-0265,2,49,3,svm,64,42,4,5,subject_specific,documented_152
3,3,sub-03_ses-03_row-0393,1,73,2,svm,64,42,4,5,subject_specific,documented_152
3,3,sub-03_ses-03_row-0398,3,74,1,svm,64,42,4,5,subject_specific,documented_152
3,1,sub-03_ses-01_row-0210,1,40,3,svm,64,42,5,5,subject_specific,documented_152
3,1,sub-03_ses-01_row-0255,0,49,0,svm,64,42,5,5,subject_specific,documented_152
3,1,sub-03_ses-01_row-0265,1,51,2,svm,64,42,5,5,subject_specific,documented_152
3,1,sub-03_ses-01_row-0307,1,59,2,svm,64,42,5,5,subject_specific,documented_152
3,1,sub-03_ses-01_row-0317,2,61,2,svm,64,42,5,5,subject_specific,documented_152
3,1,sub-03_ses-01_row-0339,3,65,1,svm,64,42,5,5,subject_specific,documented_152
3,1,sub-03_ses-01_row-0374,0,72,3,svm,64,42,5,5,subject_specific,documented_152
3,2,sub-03_ses-02_row-0225,2,43,3,svm,64,42,5,5,subject_specific,documented_152
3,2,sub-03_ses-02_row-0250,2,48,1,svm,64,42,5,5,subject_specific,documented_152
3,2,sub-03_ses-02_row-0265,3,51,2,svm,64,42,5,5,subject_specific,documented_152
3,2,sub-03_ses-02_row-0287,0,55,3,svm,64,42,5,5,subject_specific,documented_152
3,2,sub-03_ses-02_row-0312,0,60,1,svm,64,42,5,5,subject_specific,documented_152
3,2,sub-03_ses-02_row-0322,0,62,0,svm,64,42,5,5,subject_specific,documented_152
3,2,sub-03_ses-02_row-0327,1,63,0,svm,64,42,5,5,subject_specific,documented_152
3,2,sub-03_ses-02_row-0401,2,77,3,svm,64,42,5,5,subject_specific,documented_152
3,2,sub-03_ses-02_row-0406,2,78,2,svm,64,42,5,5,subject_specific,documented_152
3,2,sub-03_ses-02_row-0420,1,80,1,svm,64,42,5,5,subject_specific,documented_152
3,2,sub-03_ses-02_row-0460,3,88,0,svm,64,42,5,5,subject_specific,documented_152
3,2,sub-03_ses-02_row-0465,2,89,0,svm,64,42,5,5,subject_specific,documented_152
3,2,sub-03_ses-02_row-0475,3,91,1,svm,64,42,5,5,subject_specific,documented_152
3,2,sub-03_ses-02_row-0537,3,103,1,svm,64,42,5,5,subject_specific,documented_152
3,2,sub-03_ses-02_row-0554,2,106,3,svm,64,42,5,5,subject_specific,documented_152
3,2,sub-03_ses-02_row-0579,0,111,2,svm,64,42,5,5,subject_specific,documented_152
3,3,sub-03_ses-03_row-0110,1,20,2,svm,64,42,5,5,subject_specific,documented_152
3,3,sub-03_ses-03_row-0157,2,29,1,svm,64,42,5,5,subject_specific,documented_152
3,3,sub-03_ses-03_row-0177,0,33,0,svm,64,42,5,5,subject_specific,documented_152
3,3,sub-03_ses-03_row-0182,2,34,1,svm,64,42,5,5,subject_specific,documented_152
3,3,sub-03_ses-03_row-0187,3,35,0,svm,64,42,5,5,subject_specific,documented_152
3,3,sub-03_ses-03_row-0218,1,40,3,svm,64,42,5,5,subject_specific,documented_152
3,3,sub-03_ses-03_row-0223,3,41,3,svm,64,42,5,5,subject_specific,documented_152
3,3,sub-03_ses-03_row-0233,0,43,0,svm,64,42,5,5,subject_specific,documented_152
3,3,sub-03_ses-03_row-0307,1,57,0,svm,64,42,5,5,subject_specific,documented_152
3,3,sub-03_ses-03_row-0317,0,59,0,svm,64,42,5,5,subject_specific,documented_152
3,3,sub-03_ses-03_row-0408,1,76,1,svm,64,42,5,5,subject_specific,documented_152
3,3,sub-03_ses-03_row-0413,3,77,0,svm,64,42,5,5,subject_specific,documented_152
3,3,sub-03_ses-03_row-0423,3,79,1,svm,64,42,5,5,subject_specific,documented_152
3,1,sub-03_ses-01_row-0220,2,42,0,svm,32,42,1,5,subject_specific,documented_152
3,1,sub-03_ses-01_row-0225,2,43,2,svm,32,42,1,5,subject_specific,documented_152
3,1,sub-03_ses-01_row-0230,3,44,1,svm,32,42,1,5,subject_specific,documented_152
3,1,sub-03_ses-01_row-0272,0,52,3,svm,32,42,1,5,subject_specific,documented_152
3,1,sub-03_ses-01_row-0322,1,62,0,svm,32,42,1,5,subject_specific,documented_152
3,1,sub-03_ses-01_row-0364,1,70,3,svm,32,42,1,5,subject_specific,documented_152
3,1,sub-03_ses-01_row-0369,3,71,0,svm,32,42,1,5,subject_specific,documented_152
3,1,sub-03_ses-01_row-0384,1,74,3,svm,32,42,1,5,subject_specific,documented_152
3,1,sub-03_ses-01_row-0399,2,77,1,svm,32,42,1,5,subject_specific,documented_152
3,2,sub-03_ses-02_row-0230,1,44,1,svm,32,42,1,5,subject_specific,documented_152
3,2,sub-03_ses-02_row-0245,0,47,0,svm,32,42,1,5,subject_specific,documented_152
3,2,sub-03_ses-02_row-0332,3,64,2,svm,32,42,1,5,subject_specific,documented_152
3,2,sub-03_ses-02_row-0374,0,72,2,svm,32,42,1,5,subject_specific,documented_152
3,2,sub-03_ses-02_row-0502,3,96,0,svm,32,42,1,5,subject_specific,documented_152
3,2,sub-03_ses-02_row-0512,1,98,3,svm,32,42,1,5,subject_specific,documented_152
3,2,sub-03_ses-02_row-0522,2,100,1,svm,32,42,1,5,subject_specific,documented_152
3,2,sub-03_ses-02_row-0559,3,107,3,svm,32,42,1,5,subject_specific,documented_152
3,2,sub-03_ses-02_row-0569,1,109,3,svm,32,42,1,5,subject_specific,documented_152
3,2,sub-03_ses-02_row-0589,0,113,0,svm,32,42,1,5,subject_specific,documented_152
3,2,sub-03_ses-02_row-0621,1,119,3,svm,32,42,1,5,subject_specific,documented_152
3,3,sub-03_ses-03_row-0135,0,25,3,svm,32,42,1,5,subject_specific,documented_152
3,3,sub-03_ses-03_row-0162,1,30,0,svm,32,42,1,5,subject_specific,documented_152
3,3,sub-03_ses-03_row-0197,3,37,1,svm,32,42,1,5,subject_specific,documented_152
3,3,sub-03_ses-03_row-0238,2,44,0,svm,32,42,1,5,subject_specific,documented_152
3,3,sub-03_ses-03_row-0260,2,48,1,svm,32,42,1,5,subject_specific,documented_152
3,3,sub-03_ses-03_row-0275,2,51,0,svm,32,42,1,5,subject_specific,documented_152
3,3,sub-03_ses-03_row-0280,3,52,0,svm,32,42,1,5,subject_specific,documented_152
3,3,sub-03_ses-03_row-0285,3,53,1,svm,32,42,1,5,subject_specific,documented_152
3,3,sub-03_ses-03_row-0295,0,55,0,svm,32,42,1,5,subject_specific,documented_152
3,3,sub-03_ses-03_row-0336,1,62,1,svm,32,42,1,5,subject_specific,documented_152
3,3,sub-03_ses-03_row-0341,3,63,0,svm,32,42,1,5,subject_specific,documented_152
3,3,sub-03_ses-03_row-0366,0,68,1,svm,32,42,1,5,subject_specific,documented_152
3,3,sub-03_ses-03_row-0371,0,69,2,svm,32,42,1,5,subject_specific,documented_152
3,3,sub-03_ses-03_row-0378,2,70,1,svm,32,42,1,5,subject_specific,documented_152
3,3,sub-03_ses-03_row-0403,0,75,1,svm,32,42,1,5,subject_specific,documented_152
3,3,sub-03_ses-03_row-0418,2,78,3,svm,32,42,1,5,subject_specific,documented_152
3,1,sub-03_ses-01_row-0235,3,45,1,svm,32,42,2,5,subject_specific,documented_152
3,1,sub-03_ses-01_row-0250,0,48,3,svm,32,42,2,5,subject_specific,documented_152
3,1,sub-03_ses-01_row-0282,2,54,3,svm,32,42,2,5,subject_specific,documented_152
3,1,sub-03_ses-01_row-0292,3,56,0,svm,32,42,2,5,subject_specific,documented_152
3,1,sub-03_ses-01_row-0312,0,60,0,svm,32,42,2,5,subject_specific,documented_152
3,1,sub-03_ses-01_row-0327,2,63,0,svm,32,42,2,5,subject_specific,documented_152
3,1,sub-03_ses-01_row-0354,1,68,2,svm,32,42,2,5,subject_specific,documented_152
3,1,sub-03_ses-01_row-0359,0,69,0,svm,32,42,2,5,subject_specific,documented_152
3,1,sub-03_ses-01_row-0389,3,75,3,svm,32,42,2,5,subject_specific,documented_152
3,2,sub-03_ses-02_row-0275,2,53,0,svm,32,42,2,5,subject_specific,documented_152
3,2,sub-03_ses-02_row-0297,3,57,0,svm,32,42,2,5,subject_specific,documented_152
3,2,sub-03_ses-02_row-0307,1,59,0,svm,32,42,2,5,subject_specific,documented_152
3,2,sub-03_ses-02_row-0317,1,61,3,svm,32,42,2,5,subject_specific,documented_152
3,2,sub-03_ses-02_row-0344,3,66,3,svm,32,42,2,5,subject_specific,documented_152
3,2,sub-03_ses-02_row-0349,2,67,0,svm,32,42,2,5,subject_specific,documented_152
3,2,sub-03_ses-02_row-0359,1,69,2,svm,32,42,2,5,subject_specific,documented_152
3,2,sub-03_ses-02_row-0364,1,70,0,svm,32,42,2,5,subject_specific,documented_152
3,2,sub-03_ses-02_row-0369,0,71,0,svm,32,42,2,5,subject_specific,documented_152
3,2,sub-03_ses-02_row-0389,1,75,2,svm,32,42,2,5,subject_specific,documented_152
3,2,sub-03_ses-02_row-0440,0,84,1,svm,32,42,2,5,subject_specific,documented_152
3,2,sub-03_ses-02_row-0445,2,85,2,svm,32,42,2,5,subject_specific,documented_152
3,2,sub-03_ses-02_row-0482,2,92,0,svm,32,42,2,5,subject_specific,documented_152
3,2,sub-03_ses-02_row-0497,3,95,3,svm,32,42,2,5,subject_specific,documented_152
3,2,sub-03_ses-02_row-0604,1,116,0,svm,32,42,2,5,subject_specific,documented_152
3,3,sub-03_ses-03_row-0115,3,21,0,svm,32,42,2,5,subject_specific,documented_152
3,3,sub-03_ses-03_row-0125,0,23,3,svm,32,42,2,5,subject_specific,documented_152
3,3,sub-03_ses-03_row-0140,2,26,1,svm,32,42,2,5,subject_specific,documented_152
3,3,sub-03_ses-03_row-0150,0,28,3,svm,32,42,2,5,subject_specific,documented_152
3,3,sub-03_ses-03_row-0167,3,31,3,svm,32,42,2,5,subject_specific,documented_152
3,3,sub-03_ses-03_row-0172,2,32,2,svm,32,42,2,5,subject_specific,documented_152
3,3,sub-03_ses-03_row-0228,1,42,0,svm,32,42,2,5,subject_specific,documented_152
3,3,sub-03_ses-03_row-0290,0,54,0,svm,32,42,2,5,subject_specific,documented_152
3,3,sub-03_ses-03_row-0346,3,64,2,svm,32,42,2,5,subject_specific,documented_152
3,3,sub-03_ses-03_row-0351,0,65,1,svm,32,42,2,5,subject_specific,documented_152
3,3,sub-03_ses-03_row-0361,1,67,2,svm,32,42,2,5,subject_specific,documented_152
3,3,sub-03_ses-03_row-0383,2,71,1,svm,32,42,2,5,subject_specific,documented_152
3,1,sub-03_ses-01_row-0215,1,41,3,svm,32,42,3,5,subject_specific,documented_152
3,1,sub-03_ses-01_row-0245,1,47,1,svm,32,42,3,5,subject_specific,documented_152
3,1,sub-03_ses-01_row-0260,2,50,1,svm,32,42,3,5,subject_specific,documented_152
3,1,sub-03_ses-01_row-0277,2,53,0,svm,32,42,3,5,subject_specific,documented_152
3,1,sub-03_ses-01_row-0287,3,55,3,svm,32,42,3,5,subject_specific,documented_152
3,1,sub-03_ses-01_row-0332,2,64,1,svm,32,42,3,5,subject_specific,documented_152
3,1,sub-03_ses-01_row-0379,0,73,3,svm,32,42,3,5,subject_specific,documented_152
3,1,sub-03_ses-01_row-0394,0,76,0,svm,32,42,3,5,subject_specific,documented_152
3,2,sub-03_ses-02_row-0210,0,40,2,svm,32,42,3,5,subject_specific,documented_152
3,2,sub-03_ses-02_row-0220,3,42,0,svm,32,42,3,5,subject_specific,documented_152
3,2,sub-03_ses-02_row-0235,2,45,2,svm,32,42,3,5,subject_specific,documented_152
3,2,sub-03_ses-02_row-0240,1,46,2,svm,32,42,3,5,subject_specific,documented_152
3,2,sub-03_ses-02_row-0255,3,49,1,svm,32,42,3,5,subject_specific,documented_152
3,2,sub-03_ses-02_row-0282,3,54,1,svm,32,42,3,5,subject_specific,documented_152
3,2,sub-03_ses-02_row-0292,1,56,2,svm,32,42,3,5,subject_specific,documented_152
3,2,sub-03_ses-02_row-0302,3,58,1,svm,32,42,3,5,subject_specific,documented_152
3,2,sub-03_ses-02_row-0379,0,73,2,svm,32,42,3,5,subject_specific,documented_152
3,2,sub-03_ses-02_row-0394,2,76,1,svm,32,42,3,5,subject_specific,documented_152
3,2,sub-03_ses-02_row-0411,0,79,3,svm,32,42,3,5,subject_specific,documented_152
3,2,sub-03_ses-02_row-0430,3,82,0,svm,32,42,3,5,subject_specific,documented_152
3,2,sub-03_ses-02_row-0517,2,99,1,svm,32,42,3,5,subject_specific,documented_152
3,2,sub-03_ses-02_row-0574,0,110,2,svm,32,42,3,5,subject_specific,documented_152
3,2,sub-03_ses-02_row-0616,0,118,0,svm,32,42,3,5,subject_specific,documented_152
3,3,sub-03_ses-03_row-0120,3,22,2,svm,32,42,3,5,subject_specific,documented_152
3,3,sub-03_ses-03_row-0130,1,24,1,svm,32,42,3,5,subject_specific,documented_152
3,3,sub-03_ses-03_row-0209,1,39,2,svm,32,42,3,5,subject_specific,documented_152
3,3,sub-03_ses-03_row-0243,1,45,3,svm,32,42,3,5,subject_specific,documented_152
3,3,sub-03_ses-03_row-0248,1,46,0,svm,32,42,3,5,subject_specific,documented_152
3,3,sub-03_ses-03_row-0253,3,47,3,svm,32,42,3,5,subject_specific,documented_152
3,3,sub-03_ses-03_row-0270,2,50,0,svm,32,42,3,5,subject_specific,documented_152
3,3,sub-03_ses-03_row-0300,3,56,0,svm,32,42,3,5,subject_specific,documented_152
3,3,sub-03_ses-03_row-0312,0,58,3,svm,32,42,3,5,subject_specific,documented_152
3,3,sub-03_ses-03_row-0326,1,60,1,svm,32,42,3,5,subject_specific,documented_152
3,3,sub-03_ses-03_row-0331,2,61,1,svm,32,42,3,5,subject_specific,documented_152
3,3,sub-03_ses-03_row-0356,0,66,0,svm,32,42,3,5,subject_specific,documented_152
3,3,sub-03_ses-03_row-0388,2,72,0,svm,32,42,3,5,subject_specific,documented_152
3,1,sub-03_ses-01_row-0240,3,46,0,svm,32,42,4,5,subject_specific,documented_152
3,1,sub-03_ses-01_row-0297,3,57,0,svm,32,42,4,5,subject_specific,documented_152
3,1,sub-03_ses-01_row-0302,1,58,2,svm,32,42,4,5,subject_specific,documented_152
3,1,sub-03_ses-01_row-0344,3,66,1,svm,32,42,4,5,subject_specific,documented_152
3,1,sub-03_ses-01_row-0349,0,67,1,svm,32,42,4,5,subject_specific,documented_152
3,1,sub-03_ses-01_row-0404,0,78,3,svm,32,42,4,5,subject_specific,documented_152
3,1,sub-03_ses-01_row-0411,2,79,2,svm,32,42,4,5,subject_specific,documented_152
3,2,sub-03_ses-02_row-0215,3,41,3,svm,32,42,4,5,subject_specific,documented_152
3,2,sub-03_ses-02_row-0260,1,50,0,svm,32,42,4,5,subject_specific,documented_152
3,2,sub-03_ses-02_row-0270,2,52,0,svm,32,42,4,5,subject_specific,documented_152
3,2,sub-03_ses-02_row-0337,0,65,2,svm,32,42,4,5,subject_specific,documented_152
3,2,sub-03_ses-02_row-0354,2,68,1,svm,32,42,4,5,subject_specific,documented_152
3,2,sub-03_ses-02_row-0384,3,74,3,svm,32,42,4,5,subject_specific,documented_152
3,2,sub-03_ses-02_row-0425,1,81,1,svm,32,42,4,5,subject_specific,documented_152
3,2,sub-03_ses-02_row-0435,0,83,3,svm,32,42,4,5,subject_specific,documented_152
3,2,sub-03_ses-02_row-0450,3,86,3,svm,32,42,4,5,subject_specific,documented_152
3,2,sub-03_ses-02_row-0455,2,87,2,svm,32,42,4,5,subject_specific,documented_152
3,2,sub-03_ses-02_row-0470,2,90,0,svm,32,42,4,5,subject_specific,documented_152
3,2,sub-03_ses-02_row-0487,1,93,3,svm,32,42,4,5,subject_specific,documented_152
3,2,sub-03_ses-02_row-0492,0,94,0,svm,32,42,4,5,subject_specific,documented_152
3,2,sub-03_ses-02_row-0507,3,97,1,svm,32,42,4,5,subject_specific,documented_152
3,2,sub-03_ses-02_row-0527,0,101,2,svm,32,42,4,5,subject_specific,documented_152
3,2,sub-03_ses-02_row-0532,0,102,1,svm,32,42,4,5,subject_specific,documented_152
3,2,sub-03_ses-02_row-0544,1,104,1,svm,32,42,4,5,subject_specific,documented_152
3,2,sub-03_ses-02_row-0549,1,105,3,svm,32,42,4,5,subject_specific,documented_152
3,2,sub-03_ses-02_row-0564,2,108,0,svm,32,42,4,5,subject_specific,documented_152
3,2,sub-03_ses-02_row-0584,2,112,2,svm,32,42,4,5,subject_specific,documented_152
3,2,sub-03_ses-02_row-0594,3,114,0,svm,32,42,4,5,subject_specific,documented_152
3,2,sub-03_ses-02_row-0599,0,115,0,svm,32,42,4,5,subject_specific,documented_152
3,2,sub-03_ses-02_row-0609,1,117,2,svm,32,42,4,5,subject_specific,documented_152
3,3,sub-03_ses-03_row-0145,0,27,0,svm,32,42,4,5,subject_specific,documented_152
3,3,sub-03_ses-03_row-0192,2,36,0,svm,32,42,4,5,subject_specific,documented_152
3,3,sub-03_ses-03_row-0204,1,38,1,svm,32,42,4,5,subject_specific,documented_152
3,3,sub-03_ses-03_row-0265,2,49,3,svm,32,42,4,5,subject_specific,documented_152
3,3,sub-03_ses-03_row-0393,1,73,0,svm,32,42,4,5,subject_specific,documented_152
3,3,sub-03_ses-03_row-0398,3,74,1,svm,32,42,4,5,subject_specific,documented_152
3,1,sub-03_ses-01_row-0210,1,40,3,svm,32,42,5,5,subject_specific,documented_152
3,1,sub-03_ses-01_row-0255,0,49,0,svm,32,42,5,5,subject_specific,documented_152
3,1,sub-03_ses-01_row-0265,1,51,2,svm,32,42,5,5,subject_specific,documented_152
3,1,sub-03_ses-01_row-0307,1,59,1,svm,32,42,5,5,subject_specific,documented_152
3,1,sub-03_ses-01_row-0317,2,61,2,svm,32,42,5,5,subject_specific,documented_152
3,1,sub-03_ses-01_row-0339,3,65,1,svm,32,42,5,5,subject_specific,documented_152
3,1,sub-03_ses-01_row-0374,0,72,3,svm,32,42,5,5,subject_specific,documented_152
3,2,sub-03_ses-02_row-0225,2,43,0,svm,32,42,5,5,subject_specific,documented_152
3,2,sub-03_ses-02_row-0250,2,48,1,svm,32,42,5,5,subject_specific,documented_152
3,2,sub-03_ses-02_row-0265,3,51,2,svm,32,42,5,5,subject_specific,documented_152
3,2,sub-03_ses-02_row-0287,0,55,0,svm,32,42,5,5,subject_specific,documented_152
3,2,sub-03_ses-02_row-0312,0,60,1,svm,32,42,5,5,subject_specific,documented_152
3,2,sub-03_ses-02_row-0322,0,62,2,svm,32,42,5,5,subject_specific,documented_152
3,2,sub-03_ses-02_row-0327,1,63,0,svm,32,42,5,5,subject_specific,documented_152
3,2,sub-03_ses-02_row-0401,2,77,3,svm,32,42,5,5,subject_specific,documented_152
3,2,sub-03_ses-02_row-0406,2,78,1,svm,32,42,5,5,subject_specific,documented_152
3,2,sub-03_ses-02_row-0420,1,80,1,svm,32,42,5,5,subject_specific,documented_152
3,2,sub-03_ses-02_row-0460,3,88,1,svm,32,42,5,5,subject_specific,documented_152
3,2,sub-03_ses-02_row-0465,2,89,0,svm,32,42,5,5,subject_specific,documented_152
3,2,sub-03_ses-02_row-0475,3,91,1,svm,32,42,5,5,subject_specific,documented_152
3,2,sub-03_ses-02_row-0537,3,103,1,svm,32,42,5,5,subject_specific,documented_152
3,2,sub-03_ses-02_row-0554,2,106,2,svm,32,42,5,5,subject_specific,documented_152
3,2,sub-03_ses-02_row-0579,0,111,2,svm,32,42,5,5,subject_specific,documented_152
3,3,sub-03_ses-03_row-0110,1,20,3,svm,32,42,5,5,subject_specific,documented_152
3,3,sub-03_ses-03_row-0157,2,29,1,svm,32,42,5,5,subject_specific,documented_152
3,3,sub-03_ses-03_row-0177,0,33,0,svm,32,42,5,5,subject_specific,documented_152
3,3,sub-03_ses-03_row-0182,2,34,1,svm,32,42,5,5,subject_specific,documented_152
3,3,sub-03_ses-03_row-0187,3,35,0,svm,32,42,5,5,subject_specific,documented_152
3,3,sub-03_ses-03_row-0218,1,40,3,svm,32,42,5,5,subject_specific,documented_152
3,3,sub-03_ses-03_row-0223,3,41,3,svm,32,42,5,5,subject_specific,documented_152
3,3,sub-03_ses-03_row-0233,0,43,3,svm,32,42,5,5,subject_specific,documented_152
3,3,sub-03_ses-03_row-0307,1,57,0,svm,32,42,5,5,subject_specific,documented_152
3,3,sub-03_ses-03_row-0317,0,59,0,svm,32,42,5,5,subject_specific,documented_152
3,3,sub-03_ses-03_row-0408,1,76,1,svm,32,42,5,5,subject_specific,documented_152
3,3,sub-03_ses-03_row-0413,3,77,2,svm,32,42,5,5,subject_specific,documented_152
3,3,sub-03_ses-03_row-0423,3,79,1,svm,32,42,5,5,subject_specific,documented_152
3,1,sub-03_ses-01_row-0220,2,42,3,svm,16,42,1,5,subject_specific,documented_152
3,1,sub-03_ses-01_row-0225,2,43,1,svm,16,42,1,5,subject_specific,documented_152
3,1,sub-03_ses-01_row-0230,3,44,1,svm,16,42,1,5,subject_specific,documented_152
3,1,sub-03_ses-01_row-0272,0,52,3,svm,16,42,1,5,subject_specific,documented_152
3,1,sub-03_ses-01_row-0322,1,62,0,svm,16,42,1,5,subject_specific,documented_152
3,1,sub-03_ses-01_row-0364,1,70,3,svm,16,42,1,5,subject_specific,documented_152
3,1,sub-03_ses-01_row-0369,3,71,0,svm,16,42,1,5,subject_specific,documented_152
3,1,sub-03_ses-01_row-0384,1,74,3,svm,16,42,1,5,subject_specific,documented_152
3,1,sub-03_ses-01_row-0399,2,77,1,svm,16,42,1,5,subject_specific,documented_152
3,2,sub-03_ses-02_row-0230,1,44,2,svm,16,42,1,5,subject_specific,documented_152
3,2,sub-03_ses-02_row-0245,0,47,2,svm,16,42,1,5,subject_specific,documented_152
3,2,sub-03_ses-02_row-0332,3,64,0,svm,16,42,1,5,subject_specific,documented_152
3,2,sub-03_ses-02_row-0374,0,72,2,svm,16,42,1,5,subject_specific,documented_152
3,2,sub-03_ses-02_row-0502,3,96,1,svm,16,42,1,5,subject_specific,documented_152
3,2,sub-03_ses-02_row-0512,1,98,3,svm,16,42,1,5,subject_specific,documented_152
3,2,sub-03_ses-02_row-0522,2,100,0,svm,16,42,1,5,subject_specific,documented_152
3,2,sub-03_ses-02_row-0559,3,107,3,svm,16,42,1,5,subject_specific,documented_152
3,2,sub-03_ses-02_row-0569,1,109,3,svm,16,42,1,5,subject_specific,documented_152
3,2,sub-03_ses-02_row-0589,0,113,0,svm,16,42,1,5,subject_specific,documented_152
3,2,sub-03_ses-02_row-0621,1,119,3,svm,16,42,1,5,subject_specific,documented_152
3,3,sub-03_ses-03_row-0135,0,25,3,svm,16,42,1,5,subject_specific,documented_152
3,3,sub-03_ses-03_row-0162,1,30,0,svm,16,42,1,5,subject_specific,documented_152
3,3,sub-03_ses-03_row-0197,3,37,0,svm,16,42,1,5,subject_specific,documented_152
3,3,sub-03_ses-03_row-0238,2,44,0,svm,16,42,1,5,subject_specific,documented_152
3,3,sub-03_ses-03_row-0260,2,48,0,svm,16,42,1,5,subject_specific,documented_152
3,3,sub-03_ses-03_row-0275,2,51,0,svm,16,42,1,5,subject_specific,documented_152
3,3,sub-03_ses-03_row-0280,3,52,0,svm,16,42,1,5,subject_specific,documented_152
3,3,sub-03_ses-03_row-0285,3,53,1,svm,16,42,1,5,subject_specific,documented_152
3,3,sub-03_ses-03_row-0295,0,55,1,svm,16,42,1,5,subject_specific,documented_152
3,3,sub-03_ses-03_row-0336,1,62,3,svm,16,42,1,5,subject_specific,documented_152
3,3,sub-03_ses-03_row-0341,3,63,0,svm,16,42,1,5,subject_specific,documented_152
3,3,sub-03_ses-03_row-0366,0,68,1,svm,16,42,1,5,subject_specific,documented_152
3,3,sub-03_ses-03_row-0371,0,69,0,svm,16,42,1,5,subject_specific,documented_152
3,3,sub-03_ses-03_row-0378,2,70,1,svm,16,42,1,5,subject_specific,documented_152
3,3,sub-03_ses-03_row-0403,0,75,1,svm,16,42,1,5,subject_specific,documented_152
3,3,sub-03_ses-03_row-0418,2,78,0,svm,16,42,1,5,subject_specific,documented_152
3,1,sub-03_ses-01_row-0235,3,45,1,svm,16,42,2,5,subject_specific,documented_152
3,1,sub-03_ses-01_row-0250,0,48,2,svm,16,42,2,5,subject_specific,documented_152
3,1,sub-03_ses-01_row-0282,2,54,3,svm,16,42,2,5,subject_specific,documented_152
3,1,sub-03_ses-01_row-0292,3,56,0,svm,16,42,2,5,subject_specific,documented_152
3,1,sub-03_ses-01_row-0312,0,60,1,svm,16,42,2,5,subject_specific,documented_152
3,1,sub-03_ses-01_row-0327,2,63,0,svm,16,42,2,5,subject_specific,documented_152
3,1,sub-03_ses-01_row-0354,1,68,1,svm,16,42,2,5,subject_specific,documented_152
3,1,sub-03_ses-01_row-0359,0,69,0,svm,16,42,2,5,subject_specific,documented_152
3,1,sub-03_ses-01_row-0389,3,75,1,svm,16,42,2,5,subject_specific,documented_152
3,2,sub-03_ses-02_row-0275,2,53,0,svm,16,42,2,5,subject_specific,documented_152
3,2,sub-03_ses-02_row-0297,3,57,0,svm,16,42,2,5,subject_specific,documented_152
3,2,sub-03_ses-02_row-0307,1,59,0,svm,16,42,2,5,subject_specific,documented_152
3,2,sub-03_ses-02_row-0317,1,61,3,svm,16,42,2,5,subject_specific,documented_152
3,2,sub-03_ses-02_row-0344,3,66,3,svm,16,42,2,5,subject_specific,documented_152
3,2,sub-03_ses-02_row-0349,2,67,0,svm,16,42,2,5,subject_specific,documented_152
3,2,sub-03_ses-02_row-0359,1,69,2,svm,16,42,2,5,subject_specific,documented_152
3,2,sub-03_ses-02_row-0364,1,70,2,svm,16,42,2,5,subject_specific,documented_152
3,2,sub-03_ses-02_row-0369,0,71,0,svm,16,42,2,5,subject_specific,documented_152
3,2,sub-03_ses-02_row-0389,1,75,0,svm,16,42,2,5,subject_specific,documented_152
3,2,sub-03_ses-02_row-0440,0,84,1,svm,16,42,2,5,subject_specific,documented_152
3,2,sub-03_ses-02_row-0445,2,85,0,svm,16,42,2,5,subject_specific,documented_152
3,2,sub-03_ses-02_row-0482,2,92,2,svm,16,42,2,5,subject_specific,documented_152
3,2,sub-03_ses-02_row-0497,3,95,2,svm,16,42,2,5,subject_specific,documented_152
3,2,sub-03_ses-02_row-0604,1,116,0,svm,16,42,2,5,subject_specific,documented_152
3,3,sub-03_ses-03_row-0115,3,21,0,svm,16,42,2,5,subject_specific,documented_152
3,3,sub-03_ses-03_row-0125,0,23,0,svm,16,42,2,5,subject_specific,documented_152
3,3,sub-03_ses-03_row-0140,2,26,0,svm,16,42,2,5,subject_specific,documented_152
3,3,sub-03_ses-03_row-0150,0,28,3,svm,16,42,2,5,subject_specific,documented_152
3,3,sub-03_ses-03_row-0167,3,31,0,svm,16,42,2,5,subject_specific,documented_152
3,3,sub-03_ses-03_row-0172,2,32,1,svm,16,42,2,5,subject_specific,documented_152
3,3,sub-03_ses-03_row-0228,1,42,0,svm,16,42,2,5,subject_specific,documented_152
3,3,sub-03_ses-03_row-0290,0,54,0,svm,16,42,2,5,subject_specific,documented_152
3,3,sub-03_ses-03_row-0346,3,64,0,svm,16,42,2,5,subject_specific,documented_152
3,3,sub-03_ses-03_row-0351,0,65,0,svm,16,42,2,5,subject_specific,documented_152
3,3,sub-03_ses-03_row-0361,1,67,2,svm,16,42,2,5,subject_specific,documented_152
3,3,sub-03_ses-03_row-0383,2,71,1,svm,16,42,2,5,subject_specific,documented_152
3,1,sub-03_ses-01_row-0215,1,41,3,svm,16,42,3,5,subject_specific,documented_152
3,1,sub-03_ses-01_row-0245,1,47,1,svm,16,42,3,5,subject_specific,documented_152
3,1,sub-03_ses-01_row-0260,2,50,1,svm,16,42,3,5,subject_specific,documented_152
3,1,sub-03_ses-01_row-0277,2,53,0,svm,16,42,3,5,subject_specific,documented_152
3,1,sub-03_ses-01_row-0287,3,55,1,svm,16,42,3,5,subject_specific,documented_152
3,1,sub-03_ses-01_row-0332,2,64,1,svm,16,42,3,5,subject_specific,documented_152
3,1,sub-03_ses-01_row-0379,0,73,3,svm,16,42,3,5,subject_specific,documented_152
3,1,sub-03_ses-01_row-0394,0,76,0,svm,16,42,3,5,subject_specific,documented_152
3,2,sub-03_ses-02_row-0210,0,40,2,svm,16,42,3,5,subject_specific,documented_152
3,2,sub-03_ses-02_row-0220,3,42,2,svm,16,42,3,5,subject_specific,documented_152
3,2,sub-03_ses-02_row-0235,2,45,2,svm,16,42,3,5,subject_specific,documented_152
3,2,sub-03_ses-02_row-0240,1,46,2,svm,16,42,3,5,subject_specific,documented_152
3,2,sub-03_ses-02_row-0255,3,49,1,svm,16,42,3,5,subject_specific,documented_152
3,2,sub-03_ses-02_row-0282,3,54,1,svm,16,42,3,5,subject_specific,documented_152
3,2,sub-03_ses-02_row-0292,1,56,2,svm,16,42,3,5,subject_specific,documented_152
3,2,sub-03_ses-02_row-0302,3,58,1,svm,16,42,3,5,subject_specific,documented_152
3,2,sub-03_ses-02_row-0379,0,73,2,svm,16,42,3,5,subject_specific,documented_152
3,2,sub-03_ses-02_row-0394,2,76,2,svm,16,42,3,5,subject_specific,documented_152
3,2,sub-03_ses-02_row-0411,0,79,2,svm,16,42,3,5,subject_specific,documented_152
3,2,sub-03_ses-02_row-0430,3,82,0,svm,16,42,3,5,subject_specific,documented_152
3,2,sub-03_ses-02_row-0517,2,99,1,svm,16,42,3,5,subject_specific,documented_152
3,2,sub-03_ses-02_row-0574,0,110,0,svm,16,42,3,5,subject_specific,documented_152
3,2,sub-03_ses-02_row-0616,0,118,0,svm,16,42,3,5,subject_specific,documented_152
3,3,sub-03_ses-03_row-0120,3,22,0,svm,16,42,3,5,subject_specific,documented_152
3,3,sub-03_ses-03_row-0130,1,24,1,svm,16,42,3,5,subject_specific,documented_152
3,3,sub-03_ses-03_row-0209,1,39,0,svm,16,42,3,5,subject_specific,documented_152
3,3,sub-03_ses-03_row-0243,1,45,3,svm,16,42,3,5,subject_specific,documented_152
3,3,sub-03_ses-03_row-0248,1,46,0,svm,16,42,3,5,subject_specific,documented_152
3,3,sub-03_ses-03_row-0253,3,47,1,svm,16,42,3,5,subject_specific,documented_152
3,3,sub-03_ses-03_row-0270,2,50,1,svm,16,42,3,5,subject_specific,documented_152
3,3,sub-03_ses-03_row-0300,3,56,0,svm,16,42,3,5,subject_specific,documented_152
3,3,sub-03_ses-03_row-0312,0,58,3,svm,16,42,3,5,subject_specific,documented_152
3,3,sub-03_ses-03_row-0326,1,60,1,svm,16,42,3,5,subject_specific,documented_152
3,3,sub-03_ses-03_row-0331,2,61,1,svm,16,42,3,5,subject_specific,documented_152
3,3,sub-03_ses-03_row-0356,0,66,0,svm,16,42,3,5,subject_specific,documented_152
3,3,sub-03_ses-03_row-0388,2,72,0,svm,16,42,3,5,subject_specific,documented_152
3,1,sub-03_ses-01_row-0240,3,46,0,svm,16,42,4,5,subject_specific,documented_152
3,1,sub-03_ses-01_row-0297,3,57,2,svm,16,42,4,5,subject_specific,documented_152
3,1,sub-03_ses-01_row-0302,1,58,2,svm,16,42,4,5,subject_specific,documented_152
3,1,sub-03_ses-01_row-0344,3,66,1,svm,16,42,4,5,subject_specific,documented_152
3,1,sub-03_ses-01_row-0349,0,67,1,svm,16,42,4,5,subject_specific,documented_152
3,1,sub-03_ses-01_row-0404,0,78,3,svm,16,42,4,5,subject_specific,documented_152
3,1,sub-03_ses-01_row-0411,2,79,2,svm,16,42,4,5,subject_specific,documented_152
3,2,sub-03_ses-02_row-0215,3,41,3,svm,16,42,4,5,subject_specific,documented_152
3,2,sub-03_ses-02_row-0260,1,50,0,svm,16,42,4,5,subject_specific,documented_152
3,2,sub-03_ses-02_row-0270,2,52,0,svm,16,42,4,5,subject_specific,documented_152
3,2,sub-03_ses-02_row-0337,0,65,2,svm,16,42,4,5,subject_specific,documented_152
3,2,sub-03_ses-02_row-0354,2,68,1,svm,16,42,4,5,subject_specific,documented_152
3,2,sub-03_ses-02_row-0384,3,74,1,svm,16,42,4,5,subject_specific,documented_152
3,2,sub-03_ses-02_row-0425,1,81,1,svm,16,42,4,5,subject_specific,documented_152
3,2,sub-03_ses-02_row-0435,0,83,1,svm,16,42,4,5,subject_specific,documented_152
3,2,sub-03_ses-02_row-0450,3,86,3,svm,16,42,4,5,subject_specific,documented_152
3,2,sub-03_ses-02_row-0455,2,87,2,svm,16,42,4,5,subject_specific,documented_152
3,2,sub-03_ses-02_row-0470,2,90,0,svm,16,42,4,5,subject_specific,documented_152
3,2,sub-03_ses-02_row-0487,1,93,0,svm,16,42,4,5,subject_specific,documented_152
3,2,sub-03_ses-02_row-0492,0,94,0,svm,16,42,4,5,subject_specific,documented_152
3,2,sub-03_ses-02_row-0507,3,97,2,svm,16,42,4,5,subject_specific,documented_152
3,2,sub-03_ses-02_row-0527,0,101,0,svm,16,42,4,5,subject_specific,documented_152
3,2,sub-03_ses-02_row-0532,0,102,1,svm,16,42,4,5,subject_specific,documented_152
3,2,sub-03_ses-02_row-0544,1,104,1,svm,16,42,4,5,subject_specific,documented_152
3,2,sub-03_ses-02_row-0549,1,105,3,svm,16,42,4,5,subject_specific,documented_152
3,2,sub-03_ses-02_row-0564,2,108,0,svm,16,42,4,5,subject_specific,documented_152
3,2,sub-03_ses-02_row-0584,2,112,0,svm,16,42,4,5,subject_specific,documented_152
3,2,sub-03_ses-02_row-0594,3,114,0,svm,16,42,4,5,subject_specific,documented_152
3,2,sub-03_ses-02_row-0599,0,115,0,svm,16,42,4,5,subject_specific,documented_152
3,2,sub-03_ses-02_row-0609,1,117,2,svm,16,42,4,5,subject_specific,documented_152
3,3,sub-03_ses-03_row-0145,0,27,0,svm,16,42,4,5,subject_specific,documented_152
3,3,sub-03_ses-03_row-0192,2,36,0,svm,16,42,4,5,subject_specific,documented_152
3,3,sub-03_ses-03_row-0204,1,38,1,svm,16,42,4,5,subject_specific,documented_152
3,3,sub-03_ses-03_row-0265,2,49,3,svm,16,42,4,5,subject_specific,documented_152
3,3,sub-03_ses-03_row-0393,1,73,0,svm,16,42,4,5,subject_specific,documented_152
3,3,sub-03_ses-03_row-0398,3,74,3,svm,16,42,4,5,subject_specific,documented_152
3,1,sub-03_ses-01_row-0210,1,40,3,svm,16,42,5,5,subject_specific,documented_152
3,1,sub-03_ses-01_row-0255,0,49,0,svm,16,42,5,5,subject_specific,documented_152
3,1,sub-03_ses-01_row-0265,1,51,2,svm,16,42,5,5,subject_specific,documented_152
3,1,sub-03_ses-01_row-0307,1,59,1,svm,16,42,5,5,subject_specific,documented_152
3,1,sub-03_ses-01_row-0317,2,61,1,svm,16,42,5,5,subject_specific,documented_152
3,1,sub-03_ses-01_row-0339,3,65,1,svm,16,42,5,5,subject_specific,documented_152
3,1,sub-03_ses-01_row-0374,0,72,3,svm,16,42,5,5,subject_specific,documented_152
3,2,sub-03_ses-02_row-0225,2,43,3,svm,16,42,5,5,subject_specific,documented_152
3,2,sub-03_ses-02_row-0250,2,48,1,svm,16,42,5,5,subject_specific,documented_152
3,2,sub-03_ses-02_row-0265,3,51,2,svm,16,42,5,5,subject_specific,documented_152
3,2,sub-03_ses-02_row-0287,0,55,1,svm,16,42,5,5,subject_specific,documented_152
3,2,sub-03_ses-02_row-0312,0,60,1,svm,16,42,5,5,subject_specific,documented_152
3,2,sub-03_ses-02_row-0322,0,62,2,svm,16,42,5,5,subject_specific,documented_152
3,2,sub-03_ses-02_row-0327,1,63,2,svm,16,42,5,5,subject_specific,documented_152
3,2,sub-03_ses-02_row-0401,2,77,3,svm,16,42,5,5,subject_specific,documented_152
3,2,sub-03_ses-02_row-0406,2,78,1,svm,16,42,5,5,subject_specific,documented_152
3,2,sub-03_ses-02_row-0420,1,80,1,svm,16,42,5,5,subject_specific,documented_152
3,2,sub-03_ses-02_row-0460,3,88,1,svm,16,42,5,5,subject_specific,documented_152
3,2,sub-03_ses-02_row-0465,2,89,0,svm,16,42,5,5,subject_specific,documented_152
3,2,sub-03_ses-02_row-0475,3,91,1,svm,16,42,5,5,subject_specific,documented_152
3,2,sub-03_ses-02_row-0537,3,103,1,svm,16,42,5,5,subject_specific,documented_152
3,2,sub-03_ses-02_row-0554,2,106,1,svm,16,42,5,5,subject_specific,documented_152
3,2,sub-03_ses-02_row-0579,0,111,2,svm,16,42,5,5,subject_specific,documented_152
3,3,sub-03_ses-03_row-0110,1,20,3,svm,16,42,5,5,subject_specific,documented_152
3,3,sub-03_ses-03_row-0157,2,29,1,svm,16,42,5,5,subject_specific,documented_152
3,3,sub-03_ses-03_row-0177,0,33,0,svm,16,42,5,5,subject_specific,documented_152
3,3,sub-03_ses-03_row-0182,2,34,1,svm,16,42,5,5,subject_specific,documented_152
3,3,sub-03_ses-03_row-0187,3,35,0,svm,16,42,5,5,subject_specific,documented_152
3,3,sub-03_ses-03_row-0218,1,40,3,svm,16,42,5,5,subject_specific,documented_152
3,3,sub-03_ses-03_row-0223,3,41,3,svm,16,42,5,5,subject_specific,documented_152
3,3,sub-03_ses-03_row-0233,0,43,1,svm,16,42,5,5,subject_specific,documented_152
3,3,sub-03_ses-03_row-0307,1,57,0,svm,16,42,5,5,subject_specific,documented_152
3,3,sub-03_ses-03_row-0317,0,59,0,svm,16,42,5,5,subject_specific,documented_152
3,3,sub-03_ses-03_row-0408,1,76,0,svm,16,42,5,5,subject_specific,documented_152
3,3,sub-03_ses-03_row-0413,3,77,2,svm,16,42,5,5,subject_specific,documented_152
3,3,sub-03_ses-03_row-0423,3,79,1,svm,16,42,5,5,subject_specific,documented_152
4,1,sub-04_ses-01_row-0210,1,40,2,svm,128,42,1,5,subject_specific,documented_152
4,1,sub-04_ses-01_row-0220,1,42,1,svm,128,42,1,5,subject_specific,documented_152
4,1,sub-04_ses-01_row-0307,2,59,0,svm,128,42,1,5,subject_specific,documented_152
4,1,sub-04_ses-01_row-0332,0,64,3,svm,128,42,1,5,subject_specific,documented_152
4,1,sub-04_ses-01_row-0369,0,71,0,svm,128,42,1,5,subject_specific,documented_152
4,1,sub-04_ses-01_row-0419,3,80,1,svm,128,42,1,5,subject_specific,documented_152
4,1,sub-04_ses-01_row-0439,2,84,3,svm,128,42,1,5,subject_specific,documented_152
4,1,sub-04_ses-01_row-0444,2,85,0,svm,128,42,1,5,subject_specific,documented_152
4,1,sub-04_ses-01_row-0459,3,88,3,svm,128,42,1,5,subject_specific,documented_152
4,1,sub-04_ses-01_row-0479,1,92,0,svm,128,42,1,5,subject_specific,documented_152
4,1,sub-04_ses-01_row-0506,1,97,0,svm,128,42,1,5,subject_specific,documented_152
4,1,sub-04_ses-01_row-0521,1,100,0,svm,128,42,1,5,subject_specific,documented_152
4,1,sub-04_ses-01_row-0526,2,101,3,svm,128,42,1,5,subject_specific,documented_152
4,1,sub-04_ses-01_row-0583,0,112,0,svm,128,42,1,5,subject_specific,documented_152
4,1,sub-04_ses-01_row-0603,1,116,0,svm,128,42,1,5,subject_specific,documented_152
4,1,sub-04_ses-01_row-0620,2,119,0,svm,128,42,1,5,subject_specific,documented_152
4,2,sub-04_ses-02_row-0245,0,47,0,svm,128,42,1,5,subject_specific,documented_152
4,2,sub-04_ses-02_row-0257,2,49,2,svm,128,42,1,5,subject_specific,documented_152
4,2,sub-04_ses-02_row-0344,0,66,1,svm,128,42,1,5,subject_specific,documented_152
4,2,sub-04_ses-02_row-0371,1,71,1,svm,128,42,1,5,subject_specific,documented_152
4,2,sub-04_ses-02_row-0381,3,73,1,svm,128,42,1,5,subject_specific,documented_152
4,2,sub-04_ses-02_row-0413,3,79,2,svm,128,42,1,5,subject_specific,documented_152
4,2,sub-04_ses-02_row-0427,3,81,2,svm,128,42,1,5,subject_specific,documented_152
4,2,sub-04_ses-02_row-0462,3,88,2,svm,128,42,1,5,subject_specific,documented_152
4,2,sub-04_ses-02_row-0509,0,97,3,svm,128,42,1,5,subject_specific,documented_152
4,2,sub-04_ses-02_row-0546,0,104,0,svm,128,42,1,5,subject_specific,documented_152
4,2,sub-04_ses-02_row-0581,1,111,0,svm,128,42,1,5,subject_specific,documented_152
4,3,sub-04_ses-03_row-0210,3,40,0,svm,128,42,1,5,subject_specific,documented_152
4,3,sub-04_ses-03_row-0225,0,43,3,svm,128,42,1,5,subject_specific,documented_152
4,3,sub-04_ses-03_row-0235,1,45,3,svm,128,42,1,5,subject_specific,documented_152
4,3,sub-04_ses-03_row-0245,3,47,1,svm,128,42,1,5,subject_specific,documented_152
4,3,sub-04_ses-03_row-0250,3,48,3,svm,128,42,1,5,subject_specific,documented_152
4,3,sub-04_ses-03_row-0262,3,50,0,svm,128,42,1,5,subject_specific,documented_152
4,3,sub-04_ses-03_row-0282,1,54,3,svm,128,42,1,5,subject_specific,documented_152
4,3,sub-04_ses-03_row-0307,2,59,0,svm,128,42,1,5,subject_specific,documented_152
4,3,sub-04_ses-03_row-0390,2,75,1,svm,128,42,1,5,subject_specific,documented_152
4,3,sub-04_ses-03_row-0395,2,76,2,svm,128,42,1,5,subject_specific,documented_152
4,3,sub-04_ses-03_row-0400,2,77,1,svm,128,42,1,5,subject_specific,documented_152
4,3,sub-04_ses-03_row-0407,3,78,3,svm,128,42,1,5,subject_specific,documented_152
4,3,sub-04_ses-03_row-0412,1,79,1,svm,128,42,1,5,subject_specific,documented_152
4,3,sub-04_ses-03_row-0488,0,93,1,svm,128,42,1,5,subject_specific,documented_152
4,3,sub-04_ses-03_row-0498,3,95,2,svm,128,42,1,5,subject_specific,documented_152
4,3,sub-04_ses-03_row-0503,0,96,2,svm,128,42,1,5,subject_specific,documented_152
4,3,sub-04_ses-03_row-0518,0,99,1,svm,128,42,1,5,subject_specific,documented_152
4,3,sub-04_ses-03_row-0528,1,101,3,svm,128,42,1,5,subject_specific,documented_152
4,3,sub-04_ses-03_row-0545,0,104,3,svm,128,42,1,5,subject_specific,documented_152
4,3,sub-04_ses-03_row-0597,2,114,3,svm,128,42,1,5,subject_specific,documented_152
4,3,sub-04_ses-03_row-0622,2,119,2,svm,128,42,1,5,subject_specific,documented_152
4,1,sub-04_ses-01_row-0215,2,41,2,svm,128,42,2,5,subject_specific,documented_152
4,1,sub-04_ses-01_row-0235,0,45,0,svm,128,42,2,5,subject_specific,documented_152
4,1,sub-04_ses-01_row-0255,3,49,0,svm,128,42,2,5,subject_specific,documented_152
4,1,sub-04_ses-01_row-0277,1,53,1,svm,128,42,2,5,subject_specific,documented_152
4,1,sub-04_ses-01_row-0297,3,57,2,svm,128,42,2,5,subject_specific,documented_152
4,1,sub-04_ses-01_row-0302,0,58,1,svm,128,42,2,5,subject_specific,documented_152
4,1,sub-04_ses-01_row-0349,3,67,0,svm,128,42,2,5,subject_specific,documented_152
4,1,sub-04_ses-01_row-0379,1,73,2,svm,128,42,2,5,subject_specific,documented_152
4,1,sub-04_ses-01_row-0389,3,75,0,svm,128,42,2,5,subject_specific,documented_152
4,1,sub-04_ses-01_row-0464,2,89,3,svm,128,42,2,5,subject_specific,documented_152
4,1,sub-04_ses-01_row-0491,1,94,2,svm,128,42,2,5,subject_specific,documented_152
4,1,sub-04_ses-01_row-0536,0,103,0,svm,128,42,2,5,subject_specific,documented_152
4,1,sub-04_ses-01_row-0541,2,104,2,svm,128,42,2,5,subject_specific,documented_152
4,1,sub-04_ses-01_row-0546,3,105,3,svm,128,42,2,5,subject_specific,documented_152
4,1,sub-04_ses-01_row-0556,3,107,0,svm,128,42,2,5,subject_specific,documented_152
4,2,sub-04_ses-02_row-0230,1,44,0,svm,128,42,2,5,subject_specific,documented_152
4,2,sub-04_ses-02_row-0250,0,48,0,svm,128,42,2,5,subject_specific,documented_152
4,2,sub-04_ses-02_row-0262,0,50,2,svm,128,42,2,5,subject_specific,documented_152
4,2,sub-04_ses-02_row-0267,3,51,0,svm,128,42,2,5,subject_specific,documented_152
4,2,sub-04_ses-02_row-0292,0,56,2,svm,128,42,2,5,subject_specific,documented_152
4,2,sub-04_ses-02_row-0307,2,59,3,svm,128,42,2,5,subject_specific,documented_152
4,2,sub-04_ses-02_row-0324,0,62,0,svm,128,42,2,5,subject_specific,documented_152
4,2,sub-04_ses-02_row-0334,1,64,0,svm,128,42,2,5,subject_specific,documented_152
4,2,sub-04_ses-02_row-0401,3,77,2,svm,128,42,2,5,subject_specific,documented_152
4,2,sub-04_ses-02_row-0422,0,80,1,svm,128,42,2,5,subject_specific,documented_152
4,2,sub-04_ses-02_row-0437,2,83,3,svm,128,42,2,5,subject_specific,documented_152
4,2,sub-04_ses-02_row-0442,2,84,1,svm,128,42,2,5,subject_specific,documented_152
4,2,sub-04_ses-02_row-0447,2,85,3,svm,128,42,2,5,subject_specific,documented_152
4,2,sub-04_ses-02_row-0457,2,87,2,svm,128,42,2,5,subject_specific,documented_152
4,2,sub-04_ses-02_row-0514,1,98,0,svm,128,42,2,5,subject_specific,documented_152
4,2,sub-04_ses-02_row-0524,3,100,1,svm,128,42,2,5,subject_specific,documented_152
4,2,sub-04_ses-02_row-0541,2,103,3,svm,128,42,2,5,subject_specific,documented_152
4,2,sub-04_ses-02_row-0551,3,105,1,svm,128,42,2,5,subject_specific,documented_152
4,2,sub-04_ses-02_row-0576,0,110,2,svm,128,42,2,5,subject_specific,documented_152
4,3,sub-04_ses-03_row-0272,1,52,2,svm,128,42,2,5,subject_specific,documented_152
4,3,sub-04_ses-03_row-0287,0,55,3,svm,128,42,2,5,subject_specific,documented_152
4,3,sub-04_ses-03_row-0292,3,56,3,svm,128,42,2,5,subject_specific,documented_152
4,3,sub-04_ses-03_row-0353,0,68,3,svm,128,42,2,5,subject_specific,documented_152
4,3,sub-04_ses-03_row-0360,2,69,3,svm,128,42,2,5,subject_specific,documented_152
4,3,sub-04_ses-03_row-0370,1,71,0,svm,128,42,2,5,subject_specific,documented_152
4,3,sub-04_ses-03_row-0426,0,81,1,svm,128,42,2,5,subject_specific,documented_152
4,3,sub-04_ses-03_row-0436,1,83,2,svm,128,42,2,5,subject_specific,documented_152
4,3,sub-04_ses-03_row-0441,1,84,1,svm,128,42,2,5,subject_specific,documented_152
4,3,sub-04_ses-03_row-0471,1,90,2,svm,128,42,2,5,subject_specific,documented_152
4,3,sub-04_ses-03_row-0513,2,98,3,svm,128,42,2,5,subject_specific,documented_152
4,3,sub-04_ses-03_row-0538,3,103,3,svm,128,42,2,5,subject_specific,documented_152
4,3,sub-04_ses-03_row-0555,2,106,1,svm,128,42,2,5,subject_specific,documented_152
4,3,sub-04_ses-03_row-0565,1,108,0,svm,128,42,2,5,subject_specific,documented_152
4,1,sub-04_ses-01_row-0327,0,63,2,svm,128,42,3,5,subject_specific,documented_152
4,1,sub-04_ses-01_row-0337,2,65,0,svm,128,42,3,5,subject_specific,documented_152
4,1,sub-04_ses-01_row-0344,2,66,0,svm,128,42,3,5,subject_specific,documented_152
4,1,sub-04_ses-01_row-0359,1,69,0,svm,128,42,3,5,subject_specific,documented_152
4,1,sub-04_ses-01_row-0364,2,70,0,svm,128,42,3,5,subject_specific,documented_152
4,1,sub-04_ses-01_row-0394,3,76,2,svm,128,42,3,5,subject_specific,documented_152
4,1,sub-04_ses-01_row-0449,3,86,0,svm,128,42,3,5,subject_specific,documented_152
4,1,sub-04_ses-01_row-0474,1,91,3,svm,128,42,3,5,subject_specific,documented_152
4,1,sub-04_ses-01_row-0578,0,111,3,svm,128,42,3,5,subject_specific,documented_152
4,1,sub-04_ses-01_row-0588,0,113,3,svm,128,42,3,5,subject_specific,documented_152
4,1,sub-04_ses-01_row-0598,0,115,0,svm,128,42,3,5,subject_specific,documented_152
4,2,sub-04_ses-02_row-0210,2,40,0,svm,128,42,3,5,subject_specific,documented_152
4,2,sub-04_ses-02_row-0225,0,43,0,svm,128,42,3,5,subject_specific,documented_152
4,2,sub-04_ses-02_row-0235,1,45,0,svm,128,42,3,5,subject_specific,documented_152
4,2,sub-04_ses-02_row-0272,1,52,3,svm,128,42,3,5,subject_specific,documented_152
4,2,sub-04_ses-02_row-0287,3,55,3,svm,128,42,3,5,subject_specific,documented_152
4,2,sub-04_ses-02_row-0297,2,57,0,svm,128,42,3,5,subject_specific,documented_152
4,2,sub-04_ses-02_row-0329,3,63,0,svm,128,42,3,5,subject_specific,documented_152
4,2,sub-04_ses-02_row-0339,1,65,3,svm,128,42,3,5,subject_specific,documented_152
4,2,sub-04_ses-02_row-0354,3,68,0,svm,128,42,3,5,subject_specific,documented_152
4,2,sub-04_ses-02_row-0366,2,70,0,svm,128,42,3,5,subject_specific,documented_152
4,2,sub-04_ses-02_row-0376,1,72,1,svm,128,42,3,5,subject_specific,documented_152
4,2,sub-04_ses-02_row-0396,0,76,3,svm,128,42,3,5,subject_specific,documented_152
4,2,sub-04_ses-02_row-0472,1,90,0,svm,128,42,3,5,subject_specific,documented_152
4,2,sub-04_ses-02_row-0499,3,95,2,svm,128,42,3,5,subject_specific,documented_152
4,2,sub-04_ses-02_row-0504,0,96,0,svm,128,42,3,5,subject_specific,documented_152
4,2,sub-04_ses-02_row-0519,3,99,2,svm,128,42,3,5,subject_specific,documented_152
4,2,sub-04_ses-02_row-0536,1,102,2,svm,128,42,3,5,subject_specific,documented_152
4,2,sub-04_ses-02_row-0561,2,107,3,svm,128,42,3,5,subject_specific,documented_152
4,2,sub-04_ses-02_row-0588,1,112,2,svm,128,42,3,5,subject_specific,documented_152
4,2,sub-04_ses-02_row-0623,1,119,0,svm,128,42,3,5,subject_specific,documented_152
4,3,sub-04_ses-03_row-0267,0,51,0,svm,128,42,3,5,subject_specific,documented_152
4,3,sub-04_ses-03_row-0302,3,58,1,svm,128,42,3,5,subject_specific,documented_152
4,3,sub-04_ses-03_row-0328,0,63,0,svm,128,42,3,5,subject_specific,documented_152
4,3,sub-04_ses-03_row-0333,1,64,3,svm,128,42,3,5,subject_specific,documented_152
4,3,sub-04_ses-03_row-0338,2,65,0,svm,128,42,3,5,subject_specific,documented_152
4,3,sub-04_ses-03_row-0343,2,66,1,svm,128,42,3,5,subject_specific,documented_152
4,3,sub-04_ses-03_row-0365,2,70,2,svm,128,42,3,5,subject_specific,documented_152
4,3,sub-04_ses-03_row-0456,3,87,2,svm,128,42,3,5,subject_specific,documented_152
4,3,sub-04_ses-03_row-0466,0,89,2,svm,128,42,3,5,subject_specific,documented_152
4,3,sub-04_ses-03_row-0476,0,91,0,svm,128,42,3,5,subject_specific,documented_152
4,3,sub-04_ses-03_row-0483,3,92,0,svm,128,42,3,5,subject_specific,documented_152
4,3,sub-04_ses-03_row-0508,2,97,1,svm,128,42,3,5,subject_specific,documented_152
4,3,sub-04_ses-03_row-0523,3,100,0,svm,128,42,3,5,subject_specific,documented_152
4,3,sub-04_ses-03_row-0560,0,107,1,svm,128,42,3,5,subject_specific,documented_152
4,3,sub-04_ses-03_row-0570,2,109,0,svm,128,42,3,5,subject_specific,documented_152
4,3,sub-04_ses-03_row-0585,1,112,3,svm,128,42,3,5,subject_specific,documented_152
4,3,sub-04_ses-03_row-0602,3,115,3,svm,128,42,3,5,subject_specific,documented_152
4,1,sub-04_ses-01_row-0225,2,43,0,svm,128,42,4,5,subject_specific,documented_152
4,1,sub-04_ses-01_row-0230,1,44,3,svm,128,42,4,5,subject_specific,documented_152
4,1,sub-04_ses-01_row-0260,1,50,0,svm,128,42,4,5,subject_specific,documented_152
4,1,sub-04_ses-01_row-0265,0,51,0,svm,128,42,4,5,subject_specific,documented_152
4,1,sub-04_ses-01_row-0272,2,52,0,svm,128,42,4,5,subject_specific,documented_152
4,1,sub-04_ses-01_row-0292,3,56,0,svm,128,42,4,5,subject_specific,documented_152
4,1,sub-04_ses-01_row-0312,2,60,2,svm,128,42,4,5,subject_specific,documented_152
4,1,sub-04_ses-01_row-0354,3,68,0,svm,128,42,4,5,subject_specific,documented_152
4,1,sub-04_ses-01_row-0400,3,77,0,svm,128,42,4,5,subject_specific,documented_152
4,1,sub-04_ses-01_row-0410,3,79,0,svm,128,42,4,5,subject_specific,documented_152
4,1,sub-04_ses-01_row-0429,1,82,0,svm,128,42,4,5,subject_specific,documented_152
4,1,sub-04_ses-01_row-0434,0,83,3,svm,128,42,4,5,subject_specific,documented_152
4,1,sub-04_ses-01_row-0501,3,96,3,svm,128,42,4,5,subject_specific,documented_152
4,1,sub-04_ses-01_row-0551,0,106,2,svm,128,42,4,5,subject_specific,documented_152
4,1,sub-04_ses-01_row-0568,3,109,2,svm,128,42,4,5,subject_specific,documented_152
4,1,sub-04_ses-01_row-0573,1,110,3,svm,128,42,4,5,subject_specific,documented_152
4,2,sub-04_ses-02_row-0215,2,41,1,svm,128,42,4,5,subject_specific,documented_152
4,2,sub-04_ses-02_row-0220,1,42,1,svm,128,42,4,5,subject_specific,documented_152
4,2,sub-04_ses-02_row-0277,2,53,1,svm,128,42,4,5,subject_specific,documented_152
4,2,sub-04_ses-02_row-0302,2,58,3,svm,128,42,4,5,subject_specific,documented_152
4,2,sub-04_ses-02_row-0386,2,74,0,svm,128,42,4,5,subject_specific,documented_152
4,2,sub-04_ses-02_row-0406,3,78,0,svm,128,42,4,5,subject_specific,documented_152
4,2,sub-04_ses-02_row-0467,0,89,0,svm,128,42,4,5,subject_specific,documented_152
4,2,sub-04_ses-02_row-0479,3,91,3,svm,128,42,4,5,subject_specific,documented_152
4,2,sub-04_ses-02_row-0484,0,92,3,svm,128,42,4,5,subject_specific,documented_152
4,2,sub-04_ses-02_row-0489,2,93,0,svm,128,42,4,5,subject_specific,documented_152
4,2,sub-04_ses-02_row-0529,0,101,0,svm,128,42,4,5,subject_specific,documented_152
4,2,sub-04_ses-02_row-0598,3,114,1,svm,128,42,4,5,subject_specific,documented_152
4,2,sub-04_ses-02_row-0613,1,117,3,svm,128,42,4,5,subject_specific,documented_152
4,2,sub-04_ses-02_row-0618,1,118,3,svm,128,42,4,5,subject_specific,documented_152
4,3,sub-04_ses-03_row-0215,0,41,3,svm,128,42,4,5,subject_specific,documented_152
4,3,sub-04_ses-03_row-0220,1,42,2,svm,128,42,4,5,subject_specific,documented_152
4,3,sub-04_ses-03_row-0277,3,53,2,svm,128,42,4,5,subject_specific,documented_152
4,3,sub-04_ses-03_row-0297,1,57,3,svm,128,42,4,5,subject_specific,documented_152
4,3,sub-04_ses-03_row-0312,0,60,0,svm,128,42,4,5,subject_specific,documented_152
4,3,sub-04_ses-03_row-0318,1,61,0,svm,128,42,4,5,subject_specific,documented_152
4,3,sub-04_ses-03_row-0323,0,62,3,svm,128,42,4,5,subject_specific,documented_152
4,3,sub-04_ses-03_row-0348,0,67,2,svm,128,42,4,5,subject_specific,documented_152
4,3,sub-04_ses-03_row-0385,2,74,3,svm,128,42,4,5,subject_specific,documented_152
4,3,sub-04_ses-03_row-0421,2,80,0,svm,128,42,4,5,subject_specific,documented_152
4,3,sub-04_ses-03_row-0446,0,85,1,svm,128,42,4,5,subject_specific,documented_152
4,3,sub-04_ses-03_row-0461,3,88,0,svm,128,42,4,5,subject_specific,documented_152
4,3,sub-04_ses-03_row-0533,1,102,0,svm,128,42,4,5,subject_specific,documented_152
4,3,sub-04_ses-03_row-0575,3,110,3,svm,128,42,4,5,subject_specific,documented_152
4,3,sub-04_ses-03_row-0580,2,111,0,svm,128,42,4,5,subject_specific,documented_152
4,3,sub-04_ses-03_row-0590,0,113,1,svm,128,42,4,5,subject_specific,documented_152
4,3,sub-04_ses-03_row-0612,1,117,1,svm,128,42,4,5,subject_specific,documented_152
4,3,sub-04_ses-03_row-0617,2,118,3,svm,128,42,4,5,subject_specific,documented_152
4,1,sub-04_ses-01_row-0240,0,46,2,svm,128,42,5,5,subject_specific,documented_152
4,1,sub-04_ses-01_row-0245,0,47,2,svm,128,42,5,5,subject_specific,documented_152
4,1,sub-04_ses-01_row-0250,0,48,0,svm,128,42,5,5,subject_specific,documented_152
4,1,sub-04_ses-01_row-0282,2,54,2,svm,128,42,5,5,subject_specific,documented_152
4,1,sub-04_ses-01_row-0287,0,55,2,svm,128,42,5,5,subject_specific,documented_152
4,1,sub-04_ses-01_row-0317,1,61,0,svm,128,42,5,5,subject_specific,documented_152
4,1,sub-04_ses-01_row-0322,3,62,3,svm,128,42,5,5,subject_specific,documented_152
4,1,sub-04_ses-01_row-0374,1,72,3,svm,128,42,5,5,subject_specific,documented_152
4,1,sub-04_ses-01_row-0384,2,74,3,svm,128,42,5,5,subject_specific,documented_152
4,1,sub-04_ses-01_row-0405,1,78,1,svm,128,42,5,5,subject_specific,documented_152
4,1,sub-04_ses-01_row-0424,2,81,0,svm,128,42,5,5,subject_specific,documented_152
4,1,sub-04_ses-01_row-0454,3,87,0,svm,128,42,5,5,subject_specific,documented_152
4,1,sub-04_ses-01_row-0469,1,90,3,svm,128,42,5,5,subject_specific,documented_152
4,1,sub-04_ses-01_row-0486,1,93,2,svm,128,42,5,5,subject_specific,documented_152
4,1,sub-04_ses-01_row-0496,0,95,3,svm,128,42,5,5,subject_specific,documented_152
4,1,sub-04_ses-01_row-0511,3,98,2,svm,128,42,5,5,subject_specific,documented_152
4,1,sub-04_ses-01_row-0516,2,99,1,svm,128,42,5,5,subject_specific,documented_152
4,1,sub-04_ses-01_row-0531,0,102,1,svm,128,42,5,5,subject_specific,documented_152
4,1,sub-04_ses-01_row-0563,3,108,1,svm,128,42,5,5,subject_specific,documented_152
4,1,sub-04_ses-01_row-0593,0,114,3,svm,128,42,5,5,subject_specific,documented_152
4,1,sub-04_ses-01_row-0608,2,117,0,svm,128,42,5,5,subject_specific,documented_152
4,1,sub-04_ses-01_row-0615,2,118,3,svm,128,42,5,5,subject_specific,documented_152
4,2,sub-04_ses-02_row-0240,1,46,0,svm,128,42,5,5,subject_specific,documented_152
4,2,sub-04_ses-02_row-0282,0,54,0,svm,128,42,5,5,subject_specific,documented_152
4,2,sub-04_ses-02_row-0314,3,60,3,svm,128,42,5,5,subject_specific,documented_152
4,2,sub-04_ses-02_row-0319,1,61,3,svm,128,42,5,5,subject_specific,documented_152
4,2,sub-04_ses-02_row-0349,0,67,2,svm,128,42,5,5,subject_specific,documented_152
4,2,sub-04_ses-02_row-0359,3,69,3,svm,128,42,5,5,subject_specific,documented_152
4,2,sub-04_ses-02_row-0391,2,75,3,svm,128,42,5,5,subject_specific,documented_152
4,2,sub-04_ses-02_row-0432,3,82,3,svm,128,42,5,5,subject_specific,documented_152
4,2,sub-04_ses-02_row-0452,0,86,0,svm,128,42,5,5,subject_specific,documented_152
4,2,sub-04_ses-02_row-0494,2,94,0,svm,128,42,5,5,subject_specific,documented_152
4,2,sub-04_ses-02_row-0556,1,106,1,svm,128,42,5,5,subject_specific,documented_152
4,2,sub-04_ses-02_row-0566,2,108,3,svm,128,42,5,5,subject_specific,documented_152
4,2,sub-04_ses-02_row-0571,3,109,3,svm,128,42,5,5,subject_specific,documented_152
4,2,sub-04_ses-02_row-0593,2,113,3,svm,128,42,5,5,subject_specific,documented_152
4,2,sub-04_ses-02_row-0603,1,115,0,svm,128,42,5,5,subject_specific,documented_152
4,2,sub-04_ses-02_row-0608,0,116,3,svm,128,42,5,5,subject_specific,documented_152
4,3,sub-04_ses-03_row-0230,3,44,2,svm,128,42,5,5,subject_specific,documented_152
4,3,sub-04_ses-03_row-0240,0,46,2,svm,128,42,5,5,subject_specific,documented_152
4,3,sub-04_ses-03_row-0255,3,49,3,svm,128,42,5,5,subject_specific,documented_152
4,3,sub-04_ses-03_row-0375,1,72,3,svm,128,42,5,5,subject_specific,documented_152
4,3,sub-04_ses-03_row-0380,2,73,0,svm,128,42,5,5,subject_specific,documented_152
4,3,sub-04_ses-03_row-0431,2,82,1,svm,128,42,5,5,subject_specific,documented_152
4,3,sub-04_ses-03_row-0451,1,86,2,svm,128,42,5,5,subject_specific,documented_152
4,3,sub-04_ses-03_row-0493,3,94,1,svm,128,42,5,5,subject_specific,documented_152
4,3,sub-04_ses-03_row-0550,3,105,0,svm,128,42,5,5,subject_specific,documented_152
4,3,sub-04_ses-03_row-0607,1,116,0,svm,128,42,5,5,subject_specific,documented_152
4,1,sub-04_ses-01_row-0210,1,40,2,svm,64,42,1,5,subject_specific,documented_152
4,1,sub-04_ses-01_row-0220,1,42,1,svm,64,42,1,5,subject_specific,documented_152
4,1,sub-04_ses-01_row-0307,2,59,0,svm,64,42,1,5,subject_specific,documented_152
4,1,sub-04_ses-01_row-0332,0,64,3,svm,64,42,1,5,subject_specific,documented_152
4,1,sub-04_ses-01_row-0369,0,71,3,svm,64,42,1,5,subject_specific,documented_152
4,1,sub-04_ses-01_row-0419,3,80,3,svm,64,42,1,5,subject_specific,documented_152
4,1,sub-04_ses-01_row-0439,2,84,3,svm,64,42,1,5,subject_specific,documented_152
4,1,sub-04_ses-01_row-0444,2,85,0,svm,64,42,1,5,subject_specific,documented_152
4,1,sub-04_ses-01_row-0459,3,88,3,svm,64,42,1,5,subject_specific,documented_152
4,1,sub-04_ses-01_row-0479,1,92,0,svm,64,42,1,5,subject_specific,documented_152
4,1,sub-04_ses-01_row-0506,1,97,3,svm,64,42,1,5,subject_specific,documented_152
4,1,sub-04_ses-01_row-0521,1,100,0,svm,64,42,1,5,subject_specific,documented_152
4,1,sub-04_ses-01_row-0526,2,101,3,svm,64,42,1,5,subject_specific,documented_152
4,1,sub-04_ses-01_row-0583,0,112,0,svm,64,42,1,5,subject_specific,documented_152
4,1,sub-04_ses-01_row-0603,1,116,0,svm,64,42,1,5,subject_specific,documented_152
4,1,sub-04_ses-01_row-0620,2,119,0,svm,64,42,1,5,subject_specific,documented_152
4,2,sub-04_ses-02_row-0245,0,47,0,svm,64,42,1,5,subject_specific,documented_152
4,2,sub-04_ses-02_row-0257,2,49,3,svm,64,42,1,5,subject_specific,documented_152
4,2,sub-04_ses-02_row-0344,0,66,1,svm,64,42,1,5,subject_specific,documented_152
4,2,sub-04_ses-02_row-0371,1,71,2,svm,64,42,1,5,subject_specific,documented_152
4,2,sub-04_ses-02_row-0381,3,73,2,svm,64,42,1,5,subject_specific,documented_152
4,2,sub-04_ses-02_row-0413,3,79,2,svm,64,42,1,5,subject_specific,documented_152
4,2,sub-04_ses-02_row-0427,3,81,2,svm,64,42,1,5,subject_specific,documented_152
4,2,sub-04_ses-02_row-0462,3,88,2,svm,64,42,1,5,subject_specific,documented_152
4,2,sub-04_ses-02_row-0509,0,97,3,svm,64,42,1,5,subject_specific,documented_152
4,2,sub-04_ses-02_row-0546,0,104,0,svm,64,42,1,5,subject_specific,documented_152
4,2,sub-04_ses-02_row-0581,1,111,0,svm,64,42,1,5,subject_specific,documented_152
4,3,sub-04_ses-03_row-0210,3,40,0,svm,64,42,1,5,subject_specific,documented_152
4,3,sub-04_ses-03_row-0225,0,43,3,svm,64,42,1,5,subject_specific,documented_152
4,3,sub-04_ses-03_row-0235,1,45,3,svm,64,42,1,5,subject_specific,documented_152
4,3,sub-04_ses-03_row-0245,3,47,1,svm,64,42,1,5,subject_specific,documented_152
4,3,sub-04_ses-03_row-0250,3,48,3,svm,64,42,1,5,subject_specific,documented_152
4,3,sub-04_ses-03_row-0262,3,50,0,svm,64,42,1,5,subject_specific,documented_152
4,3,sub-04_ses-03_row-0282,1,54,3,svm,64,42,1,5,subject_specific,documented_152
4,3,sub-04_ses-03_row-0307,2,59,0,svm,64,42,1,5,subject_specific,documented_152
4,3,sub-04_ses-03_row-0390,2,75,1,svm,64,42,1,5,subject_specific,documented_152
4,3,sub-04_ses-03_row-0395,2,76,2,svm,64,42,1,5,subject_specific,documented_152
4,3,sub-04_ses-03_row-0400,2,77,0,svm,64,42,1,5,subject_specific,documented_152
4,3,sub-04_ses-03_row-0407,3,78,3,svm,64,42,1,5,subject_specific,documented_152
4,3,sub-04_ses-03_row-0412,1,79,1,svm,64,42,1,5,subject_specific,documented_152
4,3,sub-04_ses-03_row-0488,0,93,1,svm,64,42,1,5,subject_specific,documented_152
4,3,sub-04_ses-03_row-0498,3,95,2,svm,64,42,1,5,subject_specific,documented_152
4,3,sub-04_ses-03_row-0503,0,96,1,svm,64,42,1,5,subject_specific,documented_152
4,3,sub-04_ses-03_row-0518,0,99,2,svm,64,42,1,5,subject_specific,documented_152
4,3,sub-04_ses-03_row-0528,1,101,3,svm,64,42,1,5,subject_specific,documented_152
4,3,sub-04_ses-03_row-0545,0,104,3,svm,64,42,1,5,subject_specific,documented_152
4,3,sub-04_ses-03_row-0597,2,114,3,svm,64,42,1,5,subject_specific,documented_152
4,3,sub-04_ses-03_row-0622,2,119,3,svm,64,42,1,5,subject_specific,documented_152
4,1,sub-04_ses-01_row-0215,2,41,2,svm,64,42,2,5,subject_specific,documented_152
4,1,sub-04_ses-01_row-0235,0,45,0,svm,64,42,2,5,subject_specific,documented_152
4,1,sub-04_ses-01_row-0255,3,49,0,svm,64,42,2,5,subject_specific,documented_152
4,1,sub-04_ses-01_row-0277,1,53,0,svm,64,42,2,5,subject_specific,documented_152
4,1,sub-04_ses-01_row-0297,3,57,0,svm,64,42,2,5,subject_specific,documented_152
4,1,sub-04_ses-01_row-0302,0,58,2,svm,64,42,2,5,subject_specific,documented_152
4,1,sub-04_ses-01_row-0349,3,67,0,svm,64,42,2,5,subject_specific,documented_152
4,1,sub-04_ses-01_row-0379,1,73,2,svm,64,42,2,5,subject_specific,documented_152
4,1,sub-04_ses-01_row-0389,3,75,0,svm,64,42,2,5,subject_specific,documented_152
4,1,sub-04_ses-01_row-0464,2,89,3,svm,64,42,2,5,subject_specific,documented_152
4,1,sub-04_ses-01_row-0491,1,94,2,svm,64,42,2,5,subject_specific,documented_152
4,1,sub-04_ses-01_row-0536,0,103,1,svm,64,42,2,5,subject_specific,documented_152
4,1,sub-04_ses-01_row-0541,2,104,3,svm,64,42,2,5,subject_specific,documented_152
4,1,sub-04_ses-01_row-0546,3,105,3,svm,64,42,2,5,subject_specific,documented_152
4,1,sub-04_ses-01_row-0556,3,107,0,svm,64,42,2,5,subject_specific,documented_152
4,2,sub-04_ses-02_row-0230,1,44,2,svm,64,42,2,5,subject_specific,documented_152
4,2,sub-04_ses-02_row-0250,0,48,0,svm,64,42,2,5,subject_specific,documented_152
4,2,sub-04_ses-02_row-0262,0,50,2,svm,64,42,2,5,subject_specific,documented_152
4,2,sub-04_ses-02_row-0267,3,51,0,svm,64,42,2,5,subject_specific,documented_152
4,2,sub-04_ses-02_row-0292,0,56,2,svm,64,42,2,5,subject_specific,documented_152
4,2,sub-04_ses-02_row-0307,2,59,3,svm,64,42,2,5,subject_specific,documented_152
4,2,sub-04_ses-02_row-0324,0,62,0,svm,64,42,2,5,subject_specific,documented_152
4,2,sub-04_ses-02_row-0334,1,64,0,svm,64,42,2,5,subject_specific,documented_152
4,2,sub-04_ses-02_row-0401,3,77,2,svm,64,42,2,5,subject_specific,documented_152
4,2,sub-04_ses-02_row-0422,0,80,1,svm,64,42,2,5,subject_specific,documented_152
4,2,sub-04_ses-02_row-0437,2,83,3,svm,64,42,2,5,subject_specific,documented_152
4,2,sub-04_ses-02_row-0442,2,84,0,svm,64,42,2,5,subject_specific,documented_152
4,2,sub-04_ses-02_row-0447,2,85,3,svm,64,42,2,5,subject_specific,documented_152
4,2,sub-04_ses-02_row-0457,2,87,1,svm,64,42,2,5,subject_specific,documented_152
4,2,sub-04_ses-02_row-0514,1,98,0,svm,64,42,2,5,subject_specific,documented_152
4,2,sub-04_ses-02_row-0524,3,100,1,svm,64,42,2,5,subject_specific,documented_152
4,2,sub-04_ses-02_row-0541,2,103,3,svm,64,42,2,5,subject_specific,documented_152
4,2,sub-04_ses-02_row-0551,3,105,1,svm,64,42,2,5,subject_specific,documented_152
4,2,sub-04_ses-02_row-0576,0,110,1,svm,64,42,2,5,subject_specific,documented_152
4,3,sub-04_ses-03_row-0272,1,52,2,svm,64,42,2,5,subject_specific,documented_152
4,3,sub-04_ses-03_row-0287,0,55,3,svm,64,42,2,5,subject_specific,documented_152
4,3,sub-04_ses-03_row-0292,3,56,3,svm,64,42,2,5,subject_specific,documented_152
4,3,sub-04_ses-03_row-0353,0,68,3,svm,64,42,2,5,subject_specific,documented_152
4,3,sub-04_ses-03_row-0360,2,69,3,svm,64,42,2,5,subject_specific,documented_152
4,3,sub-04_ses-03_row-0370,1,71,0,svm,64,42,2,5,subject_specific,documented_152
4,3,sub-04_ses-03_row-0426,0,81,2,svm,64,42,2,5,subject_specific,documented_152
4,3,sub-04_ses-03_row-0436,1,83,2,svm,64,42,2,5,subject_specific,documented_152
4,3,sub-04_ses-03_row-0441,1,84,2,svm,64,42,2,5,subject_specific,documented_152
4,3,sub-04_ses-03_row-0471,1,90,0,svm,64,42,2,5,subject_specific,documented_152
4,3,sub-04_ses-03_row-0513,2,98,3,svm,64,42,2,5,subject_specific,documented_152
4,3,sub-04_ses-03_row-0538,3,103,1,svm,64,42,2,5,subject_specific,documented_152
4,3,sub-04_ses-03_row-0555,2,106,0,svm,64,42,2,5,subject_specific,documented_152
4,3,sub-04_ses-03_row-0565,1,108,0,svm,64,42,2,5,subject_specific,documented_152
4,1,sub-04_ses-01_row-0327,0,63,2,svm,64,42,3,5,subject_specific,documented_152
4,1,sub-04_ses-01_row-0337,2,65,2,svm,64,42,3,5,subject_specific,documented_152
4,1,sub-04_ses-01_row-0344,2,66,0,svm,64,42,3,5,subject_specific,documented_152
4,1,sub-04_ses-01_row-0359,1,69,0,svm,64,42,3,5,subject_specific,documented_152
4,1,sub-04_ses-01_row-0364,2,70,3,svm,64,42,3,5,subject_specific,documented_152
4,1,sub-04_ses-01_row-0394,3,76,2,svm,64,42,3,5,subject_specific,documented_152
4,1,sub-04_ses-01_row-0449,3,86,2,svm,64,42,3,5,subject_specific,documented_152
4,1,sub-04_ses-01_row-0474,1,91,3,svm,64,42,3,5,subject_specific,documented_152
4,1,sub-04_ses-01_row-0578,0,111,3,svm,64,42,3,5,subject_specific,documented_152
4,1,sub-04_ses-01_row-0588,0,113,3,svm,64,42,3,5,subject_specific,documented_152
4,1,sub-04_ses-01_row-0598,0,115,1,svm,64,42,3,5,subject_specific,documented_152
4,2,sub-04_ses-02_row-0210,2,40,2,svm,64,42,3,5,subject_specific,documented_152
4,2,sub-04_ses-02_row-0225,0,43,2,svm,64,42,3,5,subject_specific,documented_152
4,2,sub-04_ses-02_row-0235,1,45,2,svm,64,42,3,5,subject_specific,documented_152
4,2,sub-04_ses-02_row-0272,1,52,3,svm,64,42,3,5,subject_specific,documented_152
4,2,sub-04_ses-02_row-0287,3,55,3,svm,64,42,3,5,subject_specific,documented_152
4,2,sub-04_ses-02_row-0297,2,57,0,svm,64,42,3,5,subject_specific,documented_152
4,2,sub-04_ses-02_row-0329,3,63,2,svm,64,42,3,5,subject_specific,documented_152
4,2,sub-04_ses-02_row-0339,1,65,3,svm,64,42,3,5,subject_specific,documented_152
4,2,sub-04_ses-02_row-0354,3,68,3,svm,64,42,3,5,subject_specific,documented_152
4,2,sub-04_ses-02_row-0366,2,70,0,svm,64,42,3,5,subject_specific,documented_152
4,2,sub-04_ses-02_row-0376,1,72,1,svm,64,42,3,5,subject_specific,documented_152
4,2,sub-04_ses-02_row-0396,0,76,3,svm,64,42,3,5,subject_specific,documented_152
4,2,sub-04_ses-02_row-0472,1,90,0,svm,64,42,3,5,subject_specific,documented_152
4,2,sub-04_ses-02_row-0499,3,95,3,svm,64,42,3,5,subject_specific,documented_152
4,2,sub-04_ses-02_row-0504,0,96,0,svm,64,42,3,5,subject_specific,documented_152
4,2,sub-04_ses-02_row-0519,3,99,3,svm,64,42,3,5,subject_specific,documented_152
4,2,sub-04_ses-02_row-0536,1,102,2,svm,64,42,3,5,subject_specific,documented_152
4,2,sub-04_ses-02_row-0561,2,107,3,svm,64,42,3,5,subject_specific,documented_152
4,2,sub-04_ses-02_row-0588,1,112,2,svm,64,42,3,5,subject_specific,documented_152
4,2,sub-04_ses-02_row-0623,1,119,0,svm,64,42,3,5,subject_specific,documented_152
4,3,sub-04_ses-03_row-0267,0,51,2,svm,64,42,3,5,subject_specific,documented_152
4,3,sub-04_ses-03_row-0302,3,58,1,svm,64,42,3,5,subject_specific,documented_152
4,3,sub-04_ses-03_row-0328,0,63,1,svm,64,42,3,5,subject_specific,documented_152
4,3,sub-04_ses-03_row-0333,1,64,3,svm,64,42,3,5,subject_specific,documented_152
4,3,sub-04_ses-03_row-0338,2,65,0,svm,64,42,3,5,subject_specific,documented_152
4,3,sub-04_ses-03_row-0343,2,66,1,svm,64,42,3,5,subject_specific,documented_152
4,3,sub-04_ses-03_row-0365,2,70,2,svm,64,42,3,5,subject_specific,documented_152
4,3,sub-04_ses-03_row-0456,3,87,0,svm,64,42,3,5,subject_specific,documented_152
4,3,sub-04_ses-03_row-0466,0,89,2,svm,64,42,3,5,subject_specific,documented_152
4,3,sub-04_ses-03_row-0476,0,91,0,svm,64,42,3,5,subject_specific,documented_152
4,3,sub-04_ses-03_row-0483,3,92,0,svm,64,42,3,5,subject_specific,documented_152
4,3,sub-04_ses-03_row-0508,2,97,1,svm,64,42,3,5,subject_specific,documented_152
4,3,sub-04_ses-03_row-0523,3,100,1,svm,64,42,3,5,subject_specific,documented_152
4,3,sub-04_ses-03_row-0560,0,107,1,svm,64,42,3,5,subject_specific,documented_152
4,3,sub-04_ses-03_row-0570,2,109,0,svm,64,42,3,5,subject_specific,documented_152
4,3,sub-04_ses-03_row-0585,1,112,0,svm,64,42,3,5,subject_specific,documented_152
4,3,sub-04_ses-03_row-0602,3,115,3,svm,64,42,3,5,subject_specific,documented_152
4,1,sub-04_ses-01_row-0225,2,43,0,svm,64,42,4,5,subject_specific,documented_152
4,1,sub-04_ses-01_row-0230,1,44,3,svm,64,42,4,5,subject_specific,documented_152
4,1,sub-04_ses-01_row-0260,1,50,0,svm,64,42,4,5,subject_specific,documented_152
4,1,sub-04_ses-01_row-0265,0,51,0,svm,64,42,4,5,subject_specific,documented_152
4,1,sub-04_ses-01_row-0272,2,52,0,svm,64,42,4,5,subject_specific,documented_152
4,1,sub-04_ses-01_row-0292,3,56,0,svm,64,42,4,5,subject_specific,documented_152
4,1,sub-04_ses-01_row-0312,2,60,2,svm,64,42,4,5,subject_specific,documented_152
4,1,sub-04_ses-01_row-0354,3,68,0,svm,64,42,4,5,subject_specific,documented_152
4,1,sub-04_ses-01_row-0400,3,77,0,svm,64,42,4,5,subject_specific,documented_152
4,1,sub-04_ses-01_row-0410,3,79,2,svm,64,42,4,5,subject_specific,documented_152
4,1,sub-04_ses-01_row-0429,1,82,0,svm,64,42,4,5,subject_specific,documented_152
4,1,sub-04_ses-01_row-0434,0,83,3,svm,64,42,4,5,subject_specific,documented_152
4,1,sub-04_ses-01_row-0501,3,96,1,svm,64,42,4,5,subject_specific,documented_152
4,1,sub-04_ses-01_row-0551,0,106,2,svm,64,42,4,5,subject_specific,documented_152
4,1,sub-04_ses-01_row-0568,3,109,2,svm,64,42,4,5,subject_specific,documented_152
4,1,sub-04_ses-01_row-0573,1,110,3,svm,64,42,4,5,subject_specific,documented_152
4,2,sub-04_ses-02_row-0215,2,41,1,svm,64,42,4,5,subject_specific,documented_152
4,2,sub-04_ses-02_row-0220,1,42,1,svm,64,42,4,5,subject_specific,documented_152
4,2,sub-04_ses-02_row-0277,2,53,3,svm,64,42,4,5,subject_specific,documented_152
4,2,sub-04_ses-02_row-0302,2,58,0,svm,64,42,4,5,subject_specific,documented_152
4,2,sub-04_ses-02_row-0386,2,74,1,svm,64,42,4,5,subject_specific,documented_152
4,2,sub-04_ses-02_row-0406,3,78,0,svm,64,42,4,5,subject_specific,documented_152
4,2,sub-04_ses-02_row-0467,0,89,3,svm,64,42,4,5,subject_specific,documented_152
4,2,sub-04_ses-02_row-0479,3,91,3,svm,64,42,4,5,subject_specific,documented_152
4,2,sub-04_ses-02_row-0484,0,92,3,svm,64,42,4,5,subject_specific,documented_152
4,2,sub-04_ses-02_row-0489,2,93,0,svm,64,42,4,5,subject_specific,documented_152
4,2,sub-04_ses-02_row-0529,0,101,0,svm,64,42,4,5,subject_specific,documented_152
4,2,sub-04_ses-02_row-0598,3,114,1,svm,64,42,4,5,subject_specific,documented_152
4,2,sub-04_ses-02_row-0613,1,117,3,svm,64,42,4,5,subject_specific,documented_152
4,2,sub-04_ses-02_row-0618,1,118,3,svm,64,42,4,5,subject_specific,documented_152
4,3,sub-04_ses-03_row-0215,0,41,3,svm,64,42,4,5,subject_specific,documented_152
4,3,sub-04_ses-03_row-0220,1,42,2,svm,64,42,4,5,subject_specific,documented_152
4,3,sub-04_ses-03_row-0277,3,53,2,svm,64,42,4,5,subject_specific,documented_152
4,3,sub-04_ses-03_row-0297,1,57,3,svm,64,42,4,5,subject_specific,documented_152
4,3,sub-04_ses-03_row-0312,0,60,2,svm,64,42,4,5,subject_specific,documented_152
4,3,sub-04_ses-03_row-0318,1,61,0,svm,64,42,4,5,subject_specific,documented_152
4,3,sub-04_ses-03_row-0323,0,62,3,svm,64,42,4,5,subject_specific,documented_152
4,3,sub-04_ses-03_row-0348,0,67,2,svm,64,42,4,5,subject_specific,documented_152
4,3,sub-04_ses-03_row-0385,2,74,2,svm,64,42,4,5,subject_specific,documented_152
4,3,sub-04_ses-03_row-0421,2,80,0,svm,64,42,4,5,subject_specific,documented_152
4,3,sub-04_ses-03_row-0446,0,85,1,svm,64,42,4,5,subject_specific,documented_152
4,3,sub-04_ses-03_row-0461,3,88,0,svm,64,42,4,5,subject_specific,documented_152
4,3,sub-04_ses-03_row-0533,1,102,3,svm,64,42,4,5,subject_specific,documented_152
4,3,sub-04_ses-03_row-0575,3,110,3,svm,64,42,4,5,subject_specific,documented_152
4,3,sub-04_ses-03_row-0580,2,111,1,svm,64,42,4,5,subject_specific,documented_152
4,3,sub-04_ses-03_row-0590,0,113,1,svm,64,42,4,5,subject_specific,documented_152
4,3,sub-04_ses-03_row-0612,1,117,1,svm,64,42,4,5,subject_specific,documented_152
4,3,sub-04_ses-03_row-0617,2,118,3,svm,64,42,4,5,subject_specific,documented_152
4,1,sub-04_ses-01_row-0240,0,46,2,svm,64,42,5,5,subject_specific,documented_152
4,1,sub-04_ses-01_row-0245,0,47,1,svm,64,42,5,5,subject_specific,documented_152
4,1,sub-04_ses-01_row-0250,0,48,0,svm,64,42,5,5,subject_specific,documented_152
4,1,sub-04_ses-01_row-0282,2,54,2,svm,64,42,5,5,subject_specific,documented_152
4,1,sub-04_ses-01_row-0287,0,55,1,svm,64,42,5,5,subject_specific,documented_152
4,1,sub-04_ses-01_row-0317,1,61,0,svm,64,42,5,5,subject_specific,documented_152
4,1,sub-04_ses-01_row-0322,3,62,0,svm,64,42,5,5,subject_specific,documented_152
4,1,sub-04_ses-01_row-0374,1,72,3,svm,64,42,5,5,subject_specific,documented_152
4,1,sub-04_ses-01_row-0384,2,74,3,svm,64,42,5,5,subject_specific,documented_152
4,1,sub-04_ses-01_row-0405,1,78,1,svm,64,42,5,5,subject_specific,documented_152
4,1,sub-04_ses-01_row-0424,2,81,0,svm,64,42,5,5,subject_specific,documented_152
4,1,sub-04_ses-01_row-0454,3,87,0,svm,64,42,5,5,subject_specific,documented_152
4,1,sub-04_ses-01_row-0469,1,90,0,svm,64,42,5,5,subject_specific,documented_152
4,1,sub-04_ses-01_row-0486,1,93,3,svm,64,42,5,5,subject_specific,documented_152
4,1,sub-04_ses-01_row-0496,0,95,3,svm,64,42,5,5,subject_specific,documented_152
4,1,sub-04_ses-01_row-0511,3,98,3,svm,64,42,5,5,subject_specific,documented_152
4,1,sub-04_ses-01_row-0516,2,99,1,svm,64,42,5,5,subject_specific,documented_152
4,1,sub-04_ses-01_row-0531,0,102,2,svm,64,42,5,5,subject_specific,documented_152
4,1,sub-04_ses-01_row-0563,3,108,1,svm,64,42,5,5,subject_specific,documented_152
4,1,sub-04_ses-01_row-0593,0,114,2,svm,64,42,5,5,subject_specific,documented_152
4,1,sub-04_ses-01_row-0608,2,117,3,svm,64,42,5,5,subject_specific,documented_152
4,1,sub-04_ses-01_row-0615,2,118,0,svm,64,42,5,5,subject_specific,documented_152
4,2,sub-04_ses-02_row-0240,1,46,0,svm,64,42,5,5,subject_specific,documented_152
4,2,sub-04_ses-02_row-0282,0,54,0,svm,64,42,5,5,subject_specific,documented_152
4,2,sub-04_ses-02_row-0314,3,60,3,svm,64,42,5,5,subject_specific,documented_152
4,2,sub-04_ses-02_row-0319,1,61,3,svm,64,42,5,5,subject_specific,documented_152
4,2,sub-04_ses-02_row-0349,0,67,2,svm,64,42,5,5,subject_specific,documented_152
4,2,sub-04_ses-02_row-0359,3,69,1,svm,64,42,5,5,subject_specific,documented_152
4,2,sub-04_ses-02_row-0391,2,75,3,svm,64,42,5,5,subject_specific,documented_152
4,2,sub-04_ses-02_row-0432,3,82,3,svm,64,42,5,5,subject_specific,documented_152
4,2,sub-04_ses-02_row-0452,0,86,0,svm,64,42,5,5,subject_specific,documented_152
4,2,sub-04_ses-02_row-0494,2,94,0,svm,64,42,5,5,subject_specific,documented_152
4,2,sub-04_ses-02_row-0556,1,106,1,svm,64,42,5,5,subject_specific,documented_152
4,2,sub-04_ses-02_row-0566,2,108,3,svm,64,42,5,5,subject_specific,documented_152
4,2,sub-04_ses-02_row-0571,3,109,2,svm,64,42,5,5,subject_specific,documented_152
4,2,sub-04_ses-02_row-0593,2,113,1,svm,64,42,5,5,subject_specific,documented_152
4,2,sub-04_ses-02_row-0603,1,115,0,svm,64,42,5,5,subject_specific,documented_152
4,2,sub-04_ses-02_row-0608,0,116,1,svm,64,42,5,5,subject_specific,documented_152
4,3,sub-04_ses-03_row-0230,3,44,2,svm,64,42,5,5,subject_specific,documented_152
4,3,sub-04_ses-03_row-0240,0,46,2,svm,64,42,5,5,subject_specific,documented_152
4,3,sub-04_ses-03_row-0255,3,49,0,svm,64,42,5,5,subject_specific,documented_152
4,3,sub-04_ses-03_row-0375,1,72,0,svm,64,42,5,5,subject_specific,documented_152
4,3,sub-04_ses-03_row-0380,2,73,0,svm,64,42,5,5,subject_specific,documented_152
4,3,sub-04_ses-03_row-0431,2,82,2,svm,64,42,5,5,subject_specific,documented_152
4,3,sub-04_ses-03_row-0451,1,86,2,svm,64,42,5,5,subject_specific,documented_152
4,3,sub-04_ses-03_row-0493,3,94,0,svm,64,42,5,5,subject_specific,documented_152
4,3,sub-04_ses-03_row-0550,3,105,0,svm,64,42,5,5,subject_specific,documented_152
4,3,sub-04_ses-03_row-0607,1,116,2,svm,64,42,5,5,subject_specific,documented_152
4,1,sub-04_ses-01_row-0210,1,40,2,svm,32,42,1,5,subject_specific,documented_152
4,1,sub-04_ses-01_row-0220,1,42,2,svm,32,42,1,5,subject_specific,documented_152
4,1,sub-04_ses-01_row-0307,2,59,0,svm,32,42,1,5,subject_specific,documented_152
4,1,sub-04_ses-01_row-0332,0,64,3,svm,32,42,1,5,subject_specific,documented_152
4,1,sub-04_ses-01_row-0369,0,71,2,svm,32,42,1,5,subject_specific,documented_152
4,1,sub-04_ses-01_row-0419,3,80,1,svm,32,42,1,5,subject_specific,documented_152
4,1,sub-04_ses-01_row-0439,2,84,3,svm,32,42,1,5,subject_specific,documented_152
4,1,sub-04_ses-01_row-0444,2,85,0,svm,32,42,1,5,subject_specific,documented_152
4,1,sub-04_ses-01_row-0459,3,88,3,svm,32,42,1,5,subject_specific,documented_152
4,1,sub-04_ses-01_row-0479,1,92,1,svm,32,42,1,5,subject_specific,documented_152
4,1,sub-04_ses-01_row-0506,1,97,2,svm,32,42,1,5,subject_specific,documented_152
4,1,sub-04_ses-01_row-0521,1,100,0,svm,32,42,1,5,subject_specific,documented_152
4,1,sub-04_ses-01_row-0526,2,101,3,svm,32,42,1,5,subject_specific,documented_152
4,1,sub-04_ses-01_row-0583,0,112,0,svm,32,42,1,5,subject_specific,documented_152
4,1,sub-04_ses-01_row-0603,1,116,0,svm,32,42,1,5,subject_specific,documented_152
4,1,sub-04_ses-01_row-0620,2,119,2,svm,32,42,1,5,subject_specific,documented_152
4,2,sub-04_ses-02_row-0245,0,47,0,svm,32,42,1,5,subject_specific,documented_152
4,2,sub-04_ses-02_row-0257,2,49,3,svm,32,42,1,5,subject_specific,documented_152
4,2,sub-04_ses-02_row-0344,0,66,3,svm,32,42,1,5,subject_specific,documented_152
4,2,sub-04_ses-02_row-0371,1,71,1,svm,32,42,1,5,subject_specific,documented_152
4,2,sub-04_ses-02_row-0381,3,73,1,svm,32,42,1,5,subject_specific,documented_152
4,2,sub-04_ses-02_row-0413,3,79,2,svm,32,42,1,5,subject_specific,documented_152
4,2,sub-04_ses-02_row-0427,3,81,2,svm,32,42,1,5,subject_specific,documented_152
4,2,sub-04_ses-02_row-0462,3,88,2,svm,32,42,1,5,subject_specific,documented_152
4,2,sub-04_ses-02_row-0509,0,97,1,svm,32,42,1,5,subject_specific,documented_152
4,2,sub-04_ses-02_row-0546,0,104,0,svm,32,42,1,5,subject_specific,documented_152
4,2,sub-04_ses-02_row-0581,1,111,0,svm,32,42,1,5,subject_specific,documented_152
4,3,sub-04_ses-03_row-0210,3,40,1,svm,32,42,1,5,subject_specific,documented_152
4,3,sub-04_ses-03_row-0225,0,43,3,svm,32,42,1,5,subject_specific,documented_152
4,3,sub-04_ses-03_row-0235,1,45,3,svm,32,42,1,5,subject_specific,documented_152
4,3,sub-04_ses-03_row-0245,3,47,0,svm,32,42,1,5,subject_specific,documented_152
4,3,sub-04_ses-03_row-0250,3,48,2,svm,32,42,1,5,subject_specific,documented_152
4,3,sub-04_ses-03_row-0262,3,50,2,svm,32,42,1,5,subject_specific,documented_152
4,3,sub-04_ses-03_row-0282,1,54,3,svm,32,42,1,5,subject_specific,documented_152
4,3,sub-04_ses-03_row-0307,2,59,0,svm,32,42,1,5,subject_specific,documented_152
4,3,sub-04_ses-03_row-0390,2,75,3,svm,32,42,1,5,subject_specific,documented_152
4,3,sub-04_ses-03_row-0395,2,76,2,svm,32,42,1,5,subject_specific,documented_152
4,3,sub-04_ses-03_row-0400,2,77,0,svm,32,42,1,5,subject_specific,documented_152
4,3,sub-04_ses-03_row-0407,3,78,3,svm,32,42,1,5,subject_specific,documented_152
4,3,sub-04_ses-03_row-0412,1,79,1,svm,32,42,1,5,subject_specific,documented_152
4,3,sub-04_ses-03_row-0488,0,93,1,svm,32,42,1,5,subject_specific,documented_152
4,3,sub-04_ses-03_row-0498,3,95,2,svm,32,42,1,5,subject_specific,documented_152
4,3,sub-04_ses-03_row-0503,0,96,1,svm,32,42,1,5,subject_specific,documented_152
4,3,sub-04_ses-03_row-0518,0,99,2,svm,32,42,1,5,subject_specific,documented_152
4,3,sub-04_ses-03_row-0528,1,101,3,svm,32,42,1,5,subject_specific,documented_152
4,3,sub-04_ses-03_row-0545,0,104,1,svm,32,42,1,5,subject_specific,documented_152
4,3,sub-04_ses-03_row-0597,2,114,3,svm,32,42,1,5,subject_specific,documented_152
4,3,sub-04_ses-03_row-0622,2,119,3,svm,32,42,1,5,subject_specific,documented_152
4,1,sub-04_ses-01_row-0215,2,41,2,svm,32,42,2,5,subject_specific,documented_152
4,1,sub-04_ses-01_row-0235,0,45,0,svm,32,42,2,5,subject_specific,documented_152
4,1,sub-04_ses-01_row-0255,3,49,2,svm,32,42,2,5,subject_specific,documented_152
4,1,sub-04_ses-01_row-0277,1,53,1,svm,32,42,2,5,subject_specific,documented_152
4,1,sub-04_ses-01_row-0297,3,57,2,svm,32,42,2,5,subject_specific,documented_152
4,1,sub-04_ses-01_row-0302,0,58,2,svm,32,42,2,5,subject_specific,documented_152
4,1,sub-04_ses-01_row-0349,3,67,0,svm,32,42,2,5,subject_specific,documented_152
4,1,sub-04_ses-01_row-0379,1,73,2,svm,32,42,2,5,subject_specific,documented_152
4,1,sub-04_ses-01_row-0389,3,75,0,svm,32,42,2,5,subject_specific,documented_152
4,1,sub-04_ses-01_row-0464,2,89,3,svm,32,42,2,5,subject_specific,documented_152
4,1,sub-04_ses-01_row-0491,1,94,2,svm,32,42,2,5,subject_specific,documented_152
4,1,sub-04_ses-01_row-0536,0,103,0,svm,32,42,2,5,subject_specific,documented_152
4,1,sub-04_ses-01_row-0541,2,104,3,svm,32,42,2,5,subject_specific,documented_152
4,1,sub-04_ses-01_row-0546,3,105,3,svm,32,42,2,5,subject_specific,documented_152
4,1,sub-04_ses-01_row-0556,3,107,0,svm,32,42,2,5,subject_specific,documented_152
4,2,sub-04_ses-02_row-0230,1,44,1,svm,32,42,2,5,subject_specific,documented_152
4,2,sub-04_ses-02_row-0250,0,48,0,svm,32,42,2,5,subject_specific,documented_152
4,2,sub-04_ses-02_row-0262,0,50,2,svm,32,42,2,5,subject_specific,documented_152
4,2,sub-04_ses-02_row-0267,3,51,0,svm,32,42,2,5,subject_specific,documented_152
4,2,sub-04_ses-02_row-0292,0,56,0,svm,32,42,2,5,subject_specific,documented_152
4,2,sub-04_ses-02_row-0307,2,59,3,svm,32,42,2,5,subject_specific,documented_152
4,2,sub-04_ses-02_row-0324,0,62,3,svm,32,42,2,5,subject_specific,documented_152
4,2,sub-04_ses-02_row-0334,1,64,0,svm,32,42,2,5,subject_specific,documented_152
4,2,sub-04_ses-02_row-0401,3,77,2,svm,32,42,2,5,subject_specific,documented_152
4,2,sub-04_ses-02_row-0422,0,80,1,svm,32,42,2,5,subject_specific,documented_152
4,2,sub-04_ses-02_row-0437,2,83,3,svm,32,42,2,5,subject_specific,documented_152
4,2,sub-04_ses-02_row-0442,2,84,1,svm,32,42,2,5,subject_specific,documented_152
4,2,sub-04_ses-02_row-0447,2,85,3,svm,32,42,2,5,subject_specific,documented_152
4,2,sub-04_ses-02_row-0457,2,87,0,svm,32,42,2,5,subject_specific,documented_152
4,2,sub-04_ses-02_row-0514,1,98,0,svm,32,42,2,5,subject_specific,documented_152
4,2,sub-04_ses-02_row-0524,3,100,1,svm,32,42,2,5,subject_specific,documented_152
4,2,sub-04_ses-02_row-0541,2,103,0,svm,32,42,2,5,subject_specific,documented_152
4,2,sub-04_ses-02_row-0551,3,105,1,svm,32,42,2,5,subject_specific,documented_152
4,2,sub-04_ses-02_row-0576,0,110,2,svm,32,42,2,5,subject_specific,documented_152
4,3,sub-04_ses-03_row-0272,1,52,2,svm,32,42,2,5,subject_specific,documented_152
4,3,sub-04_ses-03_row-0287,0,55,1,svm,32,42,2,5,subject_specific,documented_152
4,3,sub-04_ses-03_row-0292,3,56,3,svm,32,42,2,5,subject_specific,documented_152
4,3,sub-04_ses-03_row-0353,0,68,3,svm,32,42,2,5,subject_specific,documented_152
4,3,sub-04_ses-03_row-0360,2,69,0,svm,32,42,2,5,subject_specific,documented_152
4,3,sub-04_ses-03_row-0370,1,71,3,svm,32,42,2,5,subject_specific,documented_152
4,3,sub-04_ses-03_row-0426,0,81,2,svm,32,42,2,5,subject_specific,documented_152
4,3,sub-04_ses-03_row-0436,1,83,2,svm,32,42,2,5,subject_specific,documented_152
4,3,sub-04_ses-03_row-0441,1,84,2,svm,32,42,2,5,subject_specific,documented_152
4,3,sub-04_ses-03_row-0471,1,90,2,svm,32,42,2,5,subject_specific,documented_152
4,3,sub-04_ses-03_row-0513,2,98,3,svm,32,42,2,5,subject_specific,documented_152
4,3,sub-04_ses-03_row-0538,3,103,3,svm,32,42,2,5,subject_specific,documented_152
4,3,sub-04_ses-03_row-0555,2,106,1,svm,32,42,2,5,subject_specific,documented_152
4,3,sub-04_ses-03_row-0565,1,108,0,svm,32,42,2,5,subject_specific,documented_152
4,1,sub-04_ses-01_row-0327,0,63,2,svm,32,42,3,5,subject_specific,documented_152
4,1,sub-04_ses-01_row-0337,2,65,2,svm,32,42,3,5,subject_specific,documented_152
4,1,sub-04_ses-01_row-0344,2,66,0,svm,32,42,3,5,subject_specific,documented_152
4,1,sub-04_ses-01_row-0359,1,69,2,svm,32,42,3,5,subject_specific,documented_152
4,1,sub-04_ses-01_row-0364,2,70,1,svm,32,42,3,5,subject_specific,documented_152
4,1,sub-04_ses-01_row-0394,3,76,2,svm,32,42,3,5,subject_specific,documented_152
4,1,sub-04_ses-01_row-0449,3,86,2,svm,32,42,3,5,subject_specific,documented_152
4,1,sub-04_ses-01_row-0474,1,91,3,svm,32,42,3,5,subject_specific,documented_152
4,1,sub-04_ses-01_row-0578,0,111,3,svm,32,42,3,5,subject_specific,documented_152
4,1,sub-04_ses-01_row-0588,0,113,3,svm,32,42,3,5,subject_specific,documented_152
4,1,sub-04_ses-01_row-0598,0,115,1,svm,32,42,3,5,subject_specific,documented_152
4,2,sub-04_ses-02_row-0210,2,40,1,svm,32,42,3,5,subject_specific,documented_152
4,2,sub-04_ses-02_row-0225,0,43,2,svm,32,42,3,5,subject_specific,documented_152
4,2,sub-04_ses-02_row-0235,1,45,0,svm,32,42,3,5,subject_specific,documented_152
4,2,sub-04_ses-02_row-0272,1,52,3,svm,32,42,3,5,subject_specific,documented_152
4,2,sub-04_ses-02_row-0287,3,55,3,svm,32,42,3,5,subject_specific,documented_152
4,2,sub-04_ses-02_row-0297,2,57,2,svm,32,42,3,5,subject_specific,documented_152
4,2,sub-04_ses-02_row-0329,3,63,2,svm,32,42,3,5,subject_specific,documented_152
4,2,sub-04_ses-02_row-0339,1,65,3,svm,32,42,3,5,subject_specific,documented_152
4,2,sub-04_ses-02_row-0354,3,68,3,svm,32,42,3,5,subject_specific,documented_152
4,2,sub-04_ses-02_row-0366,2,70,3,svm,32,42,3,5,subject_specific,documented_152
4,2,sub-04_ses-02_row-0376,1,72,1,svm,32,42,3,5,subject_specific,documented_152
4,2,sub-04_ses-02_row-0396,0,76,3,svm,32,42,3,5,subject_specific,documented_152
4,2,sub-04_ses-02_row-0472,1,90,0,svm,32,42,3,5,subject_specific,documented_152
4,2,sub-04_ses-02_row-0499,3,95,1,svm,32,42,3,5,subject_specific,documented_152
4,2,sub-04_ses-02_row-0504,0,96,0,svm,32,42,3,5,subject_specific,documented_152
4,2,sub-04_ses-02_row-0519,3,99,3,svm,32,42,3,5,subject_specific,documented_152
4,2,sub-04_ses-02_row-0536,1,102,2,svm,32,42,3,5,subject_specific,documented_152
4,2,sub-04_ses-02_row-0561,2,107,3,svm,32,42,3,5,subject_specific,documented_152
4,2,sub-04_ses-02_row-0588,1,112,2,svm,32,42,3,5,subject_specific,documented_152
4,2,sub-04_ses-02_row-0623,1,119,0,svm,32,42,3,5,subject_specific,documented_152
4,3,sub-04_ses-03_row-0267,0,51,2,svm,32,42,3,5,subject_specific,documented_152
4,3,sub-04_ses-03_row-0302,3,58,1,svm,32,42,3,5,subject_specific,documented_152
4,3,sub-04_ses-03_row-0328,0,63,2,svm,32,42,3,5,subject_specific,documented_152
4,3,sub-04_ses-03_row-0333,1,64,3,svm,32,42,3,5,subject_specific,documented_152
4,3,sub-04_ses-03_row-0338,2,65,3,svm,32,42,3,5,subject_specific,documented_152
4,3,sub-04_ses-03_row-0343,2,66,1,svm,32,42,3,5,subject_specific,documented_152
4,3,sub-04_ses-03_row-0365,2,70,0,svm,32,42,3,5,subject_specific,documented_152
4,3,sub-04_ses-03_row-0456,3,87,1,svm,32,42,3,5,subject_specific,documented_152
4,3,sub-04_ses-03_row-0466,0,89,0,svm,32,42,3,5,subject_specific,documented_152
4,3,sub-04_ses-03_row-0476,0,91,2,svm,32,42,3,5,subject_specific,documented_152
4,3,sub-04_ses-03_row-0483,3,92,2,svm,32,42,3,5,subject_specific,documented_152
4,3,sub-04_ses-03_row-0508,2,97,0,svm,32,42,3,5,subject_specific,documented_152
4,3,sub-04_ses-03_row-0523,3,100,1,svm,32,42,3,5,subject_specific,documented_152
4,3,sub-04_ses-03_row-0560,0,107,3,svm,32,42,3,5,subject_specific,documented_152
4,3,sub-04_ses-03_row-0570,2,109,1,svm,32,42,3,5,subject_specific,documented_152
4,3,sub-04_ses-03_row-0585,1,112,1,svm,32,42,3,5,subject_specific,documented_152
4,3,sub-04_ses-03_row-0602,3,115,3,svm,32,42,3,5,subject_specific,documented_152
4,1,sub-04_ses-01_row-0225,2,43,0,svm,32,42,4,5,subject_specific,documented_152
4,1,sub-04_ses-01_row-0230,1,44,3,svm,32,42,4,5,subject_specific,documented_152
4,1,sub-04_ses-01_row-0260,1,50,0,svm,32,42,4,5,subject_specific,documented_152
4,1,sub-04_ses-01_row-0265,0,51,0,svm,32,42,4,5,subject_specific,documented_152
4,1,sub-04_ses-01_row-0272,2,52,0,svm,32,42,4,5,subject_specific,documented_152
4,1,sub-04_ses-01_row-0292,3,56,0,svm,32,42,4,5,subject_specific,documented_152
4,1,sub-04_ses-01_row-0312,2,60,2,svm,32,42,4,5,subject_specific,documented_152
4,1,sub-04_ses-01_row-0354,3,68,0,svm,32,42,4,5,subject_specific,documented_152
4,1,sub-04_ses-01_row-0400,3,77,0,svm,32,42,4,5,subject_specific,documented_152
4,1,sub-04_ses-01_row-0410,3,79,2,svm,32,42,4,5,subject_specific,documented_152
4,1,sub-04_ses-01_row-0429,1,82,0,svm,32,42,4,5,subject_specific,documented_152
4,1,sub-04_ses-01_row-0434,0,83,3,svm,32,42,4,5,subject_specific,documented_152
4,1,sub-04_ses-01_row-0501,3,96,1,svm,32,42,4,5,subject_specific,documented_152
4,1,sub-04_ses-01_row-0551,0,106,2,svm,32,42,4,5,subject_specific,documented_152
4,1,sub-04_ses-01_row-0568,3,109,2,svm,32,42,4,5,subject_specific,documented_152
4,1,sub-04_ses-01_row-0573,1,110,3,svm,32,42,4,5,subject_specific,documented_152
4,2,sub-04_ses-02_row-0215,2,41,1,svm,32,42,4,5,subject_specific,documented_152
4,2,sub-04_ses-02_row-0220,1,42,1,svm,32,42,4,5,subject_specific,documented_152
4,2,sub-04_ses-02_row-0277,2,53,3,svm,32,42,4,5,subject_specific,documented_152
4,2,sub-04_ses-02_row-0302,2,58,0,svm,32,42,4,5,subject_specific,documented_152
4,2,sub-04_ses-02_row-0386,2,74,3,svm,32,42,4,5,subject_specific,documented_152
4,2,sub-04_ses-02_row-0406,3,78,0,svm,32,42,4,5,subject_specific,documented_152
4,2,sub-04_ses-02_row-0467,0,89,2,svm,32,42,4,5,subject_specific,documented_152
4,2,sub-04_ses-02_row-0479,3,91,3,svm,32,42,4,5,subject_specific,documented_152
4,2,sub-04_ses-02_row-0484,0,92,3,svm,32,42,4,5,subject_specific,documented_152
4,2,sub-04_ses-02_row-0489,2,93,1,svm,32,42,4,5,subject_specific,documented_152
4,2,sub-04_ses-02_row-0529,0,101,0,svm,32,42,4,5,subject_specific,documented_152
4,2,sub-04_ses-02_row-0598,3,114,0,svm,32,42,4,5,subject_specific,documented_152
4,2,sub-04_ses-02_row-0613,1,117,2,svm,32,42,4,5,subject_specific,documented_152
4,2,sub-04_ses-02_row-0618,1,118,3,svm,32,42,4,5,subject_specific,documented_152
4,3,sub-04_ses-03_row-0215,0,41,3,svm,32,42,4,5,subject_specific,documented_152
4,3,sub-04_ses-03_row-0220,1,42,2,svm,32,42,4,5,subject_specific,documented_152
4,3,sub-04_ses-03_row-0277,3,53,2,svm,32,42,4,5,subject_specific,documented_152
4,3,sub-04_ses-03_row-0297,1,57,3,svm,32,42,4,5,subject_specific,documented_152
4,3,sub-04_ses-03_row-0312,0,60,2,svm,32,42,4,5,subject_specific,documented_152
4,3,sub-04_ses-03_row-0318,1,61,0,svm,32,42,4,5,subject_specific,documented_152
4,3,sub-04_ses-03_row-0323,0,62,2,svm,32,42,4,5,subject_specific,documented_152
4,3,sub-04_ses-03_row-0348,0,67,2,svm,32,42,4,5,subject_specific,documented_152
4,3,sub-04_ses-03_row-0385,2,74,3,svm,32,42,4,5,subject_specific,documented_152
4,3,sub-04_ses-03_row-0421,2,80,0,svm,32,42,4,5,subject_specific,documented_152
4,3,sub-04_ses-03_row-0446,0,85,1,svm,32,42,4,5,subject_specific,documented_152
4,3,sub-04_ses-03_row-0461,3,88,3,svm,32,42,4,5,subject_specific,documented_152
4,3,sub-04_ses-03_row-0533,1,102,3,svm,32,42,4,5,subject_specific,documented_152
4,3,sub-04_ses-03_row-0575,3,110,2,svm,32,42,4,5,subject_specific,documented_152
4,3,sub-04_ses-03_row-0580,2,111,2,svm,32,42,4,5,subject_specific,documented_152
4,3,sub-04_ses-03_row-0590,0,113,2,svm,32,42,4,5,subject_specific,documented_152
4,3,sub-04_ses-03_row-0612,1,117,3,svm,32,42,4,5,subject_specific,documented_152
4,3,sub-04_ses-03_row-0617,2,118,2,svm,32,42,4,5,subject_specific,documented_152
4,1,sub-04_ses-01_row-0240,0,46,3,svm,32,42,5,5,subject_specific,documented_152
4,1,sub-04_ses-01_row-0245,0,47,1,svm,32,42,5,5,subject_specific,documented_152
4,1,sub-04_ses-01_row-0250,0,48,0,svm,32,42,5,5,subject_specific,documented_152
4,1,sub-04_ses-01_row-0282,2,54,2,svm,32,42,5,5,subject_specific,documented_152
4,1,sub-04_ses-01_row-0287,0,55,1,svm,32,42,5,5,subject_specific,documented_152
4,1,sub-04_ses-01_row-0317,1,61,2,svm,32,42,5,5,subject_specific,documented_152
4,1,sub-04_ses-01_row-0322,3,62,3,svm,32,42,5,5,subject_specific,documented_152
4,1,sub-04_ses-01_row-0374,1,72,3,svm,32,42,5,5,subject_specific,documented_152
4,1,sub-04_ses-01_row-0384,2,74,3,svm,32,42,5,5,subject_specific,documented_152
4,1,sub-04_ses-01_row-0405,1,78,1,svm,32,42,5,5,subject_specific,documented_152
4,1,sub-04_ses-01_row-0424,2,81,0,svm,32,42,5,5,subject_specific,documented_152
4,1,sub-04_ses-01_row-0454,3,87,0,svm,32,42,5,5,subject_specific,documented_152
4,1,sub-04_ses-01_row-0469,1,90,3,svm,32,42,5,5,subject_specific,documented_152
4,1,sub-04_ses-01_row-0486,1,93,3,svm,32,42,5,5,subject_specific,documented_152
4,1,sub-04_ses-01_row-0496,0,95,3,svm,32,42,5,5,subject_specific,documented_152
4,1,sub-04_ses-01_row-0511,3,98,3,svm,32,42,5,5,subject_specific,documented_152
4,1,sub-04_ses-01_row-0516,2,99,3,svm,32,42,5,5,subject_specific,documented_152
4,1,sub-04_ses-01_row-0531,0,102,1,svm,32,42,5,5,subject_specific,documented_152
4,1,sub-04_ses-01_row-0563,3,108,0,svm,32,42,5,5,subject_specific,documented_152
4,1,sub-04_ses-01_row-0593,0,114,3,svm,32,42,5,5,subject_specific,documented_152
4,1,sub-04_ses-01_row-0608,2,117,1,svm,32,42,5,5,subject_specific,documented_152
4,1,sub-04_ses-01_row-0615,2,118,3,svm,32,42,5,5,subject_specific,documented_152
4,2,sub-04_ses-02_row-0240,1,46,0,svm,32,42,5,5,subject_specific,documented_152
4,2,sub-04_ses-02_row-0282,0,54,2,svm,32,42,5,5,subject_specific,documented_152
4,2,sub-04_ses-02_row-0314,3,60,3,svm,32,42,5,5,subject_specific,documented_152
4,2,sub-04_ses-02_row-0319,1,61,3,svm,32,42,5,5,subject_specific,documented_152
4,2,sub-04_ses-02_row-0349,0,67,1,svm,32,42,5,5,subject_specific,documented_152
4,2,sub-04_ses-02_row-0359,3,69,3,svm,32,42,5,5,subject_specific,documented_152
4,2,sub-04_ses-02_row-0391,2,75,3,svm,32,42,5,5,subject_specific,documented_152
4,2,sub-04_ses-02_row-0432,3,82,3,svm,32,42,5,5,subject_specific,documented_152
4,2,sub-04_ses-02_row-0452,0,86,0,svm,32,42,5,5,subject_specific,documented_152
4,2,sub-04_ses-02_row-0494,2,94,3,svm,32,42,5,5,subject_specific,documented_152
4,2,sub-04_ses-02_row-0556,1,106,2,svm,32,42,5,5,subject_specific,documented_152
4,2,sub-04_ses-02_row-0566,2,108,3,svm,32,42,5,5,subject_specific,documented_152
4,2,sub-04_ses-02_row-0571,3,109,3,svm,32,42,5,5,subject_specific,documented_152
4,2,sub-04_ses-02_row-0593,2,113,1,svm,32,42,5,5,subject_specific,documented_152
4,2,sub-04_ses-02_row-0603,1,115,0,svm,32,42,5,5,subject_specific,documented_152
4,2,sub-04_ses-02_row-0608,0,116,1,svm,32,42,5,5,subject_specific,documented_152
4,3,sub-04_ses-03_row-0230,3,44,2,svm,32,42,5,5,subject_specific,documented_152
4,3,sub-04_ses-03_row-0240,0,46,2,svm,32,42,5,5,subject_specific,documented_152
4,3,sub-04_ses-03_row-0255,3,49,3,svm,32,42,5,5,subject_specific,documented_152
4,3,sub-04_ses-03_row-0375,1,72,0,svm,32,42,5,5,subject_specific,documented_152
4,3,sub-04_ses-03_row-0380,2,73,0,svm,32,42,5,5,subject_specific,documented_152
4,3,sub-04_ses-03_row-0431,2,82,0,svm,32,42,5,5,subject_specific,documented_152
4,3,sub-04_ses-03_row-0451,1,86,2,svm,32,42,5,5,subject_specific,documented_152
4,3,sub-04_ses-03_row-0493,3,94,0,svm,32,42,5,5,subject_specific,documented_152
4,3,sub-04_ses-03_row-0550,3,105,0,svm,32,42,5,5,subject_specific,documented_152
4,3,sub-04_ses-03_row-0607,1,116,2,svm,32,42,5,5,subject_specific,documented_152
4,1,sub-04_ses-01_row-0210,1,40,2,svm,16,42,1,5,subject_specific,documented_152
4,1,sub-04_ses-01_row-0220,1,42,2,svm,16,42,1,5,subject_specific,documented_152
4,1,sub-04_ses-01_row-0307,2,59,0,svm,16,42,1,5,subject_specific,documented_152
4,1,sub-04_ses-01_row-0332,0,64,3,svm,16,42,1,5,subject_specific,documented_152
4,1,sub-04_ses-01_row-0369,0,71,2,svm,16,42,1,5,subject_specific,documented_152
4,1,sub-04_ses-01_row-0419,3,80,1,svm,16,42,1,5,subject_specific,documented_152
4,1,sub-04_ses-01_row-0439,2,84,3,svm,16,42,1,5,subject_specific,documented_152
4,1,sub-04_ses-01_row-0444,2,85,3,svm,16,42,1,5,subject_specific,documented_152
4,1,sub-04_ses-01_row-0459,3,88,0,svm,16,42,1,5,subject_specific,documented_152
4,1,sub-04_ses-01_row-0479,1,92,1,svm,16,42,1,5,subject_specific,documented_152
4,1,sub-04_ses-01_row-0506,1,97,2,svm,16,42,1,5,subject_specific,documented_152
4,1,sub-04_ses-01_row-0521,1,100,0,svm,16,42,1,5,subject_specific,documented_152
4,1,sub-04_ses-01_row-0526,2,101,3,svm,16,42,1,5,subject_specific,documented_152
4,1,sub-04_ses-01_row-0583,0,112,0,svm,16,42,1,5,subject_specific,documented_152
4,1,sub-04_ses-01_row-0603,1,116,3,svm,16,42,1,5,subject_specific,documented_152
4,1,sub-04_ses-01_row-0620,2,119,0,svm,16,42,1,5,subject_specific,documented_152
4,2,sub-04_ses-02_row-0245,0,47,2,svm,16,42,1,5,subject_specific,documented_152
4,2,sub-04_ses-02_row-0257,2,49,2,svm,16,42,1,5,subject_specific,documented_152
4,2,sub-04_ses-02_row-0344,0,66,3,svm,16,42,1,5,subject_specific,documented_152
4,2,sub-04_ses-02_row-0371,1,71,0,svm,16,42,1,5,subject_specific,documented_152
4,2,sub-04_ses-02_row-0381,3,73,2,svm,16,42,1,5,subject_specific,documented_152
4,2,sub-04_ses-02_row-0413,3,79,2,svm,16,42,1,5,subject_specific,documented_152
4,2,sub-04_ses-02_row-0427,3,81,2,svm,16,42,1,5,subject_specific,documented_152
4,2,sub-04_ses-02_row-0462,3,88,2,svm,16,42,1,5,subject_specific,documented_152
4,2,sub-04_ses-02_row-0509,0,97,1,svm,16,42,1,5,subject_specific,documented_152
4,2,sub-04_ses-02_row-0546,0,104,0,svm,16,42,1,5,subject_specific,documented_152
4,2,sub-04_ses-02_row-0581,1,111,2,svm,16,42,1,5,subject_specific,documented_152
4,3,sub-04_ses-03_row-0210,3,40,1,svm,16,42,1,5,subject_specific,documented_152
4,3,sub-04_ses-03_row-0225,0,43,3,svm,16,42,1,5,subject_specific,documented_152
4,3,sub-04_ses-03_row-0235,1,45,3,svm,16,42,1,5,subject_specific,documented_152
4,3,sub-04_ses-03_row-0245,3,47,1,svm,16,42,1,5,subject_specific,documented_152
4,3,sub-04_ses-03_row-0250,3,48,2,svm,16,42,1,5,subject_specific,documented_152
4,3,sub-04_ses-03_row-0262,3,50,2,svm,16,42,1,5,subject_specific,documented_152
4,3,sub-04_ses-03_row-0282,1,54,3,svm,16,42,1,5,subject_specific,documented_152
4,3,sub-04_ses-03_row-0307,2,59,0,svm,16,42,1,5,subject_specific,documented_152
4,3,sub-04_ses-03_row-0390,2,75,1,svm,16,42,1,5,subject_specific,documented_152
4,3,sub-04_ses-03_row-0395,2,76,1,svm,16,42,1,5,subject_specific,documented_152
4,3,sub-04_ses-03_row-0400,2,77,0,svm,16,42,1,5,subject_specific,documented_152
4,3,sub-04_ses-03_row-0407,3,78,3,svm,16,42,1,5,subject_specific,documented_152
4,3,sub-04_ses-03_row-0412,1,79,1,svm,16,42,1,5,subject_specific,documented_152
4,3,sub-04_ses-03_row-0488,0,93,1,svm,16,42,1,5,subject_specific,documented_152
4,3,sub-04_ses-03_row-0498,3,95,0,svm,16,42,1,5,subject_specific,documented_152
4,3,sub-04_ses-03_row-0503,0,96,1,svm,16,42,1,5,subject_specific,documented_152
4,3,sub-04_ses-03_row-0518,0,99,1,svm,16,42,1,5,subject_specific,documented_152
4,3,sub-04_ses-03_row-0528,1,101,3,svm,16,42,1,5,subject_specific,documented_152
4,3,sub-04_ses-03_row-0545,0,104,1,svm,16,42,1,5,subject_specific,documented_152
4,3,sub-04_ses-03_row-0597,2,114,3,svm,16,42,1,5,subject_specific,documented_152
4,3,sub-04_ses-03_row-0622,2,119,3,svm,16,42,1,5,subject_specific,documented_152
4,1,sub-04_ses-01_row-0215,2,41,2,svm,16,42,2,5,subject_specific,documented_152
4,1,sub-04_ses-01_row-0235,0,45,0,svm,16,42,2,5,subject_specific,documented_152
4,1,sub-04_ses-01_row-0255,3,49,2,svm,16,42,2,5,subject_specific,documented_152
4,1,sub-04_ses-01_row-0277,1,53,1,svm,16,42,2,5,subject_specific,documented_152
4,1,sub-04_ses-01_row-0297,3,57,0,svm,16,42,2,5,subject_specific,documented_152
4,1,sub-04_ses-01_row-0302,0,58,1,svm,16,42,2,5,subject_specific,documented_152
4,1,sub-04_ses-01_row-0349,3,67,0,svm,16,42,2,5,subject_specific,documented_152
4,1,sub-04_ses-01_row-0379,1,73,2,svm,16,42,2,5,subject_specific,documented_152
4,1,sub-04_ses-01_row-0389,3,75,0,svm,16,42,2,5,subject_specific,documented_152
4,1,sub-04_ses-01_row-0464,2,89,3,svm,16,42,2,5,subject_specific,documented_152
4,1,sub-04_ses-01_row-0491,1,94,0,svm,16,42,2,5,subject_specific,documented_152
4,1,sub-04_ses-01_row-0536,0,103,0,svm,16,42,2,5,subject_specific,documented_152
4,1,sub-04_ses-01_row-0541,2,104,0,svm,16,42,2,5,subject_specific,documented_152
4,1,sub-04_ses-01_row-0546,3,105,0,svm,16,42,2,5,subject_specific,documented_152
4,1,sub-04_ses-01_row-0556,3,107,0,svm,16,42,2,5,subject_specific,documented_152
4,2,sub-04_ses-02_row-0230,1,44,1,svm,16,42,2,5,subject_specific,documented_152
4,2,sub-04_ses-02_row-0250,0,48,0,svm,16,42,2,5,subject_specific,documented_152
4,2,sub-04_ses-02_row-0262,0,50,0,svm,16,42,2,5,subject_specific,documented_152
4,2,sub-04_ses-02_row-0267,3,51,0,svm,16,42,2,5,subject_specific,documented_152
4,2,sub-04_ses-02_row-0292,0,56,0,svm,16,42,2,5,subject_specific,documented_152
4,2,sub-04_ses-02_row-0307,2,59,3,svm,16,42,2,5,subject_specific,documented_152
4,2,sub-04_ses-02_row-0324,0,62,3,svm,16,42,2,5,subject_specific,documented_152
4,2,sub-04_ses-02_row-0334,1,64,0,svm,16,42,2,5,subject_specific,documented_152
4,2,sub-04_ses-02_row-0401,3,77,2,svm,16,42,2,5,subject_specific,documented_152
4,2,sub-04_ses-02_row-0422,0,80,1,svm,16,42,2,5,subject_specific,documented_152
4,2,sub-04_ses-02_row-0437,2,83,1,svm,16,42,2,5,subject_specific,documented_152
4,2,sub-04_ses-02_row-0442,2,84,1,svm,16,42,2,5,subject_specific,documented_152
4,2,sub-04_ses-02_row-0447,2,85,1,svm,16,42,2,5,subject_specific,documented_152
4,2,sub-04_ses-02_row-0457,2,87,2,svm,16,42,2,5,subject_specific,documented_152
4,2,sub-04_ses-02_row-0514,1,98,1,svm,16,42,2,5,subject_specific,documented_152
4,2,sub-04_ses-02_row-0524,3,100,1,svm,16,42,2,5,subject_specific,documented_152
4,2,sub-04_ses-02_row-0541,2,103,0,svm,16,42,2,5,subject_specific,documented_152
4,2,sub-04_ses-02_row-0551,3,105,1,svm,16,42,2,5,subject_specific,documented_152
4,2,sub-04_ses-02_row-0576,0,110,2,svm,16,42,2,5,subject_specific,documented_152
4,3,sub-04_ses-03_row-0272,1,52,2,svm,16,42,2,5,subject_specific,documented_152
4,3,sub-04_ses-03_row-0287,0,55,0,svm,16,42,2,5,subject_specific,documented_152
4,3,sub-04_ses-03_row-0292,3,56,3,svm,16,42,2,5,subject_specific,documented_152
4,3,sub-04_ses-03_row-0353,0,68,3,svm,16,42,2,5,subject_specific,documented_152
4,3,sub-04_ses-03_row-0360,2,69,3,svm,16,42,2,5,subject_specific,documented_152
4,3,sub-04_ses-03_row-0370,1,71,3,svm,16,42,2,5,subject_specific,documented_152
4,3,sub-04_ses-03_row-0426,0,81,2,svm,16,42,2,5,subject_specific,documented_152
4,3,sub-04_ses-03_row-0436,1,83,2,svm,16,42,2,5,subject_specific,documented_152
4,3,sub-04_ses-03_row-0441,1,84,2,svm,16,42,2,5,subject_specific,documented_152
4,3,sub-04_ses-03_row-0471,1,90,3,svm,16,42,2,5,subject_specific,documented_152
4,3,sub-04_ses-03_row-0513,2,98,1,svm,16,42,2,5,subject_specific,documented_152
4,3,sub-04_ses-03_row-0538,3,103,3,svm,16,42,2,5,subject_specific,documented_152
4,3,sub-04_ses-03_row-0555,2,106,3,svm,16,42,2,5,subject_specific,documented_152
4,3,sub-04_ses-03_row-0565,1,108,0,svm,16,42,2,5,subject_specific,documented_152
4,1,sub-04_ses-01_row-0327,0,63,2,svm,16,42,3,5,subject_specific,documented_152
4,1,sub-04_ses-01_row-0337,2,65,2,svm,16,42,3,5,subject_specific,documented_152
4,1,sub-04_ses-01_row-0344,2,66,0,svm,16,42,3,5,subject_specific,documented_152
4,1,sub-04_ses-01_row-0359,1,69,0,svm,16,42,3,5,subject_specific,documented_152
4,1,sub-04_ses-01_row-0364,2,70,3,svm,16,42,3,5,subject_specific,documented_152
4,1,sub-04_ses-01_row-0394,3,76,2,svm,16,42,3,5,subject_specific,documented_152
4,1,sub-04_ses-01_row-0449,3,86,2,svm,16,42,3,5,subject_specific,documented_152
4,1,sub-04_ses-01_row-0474,1,91,1,svm,16,42,3,5,subject_specific,documented_152
4,1,sub-04_ses-01_row-0578,0,111,3,svm,16,42,3,5,subject_specific,documented_152
4,1,sub-04_ses-01_row-0588,0,113,3,svm,16,42,3,5,subject_specific,documented_152
4,1,sub-04_ses-01_row-0598,0,115,2,svm,16,42,3,5,subject_specific,documented_152
4,2,sub-04_ses-02_row-0210,2,40,2,svm,16,42,3,5,subject_specific,documented_152
4,2,sub-04_ses-02_row-0225,0,43,2,svm,16,42,3,5,subject_specific,documented_152
4,2,sub-04_ses-02_row-0235,1,45,3,svm,16,42,3,5,subject_specific,documented_152
4,2,sub-04_ses-02_row-0272,1,52,0,svm,16,42,3,5,subject_specific,documented_152
4,2,sub-04_ses-02_row-0287,3,55,3,svm,16,42,3,5,subject_specific,documented_152
4,2,sub-04_ses-02_row-0297,2,57,0,svm,16,42,3,5,subject_specific,documented_152
4,2,sub-04_ses-02_row-0329,3,63,2,svm,16,42,3,5,subject_specific,documented_152
4,2,sub-04_ses-02_row-0339,1,65,3,svm,16,42,3,5,subject_specific,documented_152
4,2,sub-04_ses-02_row-0354,3,68,3,svm,16,42,3,5,subject_specific,documented_152
4,2,sub-04_ses-02_row-0366,2,70,3,svm,16,42,3,5,subject_specific,documented_152
4,2,sub-04_ses-02_row-0376,1,72,1,svm,16,42,3,5,subject_specific,documented_152
4,2,sub-04_ses-02_row-0396,0,76,3,svm,16,42,3,5,subject_specific,documented_152
4,2,sub-04_ses-02_row-0472,1,90,0,svm,16,42,3,5,subject_specific,documented_152
4,2,sub-04_ses-02_row-0499,3,95,0,svm,16,42,3,5,subject_specific,documented_152
4,2,sub-04_ses-02_row-0504,0,96,0,svm,16,42,3,5,subject_specific,documented_152
4,2,sub-04_ses-02_row-0519,3,99,2,svm,16,42,3,5,subject_specific,documented_152
4,2,sub-04_ses-02_row-0536,1,102,1,svm,16,42,3,5,subject_specific,documented_152
4,2,sub-04_ses-02_row-0561,2,107,1,svm,16,42,3,5,subject_specific,documented_152
4,2,sub-04_ses-02_row-0588,1,112,2,svm,16,42,3,5,subject_specific,documented_152
4,2,sub-04_ses-02_row-0623,1,119,0,svm,16,42,3,5,subject_specific,documented_152
4,3,sub-04_ses-03_row-0267,0,51,2,svm,16,42,3,5,subject_specific,documented_152
4,3,sub-04_ses-03_row-0302,3,58,2,svm,16,42,3,5,subject_specific,documented_152
4,3,sub-04_ses-03_row-0328,0,63,2,svm,16,42,3,5,subject_specific,documented_152
4,3,sub-04_ses-03_row-0333,1,64,3,svm,16,42,3,5,subject_specific,documented_152
4,3,sub-04_ses-03_row-0338,2,65,3,svm,16,42,3,5,subject_specific,documented_152
4,3,sub-04_ses-03_row-0343,2,66,1,svm,16,42,3,5,subject_specific,documented_152
4,3,sub-04_ses-03_row-0365,2,70,0,svm,16,42,3,5,subject_specific,documented_152
4,3,sub-04_ses-03_row-0456,3,87,1,svm,16,42,3,5,subject_specific,documented_152
4,3,sub-04_ses-03_row-0466,0,89,2,svm,16,42,3,5,subject_specific,documented_152
4,3,sub-04_ses-03_row-0476,0,91,2,svm,16,42,3,5,subject_specific,documented_152
4,3,sub-04_ses-03_row-0483,3,92,2,svm,16,42,3,5,subject_specific,documented_152
4,3,sub-04_ses-03_row-0508,2,97,0,svm,16,42,3,5,subject_specific,documented_152
4,3,sub-04_ses-03_row-0523,3,100,1,svm,16,42,3,5,subject_specific,documented_152
4,3,sub-04_ses-03_row-0560,0,107,3,svm,16,42,3,5,subject_specific,documented_152
4,3,sub-04_ses-03_row-0570,2,109,1,svm,16,42,3,5,subject_specific,documented_152
4,3,sub-04_ses-03_row-0585,1,112,3,svm,16,42,3,5,subject_specific,documented_152
4,3,sub-04_ses-03_row-0602,3,115,2,svm,16,42,3,5,subject_specific,documented_152
4,1,sub-04_ses-01_row-0225,2,43,0,svm,16,42,4,5,subject_specific,documented_152
4,1,sub-04_ses-01_row-0230,1,44,3,svm,16,42,4,5,subject_specific,documented_152
4,1,sub-04_ses-01_row-0260,1,50,0,svm,16,42,4,5,subject_specific,documented_152
4,1,sub-04_ses-01_row-0265,0,51,3,svm,16,42,4,5,subject_specific,documented_152
4,1,sub-04_ses-01_row-0272,2,52,0,svm,16,42,4,5,subject_specific,documented_152
4,1,sub-04_ses-01_row-0292,3,56,0,svm,16,42,4,5,subject_specific,documented_152
4,1,sub-04_ses-01_row-0312,2,60,0,svm,16,42,4,5,subject_specific,documented_152
4,1,sub-04_ses-01_row-0354,3,68,0,svm,16,42,4,5,subject_specific,documented_152
4,1,sub-04_ses-01_row-0400,3,77,0,svm,16,42,4,5,subject_specific,documented_152
4,1,sub-04_ses-01_row-0410,3,79,2,svm,16,42,4,5,subject_specific,documented_152
4,1,sub-04_ses-01_row-0429,1,82,0,svm,16,42,4,5,subject_specific,documented_152
4,1,sub-04_ses-01_row-0434,0,83,2,svm,16,42,4,5,subject_specific,documented_152
4,1,sub-04_ses-01_row-0501,3,96,3,svm,16,42,4,5,subject_specific,documented_152
4,1,sub-04_ses-01_row-0551,0,106,2,svm,16,42,4,5,subject_specific,documented_152
4,1,sub-04_ses-01_row-0568,3,109,2,svm,16,42,4,5,subject_specific,documented_152
4,1,sub-04_ses-01_row-0573,1,110,3,svm,16,42,4,5,subject_specific,documented_152
4,2,sub-04_ses-02_row-0215,2,41,1,svm,16,42,4,5,subject_specific,documented_152
4,2,sub-04_ses-02_row-0220,1,42,1,svm,16,42,4,5,subject_specific,documented_152
4,2,sub-04_ses-02_row-0277,2,53,3,svm,16,42,4,5,subject_specific,documented_152
4,2,sub-04_ses-02_row-0302,2,58,3,svm,16,42,4,5,subject_specific,documented_152
4,2,sub-04_ses-02_row-0386,2,74,1,svm,16,42,4,5,subject_specific,documented_152
4,2,sub-04_ses-02_row-0406,3,78,1,svm,16,42,4,5,subject_specific,documented_152
4,2,sub-04_ses-02_row-0467,0,89,2,svm,16,42,4,5,subject_specific,documented_152
4,2,sub-04_ses-02_row-0479,3,91,3,svm,16,42,4,5,subject_specific,documented_152
4,2,sub-04_ses-02_row-0484,0,92,3,svm,16,42,4,5,subject_specific,documented_152
4,2,sub-04_ses-02_row-0489,2,93,1,svm,16,42,4,5,subject_specific,documented_152
4,2,sub-04_ses-02_row-0529,0,101,0,svm,16,42,4,5,subject_specific,documented_152
4,2,sub-04_ses-02_row-0598,3,114,1,svm,16,42,4,5,subject_specific,documented_152
4,2,sub-04_ses-02_row-0613,1,117,3,svm,16,42,4,5,subject_specific,documented_152
4,2,sub-04_ses-02_row-0618,1,118,3,svm,16,42,4,5,subject_specific,documented_152
4,3,sub-04_ses-03_row-0215,0,41,3,svm,16,42,4,5,subject_specific,documented_152
4,3,sub-04_ses-03_row-0220,1,42,2,svm,16,42,4,5,subject_specific,documented_152
4,3,sub-04_ses-03_row-0277,3,53,2,svm,16,42,4,5,subject_specific,documented_152
4,3,sub-04_ses-03_row-0297,1,57,3,svm,16,42,4,5,subject_specific,documented_152
4,3,sub-04_ses-03_row-0312,0,60,2,svm,16,42,4,5,subject_specific,documented_152
4,3,sub-04_ses-03_row-0318,1,61,0,svm,16,42,4,5,subject_specific,documented_152
4,3,sub-04_ses-03_row-0323,0,62,3,svm,16,42,4,5,subject_specific,documented_152
4,3,sub-04_ses-03_row-0348,0,67,2,svm,16,42,4,5,subject_specific,documented_152
4,3,sub-04_ses-03_row-0385,2,74,2,svm,16,42,4,5,subject_specific,documented_152
4,3,sub-04_ses-03_row-0421,2,80,1,svm,16,42,4,5,subject_specific,documented_152
4,3,sub-04_ses-03_row-0446,0,85,1,svm,16,42,4,5,subject_specific,documented_152
4,3,sub-04_ses-03_row-0461,3,88,0,svm,16,42,4,5,subject_specific,documented_152
4,3,sub-04_ses-03_row-0533,1,102,3,svm,16,42,4,5,subject_specific,documented_152
4,3,sub-04_ses-03_row-0575,3,110,2,svm,16,42,4,5,subject_specific,documented_152
4,3,sub-04_ses-03_row-0580,2,111,1,svm,16,42,4,5,subject_specific,documented_152
4,3,sub-04_ses-03_row-0590,0,113,2,svm,16,42,4,5,subject_specific,documented_152
4,3,sub-04_ses-03_row-0612,1,117,3,svm,16,42,4,5,subject_specific,documented_152
4,3,sub-04_ses-03_row-0617,2,118,3,svm,16,42,4,5,subject_specific,documented_152
4,1,sub-04_ses-01_row-0240,0,46,2,svm,16,42,5,5,subject_specific,documented_152
4,1,sub-04_ses-01_row-0245,0,47,3,svm,16,42,5,5,subject_specific,documented_152
4,1,sub-04_ses-01_row-0250,0,48,0,svm,16,42,5,5,subject_specific,documented_152
4,1,sub-04_ses-01_row-0282,2,54,2,svm,16,42,5,5,subject_specific,documented_152
4,1,sub-04_ses-01_row-0287,0,55,3,svm,16,42,5,5,subject_specific,documented_152
4,1,sub-04_ses-01_row-0317,1,61,0,svm,16,42,5,5,subject_specific,documented_152
4,1,sub-04_ses-01_row-0322,3,62,3,svm,16,42,5,5,subject_specific,documented_152
4,1,sub-04_ses-01_row-0374,1,72,3,svm,16,42,5,5,subject_specific,documented_152
4,1,sub-04_ses-01_row-0384,2,74,3,svm,16,42,5,5,subject_specific,documented_152
4,1,sub-04_ses-01_row-0405,1,78,1,svm,16,42,5,5,subject_specific,documented_152
4,1,sub-04_ses-01_row-0424,2,81,3,svm,16,42,5,5,subject_specific,documented_152
4,1,sub-04_ses-01_row-0454,3,87,0,svm,16,42,5,5,subject_specific,documented_152
4,1,sub-04_ses-01_row-0469,1,90,0,svm,16,42,5,5,subject_specific,documented_152
4,1,sub-04_ses-01_row-0486,1,93,3,svm,16,42,5,5,subject_specific,documented_152
4,1,sub-04_ses-01_row-0496,0,95,3,svm,16,42,5,5,subject_specific,documented_152
4,1,sub-04_ses-01_row-0511,3,98,2,svm,16,42,5,5,subject_specific,documented_152
4,1,sub-04_ses-01_row-0516,2,99,3,svm,16,42,5,5,subject_specific,documented_152
4,1,sub-04_ses-01_row-0531,0,102,2,svm,16,42,5,5,subject_specific,documented_152
4,1,sub-04_ses-01_row-0563,3,108,0,svm,16,42,5,5,subject_specific,documented_152
4,1,sub-04_ses-01_row-0593,0,114,3,svm,16,42,5,5,subject_specific,documented_152
4,1,sub-04_ses-01_row-0608,2,117,0,svm,16,42,5,5,subject_specific,documented_152
4,1,sub-04_ses-01_row-0615,2,118,3,svm,16,42,5,5,subject_specific,documented_152
4,2,sub-04_ses-02_row-0240,1,46,1,svm,16,42,5,5,subject_specific,documented_152
4,2,sub-04_ses-02_row-0282,0,54,0,svm,16,42,5,5,subject_specific,documented_152
4,2,sub-04_ses-02_row-0314,3,60,3,svm,16,42,5,5,subject_specific,documented_152
4,2,sub-04_ses-02_row-0319,1,61,2,svm,16,42,5,5,subject_specific,documented_152
4,2,sub-04_ses-02_row-0349,0,67,1,svm,16,42,5,5,subject_specific,documented_152
4,2,sub-04_ses-02_row-0359,3,69,3,svm,16,42,5,5,subject_specific,documented_152
4,2,sub-04_ses-02_row-0391,2,75,3,svm,16,42,5,5,subject_specific,documented_152
4,2,sub-04_ses-02_row-0432,3,82,3,svm,16,42,5,5,subject_specific,documented_152
4,2,sub-04_ses-02_row-0452,0,86,0,svm,16,42,5,5,subject_specific,documented_152
4,2,sub-04_ses-02_row-0494,2,94,3,svm,16,42,5,5,subject_specific,documented_152
4,2,sub-04_ses-02_row-0556,1,106,1,svm,16,42,5,5,subject_specific,documented_152
4,2,sub-04_ses-02_row-0566,2,108,3,svm,16,42,5,5,subject_specific,documented_152
4,2,sub-04_ses-02_row-0571,3,109,2,svm,16,42,5,5,subject_specific,documented_152
4,2,sub-04_ses-02_row-0593,2,113,1,svm,16,42,5,5,subject_specific,documented_152
4,2,sub-04_ses-02_row-0603,1,115,0,svm,16,42,5,5,subject_specific,documented_152
4,2,sub-04_ses-02_row-0608,0,116,1,svm,16,42,5,5,subject_specific,documented_152
4,3,sub-04_ses-03_row-0230,3,44,2,svm,16,42,5,5,subject_specific,documented_152
4,3,sub-04_ses-03_row-0240,0,46,1,svm,16,42,5,5,subject_specific,documented_152
4,3,sub-04_ses-03_row-0255,3,49,2,svm,16,42,5,5,subject_specific,documented_152
4,3,sub-04_ses-03_row-0375,1,72,0,svm,16,42,5,5,subject_specific,documented_152
4,3,sub-04_ses-03_row-0380,2,73,0,svm,16,42,5,5,subject_specific,documented_152
4,3,sub-04_ses-03_row-0431,2,82,2,svm,16,42,5,5,subject_specific,documented_152
4,3,sub-04_ses-03_row-0451,1,86,2,svm,16,42,5,5,subject_specific,documented_152
4,3,sub-04_ses-03_row-0493,3,94,0,svm,16,42,5,5,subject_specific,documented_152
4,3,sub-04_ses-03_row-0550,3,105,0,svm,16,42,5,5,subject_specific,documented_152
4,3,sub-04_ses-03_row-0607,1,116,3,svm,16,42,5,5,subject_specific,documented_152
5,1,sub-05_ses-01_row-0210,2,40,2,svm,128,42,1,5,subject_specific,documented_152
5,1,sub-05_ses-01_row-0225,2,43,3,svm,128,42,1,5,subject_specific,documented_152
5,1,sub-05_ses-01_row-0282,3,54,0,svm,128,42,1,5,subject_specific,documented_152
5,1,sub-05_ses-01_row-0396,0,76,3,svm,128,42,1,5,subject_specific,documented_152
5,1,sub-05_ses-01_row-0401,0,77,2,svm,128,42,1,5,subject_specific,documented_152
5,1,sub-05_ses-01_row-0420,1,80,2,svm,128,42,1,5,subject_specific,documented_152
5,1,sub-05_ses-01_row-0440,2,84,1,svm,128,42,1,5,subject_specific,documented_152
5,1,sub-05_ses-01_row-0455,3,87,1,svm,128,42,1,5,subject_specific,documented_152
5,1,sub-05_ses-01_row-0460,3,88,0,svm,128,42,1,5,subject_specific,documented_152
5,1,sub-05_ses-01_row-0507,2,97,3,svm,128,42,1,5,subject_specific,documented_152
5,1,sub-05_ses-01_row-0512,1,98,3,svm,128,42,1,5,subject_specific,documented_152
5,1,sub-05_ses-01_row-0527,3,101,3,svm,128,42,1,5,subject_specific,documented_152
5,1,sub-05_ses-01_row-0539,0,103,3,svm,128,42,1,5,subject_specific,documented_152
5,1,sub-05_ses-01_row-0591,2,113,1,svm,128,42,1,5,subject_specific,documented_152
5,1,sub-05_ses-01_row-0606,3,116,3,svm,128,42,1,5,subject_specific,documented_152
5,1,sub-05_ses-01_row-0621,2,119,0,svm,128,42,1,5,subject_specific,documented_152
5,2,sub-05_ses-02_row-0265,0,51,3,svm,128,42,1,5,subject_specific,documented_152
5,2,sub-05_ses-02_row-0282,3,54,2,svm,128,42,1,5,subject_specific,documented_152
5,2,sub-05_ses-02_row-0354,1,68,3,svm,128,42,1,5,subject_specific,documented_152
5,2,sub-05_ses-02_row-0359,0,69,3,svm,128,42,1,5,subject_specific,documented_152
5,2,sub-05_ses-02_row-0389,2,75,0,svm,128,42,1,5,subject_specific,documented_152
5,2,sub-05_ses-02_row-0409,1,79,0,svm,128,42,1,5,subject_specific,documented_152
5,2,sub-05_ses-02_row-0453,1,87,0,svm,128,42,1,5,subject_specific,documented_152
5,2,sub-05_ses-02_row-0473,1,91,3,svm,128,42,1,5,subject_specific,documented_152
5,2,sub-05_ses-02_row-0505,2,97,3,svm,128,42,1,5,subject_specific,documented_152
5,2,sub-05_ses-02_row-0555,0,107,2,svm,128,42,1,5,subject_specific,documented_152
5,2,sub-05_ses-02_row-0572,0,110,2,svm,128,42,1,5,subject_specific,documented_152
5,3,sub-05_ses-03_row-0215,2,41,2,svm,128,42,1,5,subject_specific,documented_152
5,3,sub-05_ses-03_row-0220,3,42,2,svm,128,42,1,5,subject_specific,documented_152
5,3,sub-05_ses-03_row-0225,1,43,2,svm,128,42,1,5,subject_specific,documented_152
5,3,sub-05_ses-03_row-0235,2,45,1,svm,128,42,1,5,subject_specific,documented_152
5,3,sub-05_ses-03_row-0250,0,48,3,svm,128,42,1,5,subject_specific,documented_152
5,3,sub-05_ses-03_row-0297,1,57,3,svm,128,42,1,5,subject_specific,documented_152
5,3,sub-05_ses-03_row-0307,1,59,3,svm,128,42,1,5,subject_specific,documented_152
5,3,sub-05_ses-03_row-0317,1,61,3,svm,128,42,1,5,subject_specific,documented_152
5,3,sub-05_ses-03_row-0354,2,68,2,svm,128,42,1,5,subject_specific,documented_152
5,3,sub-05_ses-03_row-0381,3,73,0,svm,128,42,1,5,subject_specific,documented_152
5,3,sub-05_ses-03_row-0386,3,74,3,svm,128,42,1,5,subject_specific,documented_152
5,3,sub-05_ses-03_row-0391,1,75,0,svm,128,42,1,5,subject_specific,documented_152
5,3,sub-05_ses-03_row-0401,3,77,2,svm,128,42,1,5,subject_specific,documented_152
5,3,sub-05_ses-03_row-0497,3,95,2,svm,128,42,1,5,subject_specific,documented_152
5,3,sub-05_ses-03_row-0512,1,98,2,svm,128,42,1,5,subject_specific,documented_152
5,3,sub-05_ses-03_row-0519,2,99,1,svm,128,42,1,5,subject_specific,documented_152
5,3,sub-05_ses-03_row-0554,0,106,0,svm,128,42,1,5,subject_specific,documented_152
5,3,sub-05_ses-03_row-0561,0,107,1,svm,128,42,1,5,subject_specific,documented_152
5,3,sub-05_ses-03_row-0591,0,113,2,svm,128,42,1,5,subject_specific,documented_152
5,3,sub-05_ses-03_row-0601,3,115,2,svm,128,42,1,5,subject_specific,documented_152
5,3,sub-05_ses-03_row-0611,0,117,1,svm,128,42,1,5,subject_specific,documented_152
5,1,sub-05_ses-01_row-0215,3,41,3,svm,128,42,2,5,subject_specific,documented_152
5,1,sub-05_ses-01_row-0220,0,42,3,svm,128,42,2,5,subject_specific,documented_152
5,1,sub-05_ses-01_row-0255,1,49,3,svm,128,42,2,5,subject_specific,documented_152
5,1,sub-05_ses-01_row-0260,2,50,3,svm,128,42,2,5,subject_specific,documented_152
5,1,sub-05_ses-01_row-0297,1,57,2,svm,128,42,2,5,subject_specific,documented_152
5,1,sub-05_ses-01_row-0327,1,63,3,svm,128,42,2,5,subject_specific,documented_152
5,1,sub-05_ses-01_row-0349,1,67,3,svm,128,42,2,5,subject_specific,documented_152
5,1,sub-05_ses-01_row-0369,0,71,3,svm,128,42,2,5,subject_specific,documented_152
5,1,sub-05_ses-01_row-0389,2,75,2,svm,128,42,2,5,subject_specific,documented_152
5,1,sub-05_ses-01_row-0465,3,89,3,svm,128,42,2,5,subject_specific,documented_152
5,1,sub-05_ses-01_row-0492,0,94,0,svm,128,42,2,5,subject_specific,documented_152
5,1,sub-05_ses-01_row-0497,2,95,3,svm,128,42,2,5,subject_specific,documented_152
5,1,sub-05_ses-01_row-0554,3,106,2,svm,128,42,2,5,subject_specific,documented_152
5,1,sub-05_ses-01_row-0564,1,108,1,svm,128,42,2,5,subject_specific,documented_152
5,1,sub-05_ses-01_row-0579,1,111,1,svm,128,42,2,5,subject_specific,documented_152
5,2,sub-05_ses-02_row-0215,1,41,2,svm,128,42,2,5,subject_specific,documented_152
5,2,sub-05_ses-02_row-0220,2,42,2,svm,128,42,2,5,subject_specific,documented_152
5,2,sub-05_ses-02_row-0270,0,52,1,svm,128,42,2,5,subject_specific,documented_152
5,2,sub-05_ses-02_row-0292,0,56,2,svm,128,42,2,5,subject_specific,documented_152
5,2,sub-05_ses-02_row-0322,3,62,1,svm,128,42,2,5,subject_specific,documented_152
5,2,sub-05_ses-02_row-0332,0,64,1,svm,128,42,2,5,subject_specific,documented_152
5,2,sub-05_ses-02_row-0342,2,66,1,svm,128,42,2,5,subject_specific,documented_152
5,2,sub-05_ses-02_row-0349,0,67,1,svm,128,42,2,5,subject_specific,documented_152
5,2,sub-05_ses-02_row-0369,1,71,2,svm,128,42,2,5,subject_specific,documented_152
5,2,sub-05_ses-02_row-0418,0,80,0,svm,128,42,2,5,subject_specific,documented_152
5,2,sub-05_ses-02_row-0428,3,82,2,svm,128,42,2,5,subject_specific,documented_152
5,2,sub-05_ses-02_row-0438,3,84,2,svm,128,42,2,5,subject_specific,documented_152
5,2,sub-05_ses-02_row-0443,3,85,1,svm,128,42,2,5,subject_specific,documented_152
5,2,sub-05_ses-02_row-0448,2,86,1,svm,128,42,2,5,subject_specific,documented_152
5,2,sub-05_ses-02_row-0483,3,93,1,svm,128,42,2,5,subject_specific,documented_152
5,2,sub-05_ses-02_row-0515,3,99,0,svm,128,42,2,5,subject_specific,documented_152
5,2,sub-05_ses-02_row-0530,1,102,1,svm,128,42,2,5,subject_specific,documented_152
5,2,sub-05_ses-02_row-0535,1,103,3,svm,128,42,2,5,subject_specific,documented_152
5,2,sub-05_ses-02_row-0577,0,111,1,svm,128,42,2,5,subject_specific,documented_152
5,3,sub-05_ses-03_row-0230,2,44,3,svm,128,42,2,5,subject_specific,documented_152
5,3,sub-05_ses-03_row-0287,3,55,3,svm,128,42,2,5,subject_specific,documented_152
5,3,sub-05_ses-03_row-0292,0,56,3,svm,128,42,2,5,subject_specific,documented_152
5,3,sub-05_ses-03_row-0334,2,64,3,svm,128,42,2,5,subject_specific,documented_152
5,3,sub-05_ses-03_row-0364,1,70,3,svm,128,42,2,5,subject_specific,documented_152
5,3,sub-05_ses-03_row-0411,0,79,0,svm,128,42,2,5,subject_specific,documented_152
5,3,sub-05_ses-03_row-0445,2,85,3,svm,128,42,2,5,subject_specific,documented_152
5,3,sub-05_ses-03_row-0450,0,86,1,svm,128,42,2,5,subject_specific,documented_152
5,3,sub-05_ses-03_row-0460,3,88,1,svm,128,42,2,5,subject_specific,documented_152
5,3,sub-05_ses-03_row-0467,3,89,3,svm,128,42,2,5,subject_specific,documented_152
5,3,sub-05_ses-03_row-0492,2,94,3,svm,128,42,2,5,subject_specific,documented_152
5,3,sub-05_ses-03_row-0507,2,97,3,svm,128,42,2,5,subject_specific,documented_152
5,3,sub-05_ses-03_row-0529,2,101,1,svm,128,42,2,5,subject_specific,documented_152
5,3,sub-05_ses-03_row-0549,1,105,2,svm,128,42,2,5,subject_specific,documented_152
5,1,sub-05_ses-01_row-0317,3,61,0,svm,128,42,3,5,subject_specific,documented_152
5,1,sub-05_ses-01_row-0332,3,64,1,svm,128,42,3,5,subject_specific,documented_152
5,1,sub-05_ses-01_row-0339,2,65,1,svm,128,42,3,5,subject_specific,documented_152
5,1,sub-05_ses-01_row-0354,1,68,0,svm,128,42,3,5,subject_specific,documented_152
5,1,sub-05_ses-01_row-0374,0,72,3,svm,128,42,3,5,subject_specific,documented_152
5,1,sub-05_ses-01_row-0379,3,73,0,svm,128,42,3,5,subject_specific,documented_152
5,1,sub-05_ses-01_row-0435,2,83,1,svm,128,42,3,5,subject_specific,documented_152
5,1,sub-05_ses-01_row-0470,1,90,3,svm,128,42,3,5,subject_specific,documented_152
5,1,sub-05_ses-01_row-0534,0,102,2,svm,128,42,3,5,subject_specific,documented_152
5,1,sub-05_ses-01_row-0549,0,105,1,svm,128,42,3,5,subject_specific,documented_152
5,1,sub-05_ses-01_row-0616,0,118,2,svm,128,42,3,5,subject_specific,documented_152
5,2,sub-05_ses-02_row-0225,1,43,0,svm,128,42,3,5,subject_specific,documented_152
5,2,sub-05_ses-02_row-0230,2,44,3,svm,128,42,3,5,subject_specific,documented_152
5,2,sub-05_ses-02_row-0235,3,45,1,svm,128,42,3,5,subject_specific,documented_152
5,2,sub-05_ses-02_row-0250,0,48,1,svm,128,42,3,5,subject_specific,documented_152
5,2,sub-05_ses-02_row-0255,1,49,0,svm,128,42,3,5,subject_specific,documented_152
5,2,sub-05_ses-02_row-0275,1,53,1,svm,128,42,3,5,subject_specific,documented_152
5,2,sub-05_ses-02_row-0297,3,57,3,svm,128,42,3,5,subject_specific,documented_152
5,2,sub-05_ses-02_row-0312,2,60,0,svm,128,42,3,5,subject_specific,documented_152
5,2,sub-05_ses-02_row-0337,3,65,3,svm,128,42,3,5,subject_specific,documented_152
5,2,sub-05_ses-02_row-0364,2,70,3,svm,128,42,3,5,subject_specific,documented_152
5,2,sub-05_ses-02_row-0379,0,73,0,svm,128,42,3,5,subject_specific,documented_152
5,2,sub-05_ses-02_row-0394,2,76,0,svm,128,42,3,5,subject_specific,documented_152
5,2,sub-05_ses-02_row-0423,2,81,2,svm,128,42,3,5,subject_specific,documented_152
5,2,sub-05_ses-02_row-0458,2,88,1,svm,128,42,3,5,subject_specific,documented_152
5,2,sub-05_ses-02_row-0520,1,100,0,svm,128,42,3,5,subject_specific,documented_152
5,2,sub-05_ses-02_row-0525,1,101,2,svm,128,42,3,5,subject_specific,documented_152
5,2,sub-05_ses-02_row-0540,0,104,1,svm,128,42,3,5,subject_specific,documented_152
5,2,sub-05_ses-02_row-0545,3,105,1,svm,128,42,3,5,subject_specific,documented_152
5,2,sub-05_ses-02_row-0550,2,106,1,svm,128,42,3,5,subject_specific,documented_152
5,2,sub-05_ses-02_row-0619,2,119,3,svm,128,42,3,5,subject_specific,documented_152
5,3,sub-05_ses-03_row-0267,3,51,1,svm,128,42,3,5,subject_specific,documented_152
5,3,sub-05_ses-03_row-0277,3,53,1,svm,128,42,3,5,subject_specific,documented_152
5,3,sub-05_ses-03_row-0282,0,54,2,svm,128,42,3,5,subject_specific,documented_152
5,3,sub-05_ses-03_row-0302,2,58,3,svm,128,42,3,5,subject_specific,documented_152
5,3,sub-05_ses-03_row-0322,3,62,2,svm,128,42,3,5,subject_specific,documented_152
5,3,sub-05_ses-03_row-0369,1,71,0,svm,128,42,3,5,subject_specific,documented_152
5,3,sub-05_ses-03_row-0396,0,76,3,svm,128,42,3,5,subject_specific,documented_152
5,3,sub-05_ses-03_row-0420,1,80,2,svm,128,42,3,5,subject_specific,documented_152
5,3,sub-05_ses-03_row-0440,1,84,2,svm,128,42,3,5,subject_specific,documented_152
5,3,sub-05_ses-03_row-0455,3,87,1,svm,128,42,3,5,subject_specific,documented_152
5,3,sub-05_ses-03_row-0477,3,91,3,svm,128,42,3,5,subject_specific,documented_152
5,3,sub-05_ses-03_row-0534,1,102,2,svm,128,42,3,5,subject_specific,documented_152
5,3,sub-05_ses-03_row-0539,0,103,2,svm,128,42,3,5,subject_specific,documented_152
5,3,sub-05_ses-03_row-0544,0,104,0,svm,128,42,3,5,subject_specific,documented_152
5,3,sub-05_ses-03_row-0576,2,110,2,svm,128,42,3,5,subject_specific,documented_152
5,3,sub-05_ses-03_row-0606,1,116,0,svm,128,42,3,5,subject_specific,documented_152
5,3,sub-05_ses-03_row-0616,0,118,3,svm,128,42,3,5,subject_specific,documented_152
5,1,sub-05_ses-01_row-0235,2,45,3,svm,128,42,4,5,subject_specific,documented_152
5,1,sub-05_ses-01_row-0240,3,46,0,svm,128,42,4,5,subject_specific,documented_152
5,1,sub-05_ses-01_row-0245,2,47,3,svm,128,42,4,5,subject_specific,documented_152
5,1,sub-05_ses-01_row-0250,3,48,0,svm,128,42,4,5,subject_specific,documented_152
5,1,sub-05_ses-01_row-0270,1,52,3,svm,128,42,4,5,subject_specific,documented_152
5,1,sub-05_ses-01_row-0302,0,58,3,svm,128,42,4,5,subject_specific,documented_152
5,1,sub-05_ses-01_row-0307,3,59,3,svm,128,42,4,5,subject_specific,documented_152
5,1,sub-05_ses-01_row-0344,1,66,3,svm,128,42,4,5,subject_specific,documented_152
5,1,sub-05_ses-01_row-0364,1,70,1,svm,128,42,4,5,subject_specific,documented_152
5,1,sub-05_ses-01_row-0384,1,74,0,svm,128,42,4,5,subject_specific,documented_152
5,1,sub-05_ses-01_row-0425,2,81,1,svm,128,42,4,5,subject_specific,documented_152
5,1,sub-05_ses-01_row-0450,0,86,3,svm,128,42,4,5,subject_specific,documented_152
5,1,sub-05_ses-01_row-0517,0,99,1,svm,128,42,4,5,subject_specific,documented_152
5,1,sub-05_ses-01_row-0544,1,104,0,svm,128,42,4,5,subject_specific,documented_152
5,1,sub-05_ses-01_row-0596,2,114,1,svm,128,42,4,5,subject_specific,documented_152
5,1,sub-05_ses-01_row-0611,1,117,1,svm,128,42,4,5,subject_specific,documented_152
5,2,sub-05_ses-02_row-0210,2,40,2,svm,128,42,4,5,subject_specific,documented_152
5,2,sub-05_ses-02_row-0260,3,50,3,svm,128,42,4,5,subject_specific,documented_152
5,2,sub-05_ses-02_row-0287,3,55,3,svm,128,42,4,5,subject_specific,documented_152
5,2,sub-05_ses-02_row-0317,3,61,0,svm,128,42,4,5,subject_specific,documented_152
5,2,sub-05_ses-02_row-0384,1,74,0,svm,128,42,4,5,subject_specific,documented_152
5,2,sub-05_ses-02_row-0399,3,77,3,svm,128,42,4,5,subject_specific,documented_152
5,2,sub-05_ses-02_row-0463,0,89,0,svm,128,42,4,5,subject_specific,documented_152
5,2,sub-05_ses-02_row-0478,1,92,1,svm,128,42,4,5,subject_specific,documented_152
5,2,sub-05_ses-02_row-0490,3,94,2,svm,128,42,4,5,subject_specific,documented_152
5,2,sub-05_ses-02_row-0495,0,95,2,svm,128,42,4,5,subject_specific,documented_152
5,2,sub-05_ses-02_row-0567,0,109,0,svm,128,42,4,5,subject_specific,documented_152
5,2,sub-05_ses-02_row-0592,2,114,0,svm,128,42,4,5,subject_specific,documented_152
5,2,sub-05_ses-02_row-0602,2,116,1,svm,128,42,4,5,subject_specific,documented_152
5,2,sub-05_ses-02_row-0614,1,118,1,svm,128,42,4,5,subject_specific,documented_152
5,3,sub-05_ses-03_row-0210,2,40,3,svm,128,42,4,5,subject_specific,documented_152
5,3,sub-05_ses-03_row-0240,2,46,0,svm,128,42,4,5,subject_specific,documented_152
5,3,sub-05_ses-03_row-0245,0,47,1,svm,128,42,4,5,subject_specific,documented_152
5,3,sub-05_ses-03_row-0255,2,49,1,svm,128,42,4,5,subject_specific,documented_152
5,3,sub-05_ses-03_row-0329,1,63,2,svm,128,42,4,5,subject_specific,documented_152
5,3,sub-05_ses-03_row-0339,0,65,3,svm,128,42,4,5,subject_specific,documented_152
5,3,sub-05_ses-03_row-0359,0,69,1,svm,128,42,4,5,subject_specific,documented_152
5,3,sub-05_ses-03_row-0376,3,72,3,svm,128,42,4,5,subject_specific,documented_152
5,3,sub-05_ses-03_row-0406,0,78,3,svm,128,42,4,5,subject_specific,documented_152
5,3,sub-05_ses-03_row-0425,3,81,1,svm,128,42,4,5,subject_specific,documented_152
5,3,sub-05_ses-03_row-0430,1,82,2,svm,128,42,4,5,subject_specific,documented_152
5,3,sub-05_ses-03_row-0482,0,92,2,svm,128,42,4,5,subject_specific,documented_152
5,3,sub-05_ses-03_row-0487,3,93,1,svm,128,42,4,5,subject_specific,documented_152
5,3,sub-05_ses-03_row-0524,2,100,2,svm,128,42,4,5,subject_specific,documented_152
5,3,sub-05_ses-03_row-0571,3,109,3,svm,128,42,4,5,subject_specific,documented_152
5,3,sub-05_ses-03_row-0581,1,111,1,svm,128,42,4,5,subject_specific,documented_152
5,3,sub-05_ses-03_row-0596,2,114,3,svm,128,42,4,5,subject_specific,documented_152
5,3,sub-05_ses-03_row-0623,0,119,1,svm,128,42,4,5,subject_specific,documented_152
5,1,sub-05_ses-01_row-0230,0,44,1,svm,128,42,5,5,subject_specific,documented_152
5,1,sub-05_ses-01_row-0265,0,51,0,svm,128,42,5,5,subject_specific,documented_152
5,1,sub-05_ses-01_row-0275,3,53,1,svm,128,42,5,5,subject_specific,documented_152
5,1,sub-05_ses-01_row-0287,2,55,1,svm,128,42,5,5,subject_specific,documented_152
5,1,sub-05_ses-01_row-0292,0,56,1,svm,128,42,5,5,subject_specific,documented_152
5,1,sub-05_ses-01_row-0312,1,60,3,svm,128,42,5,5,subject_specific,documented_152
5,1,sub-05_ses-01_row-0322,0,62,1,svm,128,42,5,5,subject_specific,documented_152
5,1,sub-05_ses-01_row-0359,2,69,3,svm,128,42,5,5,subject_specific,documented_152
5,1,sub-05_ses-01_row-0406,2,78,1,svm,128,42,5,5,subject_specific,documented_152
5,1,sub-05_ses-01_row-0411,3,79,1,svm,128,42,5,5,subject_specific,documented_152
5,1,sub-05_ses-01_row-0430,2,82,3,svm,128,42,5,5,subject_specific,documented_152
5,1,sub-05_ses-01_row-0445,3,85,3,svm,128,42,5,5,subject_specific,documented_152
5,1,sub-05_ses-01_row-0477,0,91,3,svm,128,42,5,5,subject_specific,documented_152
5,1,sub-05_ses-01_row-0482,2,92,3,svm,128,42,5,5,subject_specific,documented_152
5,1,sub-05_ses-01_row-0487,0,93,2,svm,128,42,5,5,subject_specific,documented_152
5,1,sub-05_ses-01_row-0502,1,96,1,svm,128,42,5,5,subject_specific,documented_152
5,1,sub-05_ses-01_row-0522,3,100,1,svm,128,42,5,5,subject_specific,documented_152
5,1,sub-05_ses-01_row-0559,1,107,3,svm,128,42,5,5,subject_specific,documented_152
5,1,sub-05_ses-01_row-0569,3,109,2,svm,128,42,5,5,subject_specific,documented_152
5,1,sub-05_ses-01_row-0574,0,110,1,svm,128,42,5,5,subject_specific,documented_152
5,1,sub-05_ses-01_row-0584,3,112,1,svm,128,42,5,5,subject_specific,documented_152
5,1,sub-05_ses-01_row-0601,1,115,1,svm,128,42,5,5,subject_specific,documented_152
5,2,sub-05_ses-02_row-0240,1,46,3,svm,128,42,5,5,subject_specific,documented_152
5,2,sub-05_ses-02_row-0245,2,47,1,svm,128,42,5,5,subject_specific,documented_152
5,2,sub-05_ses-02_row-0302,1,58,1,svm,128,42,5,5,subject_specific,documented_152
5,2,sub-05_ses-02_row-0307,0,59,0,svm,128,42,5,5,subject_specific,documented_152
5,2,sub-05_ses-02_row-0327,2,63,0,svm,128,42,5,5,subject_specific,documented_152
5,2,sub-05_ses-02_row-0374,0,72,0,svm,128,42,5,5,subject_specific,documented_152
5,2,sub-05_ses-02_row-0404,3,78,1,svm,128,42,5,5,subject_specific,documented_152
5,2,sub-05_ses-02_row-0433,0,83,3,svm,128,42,5,5,subject_specific,documented_152
5,2,sub-05_ses-02_row-0468,1,90,2,svm,128,42,5,5,subject_specific,documented_152
5,2,sub-05_ses-02_row-0500,2,96,3,svm,128,42,5,5,subject_specific,documented_152
5,2,sub-05_ses-02_row-0510,3,98,0,svm,128,42,5,5,subject_specific,documented_152
5,2,sub-05_ses-02_row-0562,3,108,1,svm,128,42,5,5,subject_specific,documented_152
5,2,sub-05_ses-02_row-0582,2,112,1,svm,128,42,5,5,subject_specific,documented_152
5,2,sub-05_ses-02_row-0587,0,113,0,svm,128,42,5,5,subject_specific,documented_152
5,2,sub-05_ses-02_row-0597,3,115,3,svm,128,42,5,5,subject_specific,documented_152
5,2,sub-05_ses-02_row-0607,1,117,2,svm,128,42,5,5,subject_specific,documented_152
5,3,sub-05_ses-03_row-0260,1,50,3,svm,128,42,5,5,subject_specific,documented_152
5,3,sub-05_ses-03_row-0272,0,52,0,svm,128,42,5,5,subject_specific,documented_152
5,3,sub-05_ses-03_row-0312,1,60,2,svm,128,42,5,5,subject_specific,documented_152
5,3,sub-05_ses-03_row-0344,3,66,3,svm,128,42,5,5,subject_specific,documented_152
5,3,sub-05_ses-03_row-0349,2,67,2,svm,128,42,5,5,subject_specific,documented_152
5,3,sub-05_ses-03_row-0435,3,83,2,svm,128,42,5,5,subject_specific,documented_152
5,3,sub-05_ses-03_row-0472,1,90,0,svm,128,42,5,5,subject_specific,documented_152
5,3,sub-05_ses-03_row-0502,2,96,2,svm,128,42,5,5,subject_specific,documented_152
5,3,sub-05_ses-03_row-0566,1,108,3,svm,128,42,5,5,subject_specific,documented_152
5,3,sub-05_ses-03_row-0586,2,112,2,svm,128,42,5,5,subject_specific,documented_152
5,1,sub-05_ses-01_row-0210,2,40,1,svm,64,42,1,5,subject_specific,documented_152
5,1,sub-05_ses-01_row-0225,2,43,1,svm,64,42,1,5,subject_specific,documented_152
5,1,sub-05_ses-01_row-0282,3,54,0,svm,64,42,1,5,subject_specific,documented_152
5,1,sub-05_ses-01_row-0396,0,76,3,svm,64,42,1,5,subject_specific,documented_152
5,1,sub-05_ses-01_row-0401,0,77,1,svm,64,42,1,5,subject_specific,documented_152
5,1,sub-05_ses-01_row-0420,1,80,2,svm,64,42,1,5,subject_specific,documented_152
5,1,sub-05_ses-01_row-0440,2,84,1,svm,64,42,1,5,subject_specific,documented_152
5,1,sub-05_ses-01_row-0455,3,87,1,svm,64,42,1,5,subject_specific,documented_152
5,1,sub-05_ses-01_row-0460,3,88,0,svm,64,42,1,5,subject_specific,documented_152
5,1,sub-05_ses-01_row-0507,2,97,3,svm,64,42,1,5,subject_specific,documented_152
5,1,sub-05_ses-01_row-0512,1,98,3,svm,64,42,1,5,subject_specific,documented_152
5,1,sub-05_ses-01_row-0527,3,101,3,svm,64,42,1,5,subject_specific,documented_152
5,1,sub-05_ses-01_row-0539,0,103,3,svm,64,42,1,5,subject_specific,documented_152
5,1,sub-05_ses-01_row-0591,2,113,1,svm,64,42,1,5,subject_specific,documented_152
5,1,sub-05_ses-01_row-0606,3,116,2,svm,64,42,1,5,subject_specific,documented_152
5,1,sub-05_ses-01_row-0621,2,119,0,svm,64,42,1,5,subject_specific,documented_152
5,2,sub-05_ses-02_row-0265,0,51,0,svm,64,42,1,5,subject_specific,documented_152
5,2,sub-05_ses-02_row-0282,3,54,2,svm,64,42,1,5,subject_specific,documented_152
5,2,sub-05_ses-02_row-0354,1,68,3,svm,64,42,1,5,subject_specific,documented_152
5,2,sub-05_ses-02_row-0359,0,69,3,svm,64,42,1,5,subject_specific,documented_152
5,2,sub-05_ses-02_row-0389,2,75,0,svm,64,42,1,5,subject_specific,documented_152
5,2,sub-05_ses-02_row-0409,1,79,0,svm,64,42,1,5,subject_specific,documented_152
5,2,sub-05_ses-02_row-0453,1,87,0,svm,64,42,1,5,subject_specific,documented_152
5,2,sub-05_ses-02_row-0473,1,91,3,svm,64,42,1,5,subject_specific,documented_152
5,2,sub-05_ses-02_row-0505,2,97,2,svm,64,42,1,5,subject_specific,documented_152
5,2,sub-05_ses-02_row-0555,0,107,1,svm,64,42,1,5,subject_specific,documented_152
5,2,sub-05_ses-02_row-0572,0,110,0,svm,64,42,1,5,subject_specific,documented_152
5,3,sub-05_ses-03_row-0215,2,41,1,svm,64,42,1,5,subject_specific,documented_152
5,3,sub-05_ses-03_row-0220,3,42,2,svm,64,42,1,5,subject_specific,documented_152
5,3,sub-05_ses-03_row-0225,1,43,2,svm,64,42,1,5,subject_specific,documented_152
5,3,sub-05_ses-03_row-0235,2,45,1,svm,64,42,1,5,subject_specific,documented_152
5,3,sub-05_ses-03_row-0250,0,48,0,svm,64,42,1,5,subject_specific,documented_152
5,3,sub-05_ses-03_row-0297,1,57,2,svm,64,42,1,5,subject_specific,documented_152
5,3,sub-05_ses-03_row-0307,1,59,2,svm,64,42,1,5,subject_specific,documented_152
5,3,sub-05_ses-03_row-0317,1,61,3,svm,64,42,1,5,subject_specific,documented_152
5,3,sub-05_ses-03_row-0354,2,68,2,svm,64,42,1,5,subject_specific,documented_152
5,3,sub-05_ses-03_row-0381,3,73,0,svm,64,42,1,5,subject_specific,documented_152
5,3,sub-05_ses-03_row-0386,3,74,2,svm,64,42,1,5,subject_specific,documented_152
5,3,sub-05_ses-03_row-0391,1,75,0,svm,64,42,1,5,subject_specific,documented_152
5,3,sub-05_ses-03_row-0401,3,77,1,svm,64,42,1,5,subject_specific,documented_152
5,3,sub-05_ses-03_row-0497,3,95,2,svm,64,42,1,5,subject_specific,documented_152
5,3,sub-05_ses-03_row-0512,1,98,2,svm,64,42,1,5,subject_specific,documented_152
5,3,sub-05_ses-03_row-0519,2,99,2,svm,64,42,1,5,subject_specific,documented_152
5,3,sub-05_ses-03_row-0554,0,106,0,svm,64,42,1,5,subject_specific,documented_152
5,3,sub-05_ses-03_row-0561,0,107,1,svm,64,42,1,5,subject_specific,documented_152
5,3,sub-05_ses-03_row-0591,0,113,2,svm,64,42,1,5,subject_specific,documented_152
5,3,sub-05_ses-03_row-0601,3,115,2,svm,64,42,1,5,subject_specific,documented_152
5,3,sub-05_ses-03_row-0611,0,117,1,svm,64,42,1,5,subject_specific,documented_152
5,1,sub-05_ses-01_row-0215,3,41,3,svm,64,42,2,5,subject_specific,documented_152
5,1,sub-05_ses-01_row-0220,0,42,3,svm,64,42,2,5,subject_specific,documented_152
5,1,sub-05_ses-01_row-0255,1,49,3,svm,64,42,2,5,subject_specific,documented_152
5,1,sub-05_ses-01_row-0260,2,50,3,svm,64,42,2,5,subject_specific,documented_152
5,1,sub-05_ses-01_row-0297,1,57,2,svm,64,42,2,5,subject_specific,documented_152
5,1,sub-05_ses-01_row-0327,1,63,3,svm,64,42,2,5,subject_specific,documented_152
5,1,sub-05_ses-01_row-0349,1,67,3,svm,64,42,2,5,subject_specific,documented_152
5,1,sub-05_ses-01_row-0369,0,71,2,svm,64,42,2,5,subject_specific,documented_152
5,1,sub-05_ses-01_row-0389,2,75,2,svm,64,42,2,5,subject_specific,documented_152
5,1,sub-05_ses-01_row-0465,3,89,3,svm,64,42,2,5,subject_specific,documented_152
5,1,sub-05_ses-01_row-0492,0,94,0,svm,64,42,2,5,subject_specific,documented_152
5,1,sub-05_ses-01_row-0497,2,95,3,svm,64,42,2,5,subject_specific,documented_152
5,1,sub-05_ses-01_row-0554,3,106,2,svm,64,42,2,5,subject_specific,documented_152
5,1,sub-05_ses-01_row-0564,1,108,3,svm,64,42,2,5,subject_specific,documented_152
5,1,sub-05_ses-01_row-0579,1,111,1,svm,64,42,2,5,subject_specific,documented_152
5,2,sub-05_ses-02_row-0215,1,41,2,svm,64,42,2,5,subject_specific,documented_152
5,2,sub-05_ses-02_row-0220,2,42,2,svm,64,42,2,5,subject_specific,documented_152
5,2,sub-05_ses-02_row-0270,0,52,1,svm,64,42,2,5,subject_specific,documented_152
5,2,sub-05_ses-02_row-0292,0,56,2,svm,64,42,2,5,subject_specific,documented_152
5,2,sub-05_ses-02_row-0322,3,62,2,svm,64,42,2,5,subject_specific,documented_152
5,2,sub-05_ses-02_row-0332,0,64,1,svm,64,42,2,5,subject_specific,documented_152
5,2,sub-05_ses-02_row-0342,2,66,1,svm,64,42,2,5,subject_specific,documented_152
5,2,sub-05_ses-02_row-0349,0,67,1,svm,64,42,2,5,subject_specific,documented_152
5,2,sub-05_ses-02_row-0369,1,71,3,svm,64,42,2,5,subject_specific,documented_152
5,2,sub-05_ses-02_row-0418,0,80,0,svm,64,42,2,5,subject_specific,documented_152
5,2,sub-05_ses-02_row-0428,3,82,2,svm,64,42,2,5,subject_specific,documented_152
5,2,sub-05_ses-02_row-0438,3,84,2,svm,64,42,2,5,subject_specific,documented_152
5,2,sub-05_ses-02_row-0443,3,85,0,svm,64,42,2,5,subject_specific,documented_152
5,2,sub-05_ses-02_row-0448,2,86,1,svm,64,42,2,5,subject_specific,documented_152
5,2,sub-05_ses-02_row-0483,3,93,1,svm,64,42,2,5,subject_specific,documented_152
5,2,sub-05_ses-02_row-0515,3,99,0,svm,64,42,2,5,subject_specific,documented_152
5,2,sub-05_ses-02_row-0530,1,102,1,svm,64,42,2,5,subject_specific,documented_152
5,2,sub-05_ses-02_row-0535,1,103,0,svm,64,42,2,5,subject_specific,documented_152
5,2,sub-05_ses-02_row-0577,0,111,3,svm,64,42,2,5,subject_specific,documented_152
5,3,sub-05_ses-03_row-0230,2,44,3,svm,64,42,2,5,subject_specific,documented_152
5,3,sub-05_ses-03_row-0287,3,55,3,svm,64,42,2,5,subject_specific,documented_152
5,3,sub-05_ses-03_row-0292,0,56,3,svm,64,42,2,5,subject_specific,documented_152
5,3,sub-05_ses-03_row-0334,2,64,3,svm,64,42,2,5,subject_specific,documented_152
5,3,sub-05_ses-03_row-0364,1,70,3,svm,64,42,2,5,subject_specific,documented_152
5,3,sub-05_ses-03_row-0411,0,79,3,svm,64,42,2,5,subject_specific,documented_152
5,3,sub-05_ses-03_row-0445,2,85,3,svm,64,42,2,5,subject_specific,documented_152
5,3,sub-05_ses-03_row-0450,0,86,1,svm,64,42,2,5,subject_specific,documented_152
5,3,sub-05_ses-03_row-0460,3,88,1,svm,64,42,2,5,subject_specific,documented_152
5,3,sub-05_ses-03_row-0467,3,89,3,svm,64,42,2,5,subject_specific,documented_152
5,3,sub-05_ses-03_row-0492,2,94,1,svm,64,42,2,5,subject_specific,documented_152
5,3,sub-05_ses-03_row-0507,2,97,1,svm,64,42,2,5,subject_specific,documented_152
5,3,sub-05_ses-03_row-0529,2,101,1,svm,64,42,2,5,subject_specific,documented_152
5,3,sub-05_ses-03_row-0549,1,105,0,svm,64,42,2,5,subject_specific,documented_152
5,1,sub-05_ses-01_row-0317,3,61,0,svm,64,42,3,5,subject_specific,documented_152
5,1,sub-05_ses-01_row-0332,3,64,1,svm,64,42,3,5,subject_specific,documented_152
5,1,sub-05_ses-01_row-0339,2,65,1,svm,64,42,3,5,subject_specific,documented_152
5,1,sub-05_ses-01_row-0354,1,68,0,svm,64,42,3,5,subject_specific,documented_152
5,1,sub-05_ses-01_row-0374,0,72,1,svm,64,42,3,5,subject_specific,documented_152
5,1,sub-05_ses-01_row-0379,3,73,0,svm,64,42,3,5,subject_specific,documented_152
5,1,sub-05_ses-01_row-0435,2,83,1,svm,64,42,3,5,subject_specific,documented_152
5,1,sub-05_ses-01_row-0470,1,90,3,svm,64,42,3,5,subject_specific,documented_152
5,1,sub-05_ses-01_row-0534,0,102,2,svm,64,42,3,5,subject_specific,documented_152
5,1,sub-05_ses-01_row-0549,0,105,1,svm,64,42,3,5,subject_specific,documented_152
5,1,sub-05_ses-01_row-0616,0,118,1,svm,64,42,3,5,subject_specific,documented_152
5,2,sub-05_ses-02_row-0225,1,43,0,svm,64,42,3,5,subject_specific,documented_152
5,2,sub-05_ses-02_row-0230,2,44,3,svm,64,42,3,5,subject_specific,documented_152
5,2,sub-05_ses-02_row-0235,3,45,1,svm,64,42,3,5,subject_specific,documented_152
5,2,sub-05_ses-02_row-0250,0,48,1,svm,64,42,3,5,subject_specific,documented_152
5,2,sub-05_ses-02_row-0255,1,49,0,svm,64,42,3,5,subject_specific,documented_152
5,2,sub-05_ses-02_row-0275,1,53,0,svm,64,42,3,5,subject_specific,documented_152
5,2,sub-05_ses-02_row-0297,3,57,3,svm,64,42,3,5,subject_specific,documented_152
5,2,sub-05_ses-02_row-0312,2,60,0,svm,64,42,3,5,subject_specific,documented_152
5,2,sub-05_ses-02_row-0337,3,65,3,svm,64,42,3,5,subject_specific,documented_152
5,2,sub-05_ses-02_row-0364,2,70,3,svm,64,42,3,5,subject_specific,documented_152
5,2,sub-05_ses-02_row-0379,0,73,0,svm,64,42,3,5,subject_specific,documented_152
5,2,sub-05_ses-02_row-0394,2,76,0,svm,64,42,3,5,subject_specific,documented_152
5,2,sub-05_ses-02_row-0423,2,81,3,svm,64,42,3,5,subject_specific,documented_152
5,2,sub-05_ses-02_row-0458,2,88,1,svm,64,42,3,5,subject_specific,documented_152
5,2,sub-05_ses-02_row-0520,1,100,0,svm,64,42,3,5,subject_specific,documented_152
5,2,sub-05_ses-02_row-0525,1,101,3,svm,64,42,3,5,subject_specific,documented_152
5,2,sub-05_ses-02_row-0540,0,104,1,svm,64,42,3,5,subject_specific,documented_152
5,2,sub-05_ses-02_row-0545,3,105,2,svm,64,42,3,5,subject_specific,documented_152
5,2,sub-05_ses-02_row-0550,2,106,1,svm,64,42,3,5,subject_specific,documented_152
5,2,sub-05_ses-02_row-0619,2,119,3,svm,64,42,3,5,subject_specific,documented_152
5,3,sub-05_ses-03_row-0267,3,51,3,svm,64,42,3,5,subject_specific,documented_152
5,3,sub-05_ses-03_row-0277,3,53,1,svm,64,42,3,5,subject_specific,documented_152
5,3,sub-05_ses-03_row-0282,0,54,2,svm,64,42,3,5,subject_specific,documented_152
5,3,sub-05_ses-03_row-0302,2,58,1,svm,64,42,3,5,subject_specific,documented_152
5,3,sub-05_ses-03_row-0322,3,62,2,svm,64,42,3,5,subject_specific,documented_152
5,3,sub-05_ses-03_row-0369,1,71,0,svm,64,42,3,5,subject_specific,documented_152
5,3,sub-05_ses-03_row-0396,0,76,3,svm,64,42,3,5,subject_specific,documented_152
5,3,sub-05_ses-03_row-0420,1,80,3,svm,64,42,3,5,subject_specific,documented_152
5,3,sub-05_ses-03_row-0440,1,84,3,svm,64,42,3,5,subject_specific,documented_152
5,3,sub-05_ses-03_row-0455,3,87,1,svm,64,42,3,5,subject_specific,documented_152
5,3,sub-05_ses-03_row-0477,3,91,3,svm,64,42,3,5,subject_specific,documented_152
5,3,sub-05_ses-03_row-0534,1,102,2,svm,64,42,3,5,subject_specific,documented_152
5,3,sub-05_ses-03_row-0539,0,103,2,svm,64,42,3,5,subject_specific,documented_152
5,3,sub-05_ses-03_row-0544,0,104,0,svm,64,42,3,5,subject_specific,documented_152
5,3,sub-05_ses-03_row-0576,2,110,2,svm,64,42,3,5,subject_specific,documented_152
5,3,sub-05_ses-03_row-0606,1,116,0,svm,64,42,3,5,subject_specific,documented_152
5,3,sub-05_ses-03_row-0616,0,118,3,svm,64,42,3,5,subject_specific,documented_152
5,1,sub-05_ses-01_row-0235,2,45,3,svm,64,42,4,5,subject_specific,documented_152
5,1,sub-05_ses-01_row-0240,3,46,0,svm,64,42,4,5,subject_specific,documented_152
5,1,sub-05_ses-01_row-0245,2,47,2,svm,64,42,4,5,subject_specific,documented_152
5,1,sub-05_ses-01_row-0250,3,48,0,svm,64,42,4,5,subject_specific,documented_152
5,1,sub-05_ses-01_row-0270,1,52,3,svm,64,42,4,5,subject_specific,documented_152
5,1,sub-05_ses-01_row-0302,0,58,3,svm,64,42,4,5,subject_specific,documented_152
5,1,sub-05_ses-01_row-0307,3,59,3,svm,64,42,4,5,subject_specific,documented_152
5,1,sub-05_ses-01_row-0344,1,66,1,svm,64,42,4,5,subject_specific,documented_152
5,1,sub-05_ses-01_row-0364,1,70,2,svm,64,42,4,5,subject_specific,documented_152
5,1,sub-05_ses-01_row-0384,1,74,0,svm,64,42,4,5,subject_specific,documented_152
5,1,sub-05_ses-01_row-0425,2,81,1,svm,64,42,4,5,subject_specific,documented_152
5,1,sub-05_ses-01_row-0450,0,86,3,svm,64,42,4,5,subject_specific,documented_152
5,1,sub-05_ses-01_row-0517,0,99,1,svm,64,42,4,5,subject_specific,documented_152
5,1,sub-05_ses-01_row-0544,1,104,3,svm,64,42,4,5,subject_specific,documented_152
5,1,sub-05_ses-01_row-0596,2,114,0,svm,64,42,4,5,subject_specific,documented_152
5,1,sub-05_ses-01_row-0611,1,117,3,svm,64,42,4,5,subject_specific,documented_152
5,2,sub-05_ses-02_row-0210,2,40,2,svm,64,42,4,5,subject_specific,documented_152
5,2,sub-05_ses-02_row-0260,3,50,3,svm,64,42,4,5,subject_specific,documented_152
5,2,sub-05_ses-02_row-0287,3,55,3,svm,64,42,4,5,subject_specific,documented_152
5,2,sub-05_ses-02_row-0317,3,61,0,svm,64,42,4,5,subject_specific,documented_152
5,2,sub-05_ses-02_row-0384,1,74,0,svm,64,42,4,5,subject_specific,documented_152
5,2,sub-05_ses-02_row-0399,3,77,2,svm,64,42,4,5,subject_specific,documented_152
5,2,sub-05_ses-02_row-0463,0,89,0,svm,64,42,4,5,subject_specific,documented_152
5,2,sub-05_ses-02_row-0478,1,92,1,svm,64,42,4,5,subject_specific,documented_152
5,2,sub-05_ses-02_row-0490,3,94,1,svm,64,42,4,5,subject_specific,documented_152
5,2,sub-05_ses-02_row-0495,0,95,2,svm,64,42,4,5,subject_specific,documented_152
5,2,sub-05_ses-02_row-0567,0,109,0,svm,64,42,4,5,subject_specific,documented_152
5,2,sub-05_ses-02_row-0592,2,114,0,svm,64,42,4,5,subject_specific,documented_152
5,2,sub-05_ses-02_row-0602,2,116,1,svm,64,42,4,5,subject_specific,documented_152
5,2,sub-05_ses-02_row-0614,1,118,1,svm,64,42,4,5,subject_specific,documented_152
5,3,sub-05_ses-03_row-0210,2,40,3,svm,64,42,4,5,subject_specific,documented_152
5,3,sub-05_ses-03_row-0240,2,46,0,svm,64,42,4,5,subject_specific,documented_152
5,3,sub-05_ses-03_row-0245,0,47,3,svm,64,42,4,5,subject_specific,documented_152
5,3,sub-05_ses-03_row-0255,2,49,1,svm,64,42,4,5,subject_specific,documented_152
5,3,sub-05_ses-03_row-0329,1,63,2,svm,64,42,4,5,subject_specific,documented_152
5,3,sub-05_ses-03_row-0339,0,65,3,svm,64,42,4,5,subject_specific,documented_152
5,3,sub-05_ses-03_row-0359,0,69,1,svm,64,42,4,5,subject_specific,documented_152
5,3,sub-05_ses-03_row-0376,3,72,3,svm,64,42,4,5,subject_specific,documented_152
5,3,sub-05_ses-03_row-0406,0,78,3,svm,64,42,4,5,subject_specific,documented_152
5,3,sub-05_ses-03_row-0425,3,81,1,svm,64,42,4,5,subject_specific,documented_152
5,3,sub-05_ses-03_row-0430,1,82,3,svm,64,42,4,5,subject_specific,documented_152
5,3,sub-05_ses-03_row-0482,0,92,2,svm,64,42,4,5,subject_specific,documented_152
5,3,sub-05_ses-03_row-0487,3,93,1,svm,64,42,4,5,subject_specific,documented_152
5,3,sub-05_ses-03_row-0524,2,100,2,svm,64,42,4,5,subject_specific,documented_152
5,3,sub-05_ses-03_row-0571,3,109,1,svm,64,42,4,5,subject_specific,documented_152
5,3,sub-05_ses-03_row-0581,1,111,0,svm,64,42,4,5,subject_specific,documented_152
5,3,sub-05_ses-03_row-0596,2,114,3,svm,64,42,4,5,subject_specific,documented_152
5,3,sub-05_ses-03_row-0623,0,119,1,svm,64,42,4,5,subject_specific,documented_152
5,1,sub-05_ses-01_row-0230,0,44,2,svm,64,42,5,5,subject_specific,documented_152
5,1,sub-05_ses-01_row-0265,0,51,0,svm,64,42,5,5,subject_specific,documented_152
5,1,sub-05_ses-01_row-0275,3,53,1,svm,64,42,5,5,subject_specific,documented_152
5,1,sub-05_ses-01_row-0287,2,55,1,svm,64,42,5,5,subject_specific,documented_152
5,1,sub-05_ses-01_row-0292,0,56,1,svm,64,42,5,5,subject_specific,documented_152
5,1,sub-05_ses-01_row-0312,1,60,0,svm,64,42,5,5,subject_specific,documented_152
5,1,sub-05_ses-01_row-0322,0,62,1,svm,64,42,5,5,subject_specific,documented_152
5,1,sub-05_ses-01_row-0359,2,69,3,svm,64,42,5,5,subject_specific,documented_152
5,1,sub-05_ses-01_row-0406,2,78,1,svm,64,42,5,5,subject_specific,documented_152
5,1,sub-05_ses-01_row-0411,3,79,1,svm,64,42,5,5,subject_specific,documented_152
5,1,sub-05_ses-01_row-0430,2,82,3,svm,64,42,5,5,subject_specific,documented_152
5,1,sub-05_ses-01_row-0445,3,85,3,svm,64,42,5,5,subject_specific,documented_152
5,1,sub-05_ses-01_row-0477,0,91,3,svm,64,42,5,5,subject_specific,documented_152
5,1,sub-05_ses-01_row-0482,2,92,3,svm,64,42,5,5,subject_specific,documented_152
5,1,sub-05_ses-01_row-0487,0,93,3,svm,64,42,5,5,subject_specific,documented_152
5,1,sub-05_ses-01_row-0502,1,96,1,svm,64,42,5,5,subject_specific,documented_152
5,1,sub-05_ses-01_row-0522,3,100,1,svm,64,42,5,5,subject_specific,documented_152
5,1,sub-05_ses-01_row-0559,1,107,3,svm,64,42,5,5,subject_specific,documented_152
5,1,sub-05_ses-01_row-0569,3,109,2,svm,64,42,5,5,subject_specific,documented_152
5,1,sub-05_ses-01_row-0574,0,110,3,svm,64,42,5,5,subject_specific,documented_152
5,1,sub-05_ses-01_row-0584,3,112,1,svm,64,42,5,5,subject_specific,documented_152
5,1,sub-05_ses-01_row-0601,1,115,3,svm,64,42,5,5,subject_specific,documented_152
5,2,sub-05_ses-02_row-0240,1,46,3,svm,64,42,5,5,subject_specific,documented_152
5,2,sub-05_ses-02_row-0245,2,47,1,svm,64,42,5,5,subject_specific,documented_152
5,2,sub-05_ses-02_row-0302,1,58,3,svm,64,42,5,5,subject_specific,documented_152
5,2,sub-05_ses-02_row-0307,0,59,3,svm,64,42,5,5,subject_specific,documented_152
5,2,sub-05_ses-02_row-0327,2,63,0,svm,64,42,5,5,subject_specific,documented_152
5,2,sub-05_ses-02_row-0374,0,72,0,svm,64,42,5,5,subject_specific,documented_152
5,2,sub-05_ses-02_row-0404,3,78,1,svm,64,42,5,5,subject_specific,documented_152
5,2,sub-05_ses-02_row-0433,0,83,2,svm,64,42,5,5,subject_specific,documented_152
5,2,sub-05_ses-02_row-0468,1,90,2,svm,64,42,5,5,subject_specific,documented_152
5,2,sub-05_ses-02_row-0500,2,96,3,svm,64,42,5,5,subject_specific,documented_152
5,2,sub-05_ses-02_row-0510,3,98,0,svm,64,42,5,5,subject_specific,documented_152
5,2,sub-05_ses-02_row-0562,3,108,2,svm,64,42,5,5,subject_specific,documented_152
5,2,sub-05_ses-02_row-0582,2,112,1,svm,64,42,5,5,subject_specific,documented_152
5,2,sub-05_ses-02_row-0587,0,113,1,svm,64,42,5,5,subject_specific,documented_152
5,2,sub-05_ses-02_row-0597,3,115,1,svm,64,42,5,5,subject_specific,documented_152
5,2,sub-05_ses-02_row-0607,1,117,3,svm,64,42,5,5,subject_specific,documented_152
5,3,sub-05_ses-03_row-0260,1,50,1,svm,64,42,5,5,subject_specific,documented_152
5,3,sub-05_ses-03_row-0272,0,52,3,svm,64,42,5,5,subject_specific,documented_152
5,3,sub-05_ses-03_row-0312,1,60,2,svm,64,42,5,5,subject_specific,documented_152
5,3,sub-05_ses-03_row-0344,3,66,3,svm,64,42,5,5,subject_specific,documented_152
5,3,sub-05_ses-03_row-0349,2,67,2,svm,64,42,5,5,subject_specific,documented_152
5,3,sub-05_ses-03_row-0435,3,83,2,svm,64,42,5,5,subject_specific,documented_152
5,3,sub-05_ses-03_row-0472,1,90,0,svm,64,42,5,5,subject_specific,documented_152
5,3,sub-05_ses-03_row-0502,2,96,2,svm,64,42,5,5,subject_specific,documented_152
5,3,sub-05_ses-03_row-0566,1,108,3,svm,64,42,5,5,subject_specific,documented_152
5,3,sub-05_ses-03_row-0586,2,112,3,svm,64,42,5,5,subject_specific,documented_152
5,1,sub-05_ses-01_row-0210,2,40,2,svm,32,42,1,5,subject_specific,documented_152
5,1,sub-05_ses-01_row-0225,2,43,3,svm,32,42,1,5,subject_specific,documented_152
5,1,sub-05_ses-01_row-0282,3,54,0,svm,32,42,1,5,subject_specific,documented_152
5,1,sub-05_ses-01_row-0396,0,76,2,svm,32,42,1,5,subject_specific,documented_152
5,1,sub-05_ses-01_row-0401,0,77,0,svm,32,42,1,5,subject_specific,documented_152
5,1,sub-05_ses-01_row-0420,1,80,2,svm,32,42,1,5,subject_specific,documented_152
5,1,sub-05_ses-01_row-0440,2,84,1,svm,32,42,1,5,subject_specific,documented_152
5,1,sub-05_ses-01_row-0455,3,87,3,svm,32,42,1,5,subject_specific,documented_152
5,1,sub-05_ses-01_row-0460,3,88,3,svm,32,42,1,5,subject_specific,documented_152
5,1,sub-05_ses-01_row-0507,2,97,3,svm,32,42,1,5,subject_specific,documented_152
5,1,sub-05_ses-01_row-0512,1,98,3,svm,32,42,1,5,subject_specific,documented_152
5,1,sub-05_ses-01_row-0527,3,101,3,svm,32,42,1,5,subject_specific,documented_152
5,1,sub-05_ses-01_row-0539,0,103,2,svm,32,42,1,5,subject_specific,documented_152
5,1,sub-05_ses-01_row-0591,2,113,1,svm,32,42,1,5,subject_specific,documented_152
5,1,sub-05_ses-01_row-0606,3,116,2,svm,32,42,1,5,subject_specific,documented_152
5,1,sub-05_ses-01_row-0621,2,119,0,svm,32,42,1,5,subject_specific,documented_152
5,2,sub-05_ses-02_row-0265,0,51,0,svm,32,42,1,5,subject_specific,documented_152
5,2,sub-05_ses-02_row-0282,3,54,2,svm,32,42,1,5,subject_specific,documented_152
5,2,sub-05_ses-02_row-0354,1,68,3,svm,32,42,1,5,subject_specific,documented_152
5,2,sub-05_ses-02_row-0359,0,69,1,svm,32,42,1,5,subject_specific,documented_152
5,2,sub-05_ses-02_row-0389,2,75,0,svm,32,42,1,5,subject_specific,documented_152
5,2,sub-05_ses-02_row-0409,1,79,0,svm,32,42,1,5,subject_specific,documented_152
5,2,sub-05_ses-02_row-0453,1,87,0,svm,32,42,1,5,subject_specific,documented_152
5,2,sub-05_ses-02_row-0473,1,91,3,svm,32,42,1,5,subject_specific,documented_152
5,2,sub-05_ses-02_row-0505,2,97,3,svm,32,42,1,5,subject_specific,documented_152
5,2,sub-05_ses-02_row-0555,0,107,1,svm,32,42,1,5,subject_specific,documented_152
5,2,sub-05_ses-02_row-0572,0,110,0,svm,32,42,1,5,subject_specific,documented_152
5,3,sub-05_ses-03_row-0215,2,41,1,svm,32,42,1,5,subject_specific,documented_152
5,3,sub-05_ses-03_row-0220,3,42,2,svm,32,42,1,5,subject_specific,documented_152
5,3,sub-05_ses-03_row-0225,1,43,2,svm,32,42,1,5,subject_specific,documented_152
5,3,sub-05_ses-03_row-0235,2,45,3,svm,32,42,1,5,subject_specific,documented_152
5,3,sub-05_ses-03_row-0250,0,48,0,svm,32,42,1,5,subject_specific,documented_152
5,3,sub-05_ses-03_row-0297,1,57,2,svm,32,42,1,5,subject_specific,documented_152
5,3,sub-05_ses-03_row-0307,1,59,2,svm,32,42,1,5,subject_specific,documented_152
5,3,sub-05_ses-03_row-0317,1,61,2,svm,32,42,1,5,subject_specific,documented_152
5,3,sub-05_ses-03_row-0354,2,68,2,svm,32,42,1,5,subject_specific,documented_152
5,3,sub-05_ses-03_row-0381,3,73,0,svm,32,42,1,5,subject_specific,documented_152
5,3,sub-05_ses-03_row-0386,3,74,2,svm,32,42,1,5,subject_specific,documented_152
5,3,sub-05_ses-03_row-0391,1,75,2,svm,32,42,1,5,subject_specific,documented_152
5,3,sub-05_ses-03_row-0401,3,77,1,svm,32,42,1,5,subject_specific,documented_152
5,3,sub-05_ses-03_row-0497,3,95,2,svm,32,42,1,5,subject_specific,documented_152
5,3,sub-05_ses-03_row-0512,1,98,2,svm,32,42,1,5,subject_specific,documented_152
5,3,sub-05_ses-03_row-0519,2,99,1,svm,32,42,1,5,subject_specific,documented_152
5,3,sub-05_ses-03_row-0554,0,106,0,svm,32,42,1,5,subject_specific,documented_152
5,3,sub-05_ses-03_row-0561,0,107,1,svm,32,42,1,5,subject_specific,documented_152
5,3,sub-05_ses-03_row-0591,0,113,2,svm,32,42,1,5,subject_specific,documented_152
5,3,sub-05_ses-03_row-0601,3,115,2,svm,32,42,1,5,subject_specific,documented_152
5,3,sub-05_ses-03_row-0611,0,117,1,svm,32,42,1,5,subject_specific,documented_152
5,1,sub-05_ses-01_row-0215,3,41,3,svm,32,42,2,5,subject_specific,documented_152
5,1,sub-05_ses-01_row-0220,0,42,3,svm,32,42,2,5,subject_specific,documented_152
5,1,sub-05_ses-01_row-0255,1,49,3,svm,32,42,2,5,subject_specific,documented_152
5,1,sub-05_ses-01_row-0260,2,50,3,svm,32,42,2,5,subject_specific,documented_152
5,1,sub-05_ses-01_row-0297,1,57,2,svm,32,42,2,5,subject_specific,documented_152
5,1,sub-05_ses-01_row-0327,1,63,3,svm,32,42,2,5,subject_specific,documented_152
5,1,sub-05_ses-01_row-0349,1,67,3,svm,32,42,2,5,subject_specific,documented_152
5,1,sub-05_ses-01_row-0369,0,71,3,svm,32,42,2,5,subject_specific,documented_152
5,1,sub-05_ses-01_row-0389,2,75,0,svm,32,42,2,5,subject_specific,documented_152
5,1,sub-05_ses-01_row-0465,3,89,3,svm,32,42,2,5,subject_specific,documented_152
5,1,sub-05_ses-01_row-0492,0,94,0,svm,32,42,2,5,subject_specific,documented_152
5,1,sub-05_ses-01_row-0497,2,95,3,svm,32,42,2,5,subject_specific,documented_152
5,1,sub-05_ses-01_row-0554,3,106,0,svm,32,42,2,5,subject_specific,documented_152
5,1,sub-05_ses-01_row-0564,1,108,3,svm,32,42,2,5,subject_specific,documented_152
5,1,sub-05_ses-01_row-0579,1,111,1,svm,32,42,2,5,subject_specific,documented_152
5,2,sub-05_ses-02_row-0215,1,41,3,svm,32,42,2,5,subject_specific,documented_152
5,2,sub-05_ses-02_row-0220,2,42,2,svm,32,42,2,5,subject_specific,documented_152
5,2,sub-05_ses-02_row-0270,0,52,3,svm,32,42,2,5,subject_specific,documented_152
5,2,sub-05_ses-02_row-0292,0,56,1,svm,32,42,2,5,subject_specific,documented_152
5,2,sub-05_ses-02_row-0322,3,62,3,svm,32,42,2,5,subject_specific,documented_152
5,2,sub-05_ses-02_row-0332,0,64,0,svm,32,42,2,5,subject_specific,documented_152
5,2,sub-05_ses-02_row-0342,2,66,1,svm,32,42,2,5,subject_specific,documented_152
5,2,sub-05_ses-02_row-0349,0,67,1,svm,32,42,2,5,subject_specific,documented_152
5,2,sub-05_ses-02_row-0369,1,71,3,svm,32,42,2,5,subject_specific,documented_152
5,2,sub-05_ses-02_row-0418,0,80,0,svm,32,42,2,5,subject_specific,documented_152
5,2,sub-05_ses-02_row-0428,3,82,2,svm,32,42,2,5,subject_specific,documented_152
5,2,sub-05_ses-02_row-0438,3,84,2,svm,32,42,2,5,subject_specific,documented_152
5,2,sub-05_ses-02_row-0443,3,85,0,svm,32,42,2,5,subject_specific,documented_152
5,2,sub-05_ses-02_row-0448,2,86,2,svm,32,42,2,5,subject_specific,documented_152
5,2,sub-05_ses-02_row-0483,3,93,1,svm,32,42,2,5,subject_specific,documented_152
5,2,sub-05_ses-02_row-0515,3,99,0,svm,32,42,2,5,subject_specific,documented_152
5,2,sub-05_ses-02_row-0530,1,102,1,svm,32,42,2,5,subject_specific,documented_152
5,2,sub-05_ses-02_row-0535,1,103,0,svm,32,42,2,5,subject_specific,documented_152
5,2,sub-05_ses-02_row-0577,0,111,3,svm,32,42,2,5,subject_specific,documented_152
5,3,sub-05_ses-03_row-0230,2,44,3,svm,32,42,2,5,subject_specific,documented_152
5,3,sub-05_ses-03_row-0287,3,55,3,svm,32,42,2,5,subject_specific,documented_152
5,3,sub-05_ses-03_row-0292,0,56,3,svm,32,42,2,5,subject_specific,documented_152
5,3,sub-05_ses-03_row-0334,2,64,3,svm,32,42,2,5,subject_specific,documented_152
5,3,sub-05_ses-03_row-0364,1,70,3,svm,32,42,2,5,subject_specific,documented_152
5,3,sub-05_ses-03_row-0411,0,79,3,svm,32,42,2,5,subject_specific,documented_152
5,3,sub-05_ses-03_row-0445,2,85,3,svm,32,42,2,5,subject_specific,documented_152
5,3,sub-05_ses-03_row-0450,0,86,1,svm,32,42,2,5,subject_specific,documented_152
5,3,sub-05_ses-03_row-0460,3,88,1,svm,32,42,2,5,subject_specific,documented_152
5,3,sub-05_ses-03_row-0467,3,89,3,svm,32,42,2,5,subject_specific,documented_152
5,3,sub-05_ses-03_row-0492,2,94,3,svm,32,42,2,5,subject_specific,documented_152
5,3,sub-05_ses-03_row-0507,2,97,3,svm,32,42,2,5,subject_specific,documented_152
5,3,sub-05_ses-03_row-0529,2,101,1,svm,32,42,2,5,subject_specific,documented_152
5,3,sub-05_ses-03_row-0549,1,105,0,svm,32,42,2,5,subject_specific,documented_152
5,1,sub-05_ses-01_row-0317,3,61,0,svm,32,42,3,5,subject_specific,documented_152
5,1,sub-05_ses-01_row-0332,3,64,1,svm,32,42,3,5,subject_specific,documented_152
5,1,sub-05_ses-01_row-0339,2,65,1,svm,32,42,3,5,subject_specific,documented_152
5,1,sub-05_ses-01_row-0354,1,68,3,svm,32,42,3,5,subject_specific,documented_152
5,1,sub-05_ses-01_row-0374,0,72,1,svm,32,42,3,5,subject_specific,documented_152
5,1,sub-05_ses-01_row-0379,3,73,0,svm,32,42,3,5,subject_specific,documented_152
5,1,sub-05_ses-01_row-0435,2,83,2,svm,32,42,3,5,subject_specific,documented_152
5,1,sub-05_ses-01_row-0470,1,90,1,svm,32,42,3,5,subject_specific,documented_152
5,1,sub-05_ses-01_row-0534,0,102,1,svm,32,42,3,5,subject_specific,documented_152
5,1,sub-05_ses-01_row-0549,0,105,1,svm,32,42,3,5,subject_specific,documented_152
5,1,sub-05_ses-01_row-0616,0,118,2,svm,32,42,3,5,subject_specific,documented_152
5,2,sub-05_ses-02_row-0225,1,43,0,svm,32,42,3,5,subject_specific,documented_152
5,2,sub-05_ses-02_row-0230,2,44,3,svm,32,42,3,5,subject_specific,documented_152
5,2,sub-05_ses-02_row-0235,3,45,1,svm,32,42,3,5,subject_specific,documented_152
5,2,sub-05_ses-02_row-0250,0,48,1,svm,32,42,3,5,subject_specific,documented_152
5,2,sub-05_ses-02_row-0255,1,49,0,svm,32,42,3,5,subject_specific,documented_152
5,2,sub-05_ses-02_row-0275,1,53,0,svm,32,42,3,5,subject_specific,documented_152
5,2,sub-05_ses-02_row-0297,3,57,2,svm,32,42,3,5,subject_specific,documented_152
5,2,sub-05_ses-02_row-0312,2,60,0,svm,32,42,3,5,subject_specific,documented_152
5,2,sub-05_ses-02_row-0337,3,65,3,svm,32,42,3,5,subject_specific,documented_152
5,2,sub-05_ses-02_row-0364,2,70,3,svm,32,42,3,5,subject_specific,documented_152
5,2,sub-05_ses-02_row-0379,0,73,0,svm,32,42,3,5,subject_specific,documented_152
5,2,sub-05_ses-02_row-0394,2,76,0,svm,32,42,3,5,subject_specific,documented_152
5,2,sub-05_ses-02_row-0423,2,81,2,svm,32,42,3,5,subject_specific,documented_152
5,2,sub-05_ses-02_row-0458,2,88,1,svm,32,42,3,5,subject_specific,documented_152
5,2,sub-05_ses-02_row-0520,1,100,0,svm,32,42,3,5,subject_specific,documented_152
5,2,sub-05_ses-02_row-0525,1,101,2,svm,32,42,3,5,subject_specific,documented_152
5,2,sub-05_ses-02_row-0540,0,104,1,svm,32,42,3,5,subject_specific,documented_152
5,2,sub-05_ses-02_row-0545,3,105,1,svm,32,42,3,5,subject_specific,documented_152
5,2,sub-05_ses-02_row-0550,2,106,1,svm,32,42,3,5,subject_specific,documented_152
5,2,sub-05_ses-02_row-0619,2,119,3,svm,32,42,3,5,subject_specific,documented_152
5,3,sub-05_ses-03_row-0267,3,51,3,svm,32,42,3,5,subject_specific,documented_152
5,3,sub-05_ses-03_row-0277,3,53,1,svm,32,42,3,5,subject_specific,documented_152
5,3,sub-05_ses-03_row-0282,0,54,2,svm,32,42,3,5,subject_specific,documented_152
5,3,sub-05_ses-03_row-0302,2,58,3,svm,32,42,3,5,subject_specific,documented_152
5,3,sub-05_ses-03_row-0322,3,62,2,svm,32,42,3,5,subject_specific,documented_152
5,3,sub-05_ses-03_row-0369,1,71,2,svm,32,42,3,5,subject_specific,documented_152
5,3,sub-05_ses-03_row-0396,0,76,2,svm,32,42,3,5,subject_specific,documented_152
5,3,sub-05_ses-03_row-0420,1,80,3,svm,32,42,3,5,subject_specific,documented_152
5,3,sub-05_ses-03_row-0440,1,84,3,svm,32,42,3,5,subject_specific,documented_152
5,3,sub-05_ses-03_row-0455,3,87,1,svm,32,42,3,5,subject_specific,documented_152
5,3,sub-05_ses-03_row-0477,3,91,3,svm,32,42,3,5,subject_specific,documented_152
5,3,sub-05_ses-03_row-0534,1,102,2,svm,32,42,3,5,subject_specific,documented_152
5,3,sub-05_ses-03_row-0539,0,103,2,svm,32,42,3,5,subject_specific,documented_152
5,3,sub-05_ses-03_row-0544,0,104,2,svm,32,42,3,5,subject_specific,documented_152
5,3,sub-05_ses-03_row-0576,2,110,2,svm,32,42,3,5,subject_specific,documented_152
5,3,sub-05_ses-03_row-0606,1,116,2,svm,32,42,3,5,subject_specific,documented_152
5,3,sub-05_ses-03_row-0616,0,118,3,svm,32,42,3,5,subject_specific,documented_152
5,1,sub-05_ses-01_row-0235,2,45,3,svm,32,42,4,5,subject_specific,documented_152
5,1,sub-05_ses-01_row-0240,3,46,3,svm,32,42,4,5,subject_specific,documented_152
5,1,sub-05_ses-01_row-0245,2,47,3,svm,32,42,4,5,subject_specific,documented_152
5,1,sub-05_ses-01_row-0250,3,48,0,svm,32,42,4,5,subject_specific,documented_152
5,1,sub-05_ses-01_row-0270,1,52,3,svm,32,42,4,5,subject_specific,documented_152
5,1,sub-05_ses-01_row-0302,0,58,3,svm,32,42,4,5,subject_specific,documented_152
5,1,sub-05_ses-01_row-0307,3,59,3,svm,32,42,4,5,subject_specific,documented_152
5,1,sub-05_ses-01_row-0344,1,66,1,svm,32,42,4,5,subject_specific,documented_152
5,1,sub-05_ses-01_row-0364,1,70,1,svm,32,42,4,5,subject_specific,documented_152
5,1,sub-05_ses-01_row-0384,1,74,0,svm,32,42,4,5,subject_specific,documented_152
5,1,sub-05_ses-01_row-0425,2,81,1,svm,32,42,4,5,subject_specific,documented_152
5,1,sub-05_ses-01_row-0450,0,86,3,svm,32,42,4,5,subject_specific,documented_152
5,1,sub-05_ses-01_row-0517,0,99,1,svm,32,42,4,5,subject_specific,documented_152
5,1,sub-05_ses-01_row-0544,1,104,3,svm,32,42,4,5,subject_specific,documented_152
5,1,sub-05_ses-01_row-0596,2,114,0,svm,32,42,4,5,subject_specific,documented_152
5,1,sub-05_ses-01_row-0611,1,117,3,svm,32,42,4,5,subject_specific,documented_152
5,2,sub-05_ses-02_row-0210,2,40,1,svm,32,42,4,5,subject_specific,documented_152
5,2,sub-05_ses-02_row-0260,3,50,3,svm,32,42,4,5,subject_specific,documented_152
5,2,sub-05_ses-02_row-0287,3,55,2,svm,32,42,4,5,subject_specific,documented_152
5,2,sub-05_ses-02_row-0317,3,61,0,svm,32,42,4,5,subject_specific,documented_152
5,2,sub-05_ses-02_row-0384,1,74,0,svm,32,42,4,5,subject_specific,documented_152
5,2,sub-05_ses-02_row-0399,3,77,3,svm,32,42,4,5,subject_specific,documented_152
5,2,sub-05_ses-02_row-0463,0,89,3,svm,32,42,4,5,subject_specific,documented_152
5,2,sub-05_ses-02_row-0478,1,92,1,svm,32,42,4,5,subject_specific,documented_152
5,2,sub-05_ses-02_row-0490,3,94,1,svm,32,42,4,5,subject_specific,documented_152
5,2,sub-05_ses-02_row-0495,0,95,2,svm,32,42,4,5,subject_specific,documented_152
5,2,sub-05_ses-02_row-0567,0,109,0,svm,32,42,4,5,subject_specific,documented_152
5,2,sub-05_ses-02_row-0592,2,114,0,svm,32,42,4,5,subject_specific,documented_152
5,2,sub-05_ses-02_row-0602,2,116,1,svm,32,42,4,5,subject_specific,documented_152
5,2,sub-05_ses-02_row-0614,1,118,1,svm,32,42,4,5,subject_specific,documented_152
5,3,sub-05_ses-03_row-0210,2,40,3,svm,32,42,4,5,subject_specific,documented_152
5,3,sub-05_ses-03_row-0240,2,46,0,svm,32,42,4,5,subject_specific,documented_152
5,3,sub-05_ses-03_row-0245,0,47,3,svm,32,42,4,5,subject_specific,documented_152
5,3,sub-05_ses-03_row-0255,2,49,3,svm,32,42,4,5,subject_specific,documented_152
5,3,sub-05_ses-03_row-0329,1,63,2,svm,32,42,4,5,subject_specific,documented_152
5,3,sub-05_ses-03_row-0339,0,65,3,svm,32,42,4,5,subject_specific,documented_152
5,3,sub-05_ses-03_row-0359,0,69,1,svm,32,42,4,5,subject_specific,documented_152
5,3,sub-05_ses-03_row-0376,3,72,3,svm,32,42,4,5,subject_specific,documented_152
5,3,sub-05_ses-03_row-0406,0,78,3,svm,32,42,4,5,subject_specific,documented_152
5,3,sub-05_ses-03_row-0425,3,81,3,svm,32,42,4,5,subject_specific,documented_152
5,3,sub-05_ses-03_row-0430,1,82,3,svm,32,42,4,5,subject_specific,documented_152
5,3,sub-05_ses-03_row-0482,0,92,1,svm,32,42,4,5,subject_specific,documented_152
5,3,sub-05_ses-03_row-0487,3,93,3,svm,32,42,4,5,subject_specific,documented_152
5,3,sub-05_ses-03_row-0524,2,100,2,svm,32,42,4,5,subject_specific,documented_152
5,3,sub-05_ses-03_row-0571,3,109,0,svm,32,42,4,5,subject_specific,documented_152
5,3,sub-05_ses-03_row-0581,1,111,0,svm,32,42,4,5,subject_specific,documented_152
5,3,sub-05_ses-03_row-0596,2,114,1,svm,32,42,4,5,subject_specific,documented_152
5,3,sub-05_ses-03_row-0623,0,119,1,svm,32,42,4,5,subject_specific,documented_152
5,1,sub-05_ses-01_row-0230,0,44,3,svm,32,42,5,5,subject_specific,documented_152
5,1,sub-05_ses-01_row-0265,0,51,0,svm,32,42,5,5,subject_specific,documented_152
5,1,sub-05_ses-01_row-0275,3,53,1,svm,32,42,5,5,subject_specific,documented_152
5,1,sub-05_ses-01_row-0287,2,55,1,svm,32,42,5,5,subject_specific,documented_152
5,1,sub-05_ses-01_row-0292,0,56,1,svm,32,42,5,5,subject_specific,documented_152
5,1,sub-05_ses-01_row-0312,1,60,3,svm,32,42,5,5,subject_specific,documented_152
5,1,sub-05_ses-01_row-0322,0,62,1,svm,32,42,5,5,subject_specific,documented_152
5,1,sub-05_ses-01_row-0359,2,69,3,svm,32,42,5,5,subject_specific,documented_152
5,1,sub-05_ses-01_row-0406,2,78,1,svm,32,42,5,5,subject_specific,documented_152
5,1,sub-05_ses-01_row-0411,3,79,1,svm,32,42,5,5,subject_specific,documented_152
5,1,sub-05_ses-01_row-0430,2,82,3,svm,32,42,5,5,subject_specific,documented_152
5,1,sub-05_ses-01_row-0445,3,85,3,svm,32,42,5,5,subject_specific,documented_152
5,1,sub-05_ses-01_row-0477,0,91,3,svm,32,42,5,5,subject_specific,documented_152
5,1,sub-05_ses-01_row-0482,2,92,3,svm,32,42,5,5,subject_specific,documented_152
5,1,sub-05_ses-01_row-0487,0,93,3,svm,32,42,5,5,subject_specific,documented_152
5,1,sub-05_ses-01_row-0502,1,96,1,svm,32,42,5,5,subject_specific,documented_152
5,1,sub-05_ses-01_row-0522,3,100,1,svm,32,42,5,5,subject_specific,documented_152
5,1,sub-05_ses-01_row-0559,1,107,3,svm,32,42,5,5,subject_specific,documented_152
5,1,sub-05_ses-01_row-0569,3,109,2,svm,32,42,5,5,subject_specific,documented_152
5,1,sub-05_ses-01_row-0574,0,110,1,svm,32,42,5,5,subject_specific,documented_152
5,1,sub-05_ses-01_row-0584,3,112,1,svm,32,42,5,5,subject_specific,documented_152
5,1,sub-05_ses-01_row-0601,1,115,3,svm,32,42,5,5,subject_specific,documented_152
5,2,sub-05_ses-02_row-0240,1,46,3,svm,32,42,5,5,subject_specific,documented_152
5,2,sub-05_ses-02_row-0245,2,47,3,svm,32,42,5,5,subject_specific,documented_152
5,2,sub-05_ses-02_row-0302,1,58,3,svm,32,42,5,5,subject_specific,documented_152
5,2,sub-05_ses-02_row-0307,0,59,0,svm,32,42,5,5,subject_specific,documented_152
5,2,sub-05_ses-02_row-0327,2,63,0,svm,32,42,5,5,subject_specific,documented_152
5,2,sub-05_ses-02_row-0374,0,72,0,svm,32,42,5,5,subject_specific,documented_152
5,2,sub-05_ses-02_row-0404,3,78,1,svm,32,42,5,5,subject_specific,documented_152
5,2,sub-05_ses-02_row-0433,0,83,3,svm,32,42,5,5,subject_specific,documented_152
5,2,sub-05_ses-02_row-0468,1,90,1,svm,32,42,5,5,subject_specific,documented_152
5,2,sub-05_ses-02_row-0500,2,96,1,svm,32,42,5,5,subject_specific,documented_152
5,2,sub-05_ses-02_row-0510,3,98,0,svm,32,42,5,5,subject_specific,documented_152
5,2,sub-05_ses-02_row-0562,3,108,1,svm,32,42,5,5,subject_specific,documented_152
5,2,sub-05_ses-02_row-0582,2,112,1,svm,32,42,5,5,subject_specific,documented_152
5,2,sub-05_ses-02_row-0587,0,113,1,svm,32,42,5,5,subject_specific,documented_152
5,2,sub-05_ses-02_row-0597,3,115,1,svm,32,42,5,5,subject_specific,documented_152
5,2,sub-05_ses-02_row-0607,1,117,0,svm,32,42,5,5,subject_specific,documented_152
5,3,sub-05_ses-03_row-0260,1,50,3,svm,32,42,5,5,subject_specific,documented_152
5,3,sub-05_ses-03_row-0272,0,52,0,svm,32,42,5,5,subject_specific,documented_152
5,3,sub-05_ses-03_row-0312,1,60,2,svm,32,42,5,5,subject_specific,documented_152
5,3,sub-05_ses-03_row-0344,3,66,3,svm,32,42,5,5,subject_specific,documented_152
5,3,sub-05_ses-03_row-0349,2,67,2,svm,32,42,5,5,subject_specific,documented_152
5,3,sub-05_ses-03_row-0435,3,83,2,svm,32,42,5,5,subject_specific,documented_152
5,3,sub-05_ses-03_row-0472,1,90,3,svm,32,42,5,5,subject_specific,documented_152
5,3,sub-05_ses-03_row-0502,2,96,2,svm,32,42,5,5,subject_specific,documented_152
5,3,sub-05_ses-03_row-0566,1,108,2,svm,32,42,5,5,subject_specific,documented_152
5,3,sub-05_ses-03_row-0586,2,112,2,svm,32,42,5,5,subject_specific,documented_152
5,1,sub-05_ses-01_row-0210,2,40,1,svm,16,42,1,5,subject_specific,documented_152
5,1,sub-05_ses-01_row-0225,2,43,1,svm,16,42,1,5,subject_specific,documented_152
5,1,sub-05_ses-01_row-0282,3,54,0,svm,16,42,1,5,subject_specific,documented_152
5,1,sub-05_ses-01_row-0396,0,76,0,svm,16,42,1,5,subject_specific,documented_152
5,1,sub-05_ses-01_row-0401,0,77,1,svm,16,42,1,5,subject_specific,documented_152
5,1,sub-05_ses-01_row-0420,1,80,2,svm,16,42,1,5,subject_specific,documented_152
5,1,sub-05_ses-01_row-0440,2,84,1,svm,16,42,1,5,subject_specific,documented_152
5,1,sub-05_ses-01_row-0455,3,87,0,svm,16,42,1,5,subject_specific,documented_152
5,1,sub-05_ses-01_row-0460,3,88,3,svm,16,42,1,5,subject_specific,documented_152
5,1,sub-05_ses-01_row-0507,2,97,3,svm,16,42,1,5,subject_specific,documented_152
5,1,sub-05_ses-01_row-0512,1,98,3,svm,16,42,1,5,subject_specific,documented_152
5,1,sub-05_ses-01_row-0527,3,101,3,svm,16,42,1,5,subject_specific,documented_152
5,1,sub-05_ses-01_row-0539,0,103,0,svm,16,42,1,5,subject_specific,documented_152
5,1,sub-05_ses-01_row-0591,2,113,1,svm,16,42,1,5,subject_specific,documented_152
5,1,sub-05_ses-01_row-0606,3,116,0,svm,16,42,1,5,subject_specific,documented_152
5,1,sub-05_ses-01_row-0621,2,119,0,svm,16,42,1,5,subject_specific,documented_152
5,2,sub-05_ses-02_row-0265,0,51,0,svm,16,42,1,5,subject_specific,documented_152
5,2,sub-05_ses-02_row-0282,3,54,2,svm,16,42,1,5,subject_specific,documented_152
5,2,sub-05_ses-02_row-0354,1,68,3,svm,16,42,1,5,subject_specific,documented_152
5,2,sub-05_ses-02_row-0359,0,69,1,svm,16,42,1,5,subject_specific,documented_152
5,2,sub-05_ses-02_row-0389,2,75,0,svm,16,42,1,5,subject_specific,documented_152
5,2,sub-05_ses-02_row-0409,1,79,0,svm,16,42,1,5,subject_specific,documented_152
5,2,sub-05_ses-02_row-0453,1,87,0,svm,16,42,1,5,subject_specific,documented_152
5,2,sub-05_ses-02_row-0473,1,91,1,svm,16,42,1,5,subject_specific,documented_152
5,2,sub-05_ses-02_row-0505,2,97,2,svm,16,42,1,5,subject_specific,documented_152
5,2,sub-05_ses-02_row-0555,0,107,1,svm,16,42,1,5,subject_specific,documented_152
5,2,sub-05_ses-02_row-0572,0,110,1,svm,16,42,1,5,subject_specific,documented_152
5,3,sub-05_ses-03_row-0215,2,41,1,svm,16,42,1,5,subject_specific,documented_152
5,3,sub-05_ses-03_row-0220,3,42,2,svm,16,42,1,5,subject_specific,documented_152
5,3,sub-05_ses-03_row-0225,1,43,0,svm,16,42,1,5,subject_specific,documented_152
5,3,sub-05_ses-03_row-0235,2,45,0,svm,16,42,1,5,subject_specific,documented_152
5,3,sub-05_ses-03_row-0250,0,48,0,svm,16,42,1,5,subject_specific,documented_152
5,3,sub-05_ses-03_row-0297,1,57,2,svm,16,42,1,5,subject_specific,documented_152
5,3,sub-05_ses-03_row-0307,1,59,2,svm,16,42,1,5,subject_specific,documented_152
5,3,sub-05_ses-03_row-0317,1,61,2,svm,16,42,1,5,subject_specific,documented_152
5,3,sub-05_ses-03_row-0354,2,68,2,svm,16,42,1,5,subject_specific,documented_152
5,3,sub-05_ses-03_row-0381,3,73,0,svm,16,42,1,5,subject_specific,documented_152
5,3,sub-05_ses-03_row-0386,3,74,2,svm,16,42,1,5,subject_specific,documented_152
5,3,sub-05_ses-03_row-0391,1,75,2,svm,16,42,1,5,subject_specific,documented_152
5,3,sub-05_ses-03_row-0401,3,77,1,svm,16,42,1,5,subject_specific,documented_152
5,3,sub-05_ses-03_row-0497,3,95,2,svm,16,42,1,5,subject_specific,documented_152
5,3,sub-05_ses-03_row-0512,1,98,2,svm,16,42,1,5,subject_specific,documented_152
5,3,sub-05_ses-03_row-0519,2,99,1,svm,16,42,1,5,subject_specific,documented_152
5,3,sub-05_ses-03_row-0554,0,106,2,svm,16,42,1,5,subject_specific,documented_152
5,3,sub-05_ses-03_row-0561,0,107,2,svm,16,42,1,5,subject_specific,documented_152
5,3,sub-05_ses-03_row-0591,0,113,1,svm,16,42,1,5,subject_specific,documented_152
5,3,sub-05_ses-03_row-0601,3,115,2,svm,16,42,1,5,subject_specific,documented_152
5,3,sub-05_ses-03_row-0611,0,117,1,svm,16,42,1,5,subject_specific,documented_152
5,1,sub-05_ses-01_row-0215,3,41,3,svm,16,42,2,5,subject_specific,documented_152
5,1,sub-05_ses-01_row-0220,0,42,3,svm,16,42,2,5,subject_specific,documented_152
5,1,sub-05_ses-01_row-0255,1,49,3,svm,16,42,2,5,subject_specific,documented_152
5,1,sub-05_ses-01_row-0260,2,50,3,svm,16,42,2,5,subject_specific,documented_152
5,1,sub-05_ses-01_row-0297,1,57,2,svm,16,42,2,5,subject_specific,documented_152
5,1,sub-05_ses-01_row-0327,1,63,3,svm,16,42,2,5,subject_specific,documented_152
5,1,sub-05_ses-01_row-0349,1,67,3,svm,16,42,2,5,subject_specific,documented_152
5,1,sub-05_ses-01_row-0369,0,71,3,svm,16,42,2,5,subject_specific,documented_152
5,1,sub-05_ses-01_row-0389,2,75,0,svm,16,42,2,5,subject_specific,documented_152
5,1,sub-05_ses-01_row-0465,3,89,3,svm,16,42,2,5,subject_specific,documented_152
5,1,sub-05_ses-01_row-0492,0,94,0,svm,16,42,2,5,subject_specific,documented_152
5,1,sub-05_ses-01_row-0497,2,95,3,svm,16,42,2,5,subject_specific,documented_152
5,1,sub-05_ses-01_row-0554,3,106,1,svm,16,42,2,5,subject_specific,documented_152
5,1,sub-05_ses-01_row-0564,1,108,3,svm,16,42,2,5,subject_specific,documented_152
5,1,sub-05_ses-01_row-0579,1,111,3,svm,16,42,2,5,subject_specific,documented_152
5,2,sub-05_ses-02_row-0215,1,41,2,svm,16,42,2,5,subject_specific,documented_152
5,2,sub-05_ses-02_row-0220,2,42,2,svm,16,42,2,5,subject_specific,documented_152
5,2,sub-05_ses-02_row-0270,0,52,3,svm,16,42,2,5,subject_specific,documented_152
5,2,sub-05_ses-02_row-0292,0,56,1,svm,16,42,2,5,subject_specific,documented_152
5,2,sub-05_ses-02_row-0322,3,62,3,svm,16,42,2,5,subject_specific,documented_152
5,2,sub-05_ses-02_row-0332,0,64,1,svm,16,42,2,5,subject_specific,documented_152
5,2,sub-05_ses-02_row-0342,2,66,1,svm,16,42,2,5,subject_specific,documented_152
5,2,sub-05_ses-02_row-0349,0,67,1,svm,16,42,2,5,subject_specific,documented_152
5,2,sub-05_ses-02_row-0369,1,71,3,svm,16,42,2,5,subject_specific,documented_152
5,2,sub-05_ses-02_row-0418,0,80,0,svm,16,42,2,5,subject_specific,documented_152
5,2,sub-05_ses-02_row-0428,3,82,2,svm,16,42,2,5,subject_specific,documented_152
5,2,sub-05_ses-02_row-0438,3,84,2,svm,16,42,2,5,subject_specific,documented_152
5,2,sub-05_ses-02_row-0443,3,85,0,svm,16,42,2,5,subject_specific,documented_152
5,2,sub-05_ses-02_row-0448,2,86,2,svm,16,42,2,5,subject_specific,documented_152
5,2,sub-05_ses-02_row-0483,3,93,1,svm,16,42,2,5,subject_specific,documented_152
5,2,sub-05_ses-02_row-0515,3,99,0,svm,16,42,2,5,subject_specific,documented_152
5,2,sub-05_ses-02_row-0530,1,102,1,svm,16,42,2,5,subject_specific,documented_152
5,2,sub-05_ses-02_row-0535,1,103,0,svm,16,42,2,5,subject_specific,documented_152
5,2,sub-05_ses-02_row-0577,0,111,1,svm,16,42,2,5,subject_specific,documented_152
5,3,sub-05_ses-03_row-0230,2,44,3,svm,16,42,2,5,subject_specific,documented_152
5,3,sub-05_ses-03_row-0287,3,55,3,svm,16,42,2,5,subject_specific,documented_152
5,3,sub-05_ses-03_row-0292,0,56,3,svm,16,42,2,5,subject_specific,documented_152
5,3,sub-05_ses-03_row-0334,2,64,3,svm,16,42,2,5,subject_specific,documented_152
5,3,sub-05_ses-03_row-0364,1,70,3,svm,16,42,2,5,subject_specific,documented_152
5,3,sub-05_ses-03_row-0411,0,79,3,svm,16,42,2,5,subject_specific,documented_152
5,3,sub-05_ses-03_row-0445,2,85,1,svm,16,42,2,5,subject_specific,documented_152
5,3,sub-05_ses-03_row-0450,0,86,1,svm,16,42,2,5,subject_specific,documented_152
5,3,sub-05_ses-03_row-0460,3,88,1,svm,16,42,2,5,subject_specific,documented_152
5,3,sub-05_ses-03_row-0467,3,89,3,svm,16,42,2,5,subject_specific,documented_152
5,3,sub-05_ses-03_row-0492,2,94,1,svm,16,42,2,5,subject_specific,documented_152
5,3,sub-05_ses-03_row-0507,2,97,1,svm,16,42,2,5,subject_specific,documented_152
5,3,sub-05_ses-03_row-0529,2,101,0,svm,16,42,2,5,subject_specific,documented_152
5,3,sub-05_ses-03_row-0549,1,105,2,svm,16,42,2,5,subject_specific,documented_152
5,1,sub-05_ses-01_row-0317,3,61,0,svm,16,42,3,5,subject_specific,documented_152
5,1,sub-05_ses-01_row-0332,3,64,1,svm,16,42,3,5,subject_specific,documented_152
5,1,sub-05_ses-01_row-0339,2,65,1,svm,16,42,3,5,subject_specific,documented_152
5,1,sub-05_ses-01_row-0354,1,68,3,svm,16,42,3,5,subject_specific,documented_152
5,1,sub-05_ses-01_row-0374,0,72,1,svm,16,42,3,5,subject_specific,documented_152
5,1,sub-05_ses-01_row-0379,3,73,0,svm,16,42,3,5,subject_specific,documented_152
5,1,sub-05_ses-01_row-0435,2,83,2,svm,16,42,3,5,subject_specific,documented_152
5,1,sub-05_ses-01_row-0470,1,90,3,svm,16,42,3,5,subject_specific,documented_152
5,1,sub-05_ses-01_row-0534,0,102,3,svm,16,42,3,5,subject_specific,documented_152
5,1,sub-05_ses-01_row-0549,0,105,1,svm,16,42,3,5,subject_specific,documented_152
5,1,sub-05_ses-01_row-0616,0,118,2,svm,16,42,3,5,subject_specific,documented_152
5,2,sub-05_ses-02_row-0225,1,43,0,svm,16,42,3,5,subject_specific,documented_152
5,2,sub-05_ses-02_row-0230,2,44,3,svm,16,42,3,5,subject_specific,documented_152
5,2,sub-05_ses-02_row-0235,3,45,1,svm,16,42,3,5,subject_specific,documented_152
5,2,sub-05_ses-02_row-0250,0,48,1,svm,16,42,3,5,subject_specific,documented_152
5,2,sub-05_ses-02_row-0255,1,49,0,svm,16,42,3,5,subject_specific,documented_152
5,2,sub-05_ses-02_row-0275,1,53,0,svm,16,42,3,5,subject_specific,documented_152
5,2,sub-05_ses-02_row-0297,3,57,2,svm,16,42,3,5,subject_specific,documented_152
5,2,sub-05_ses-02_row-0312,2,60,0,svm,16,42,3,5,subject_specific,documented_152
5,2,sub-05_ses-02_row-0337,3,65,3,svm,16,42,3,5,subject_specific,documented_152
5,2,sub-05_ses-02_row-0364,2,70,3,svm,16,42,3,5,subject_specific,documented_152
5,2,sub-05_ses-02_row-0379,0,73,0,svm,16,42,3,5,subject_specific,documented_152
5,2,sub-05_ses-02_row-0394,2,76,0,svm,16,42,3,5,subject_specific,documented_152
5,2,sub-05_ses-02_row-0423,2,81,2,svm,16,42,3,5,subject_specific,documented_152
5,2,sub-05_ses-02_row-0458,2,88,1,svm,16,42,3,5,subject_specific,documented_152
5,2,sub-05_ses-02_row-0520,1,100,0,svm,16,42,3,5,subject_specific,documented_152
5,2,sub-05_ses-02_row-0525,1,101,3,svm,16,42,3,5,subject_specific,documented_152
5,2,sub-05_ses-02_row-0540,0,104,3,svm,16,42,3,5,subject_specific,documented_152
5,2,sub-05_ses-02_row-0545,3,105,1,svm,16,42,3,5,subject_specific,documented_152
5,2,sub-05_ses-02_row-0550,2,106,1,svm,16,42,3,5,subject_specific,documented_152
5,2,sub-05_ses-02_row-0619,2,119,3,svm,16,42,3,5,subject_specific,documented_152
5,3,sub-05_ses-03_row-0267,3,51,3,svm,16,42,3,5,subject_specific,documented_152
5,3,sub-05_ses-03_row-0277,3,53,1,svm,16,42,3,5,subject_specific,documented_152
5,3,sub-05_ses-03_row-0282,0,54,2,svm,16,42,3,5,subject_specific,documented_152
5,3,sub-05_ses-03_row-0302,2,58,1,svm,16,42,3,5,subject_specific,documented_152
5,3,sub-05_ses-03_row-0322,3,62,1,svm,16,42,3,5,subject_specific,documented_152
5,3,sub-05_ses-03_row-0369,1,71,2,svm,16,42,3,5,subject_specific,documented_152
5,3,sub-05_ses-03_row-0396,0,76,2,svm,16,42,3,5,subject_specific,documented_152
5,3,sub-05_ses-03_row-0420,1,80,0,svm,16,42,3,5,subject_specific,documented_152
5,3,sub-05_ses-03_row-0440,1,84,3,svm,16,42,3,5,subject_specific,documented_152
5,3,sub-05_ses-03_row-0455,3,87,3,svm,16,42,3,5,subject_specific,documented_152
5,3,sub-05_ses-03_row-0477,3,91,3,svm,16,42,3,5,subject_specific,documented_152
5,3,sub-05_ses-03_row-0534,1,102,2,svm,16,42,3,5,subject_specific,documented_152
5,3,sub-05_ses-03_row-0539,0,103,3,svm,16,42,3,5,subject_specific,documented_152
5,3,sub-05_ses-03_row-0544,0,104,3,svm,16,42,3,5,subject_specific,documented_152
5,3,sub-05_ses-03_row-0576,2,110,2,svm,16,42,3,5,subject_specific,documented_152
5,3,sub-05_ses-03_row-0606,1,116,0,svm,16,42,3,5,subject_specific,documented_152
5,3,sub-05_ses-03_row-0616,0,118,3,svm,16,42,3,5,subject_specific,documented_152
5,1,sub-05_ses-01_row-0235,2,45,3,svm,16,42,4,5,subject_specific,documented_152
5,1,sub-05_ses-01_row-0240,3,46,3,svm,16,42,4,5,subject_specific,documented_152
5,1,sub-05_ses-01_row-0245,2,47,0,svm,16,42,4,5,subject_specific,documented_152
5,1,sub-05_ses-01_row-0250,3,48,0,svm,16,42,4,5,subject_specific,documented_152
5,1,sub-05_ses-01_row-0270,1,52,3,svm,16,42,4,5,subject_specific,documented_152
5,1,sub-05_ses-01_row-0302,0,58,3,svm,16,42,4,5,subject_specific,documented_152
5,1,sub-05_ses-01_row-0307,3,59,3,svm,16,42,4,5,subject_specific,documented_152
5,1,sub-05_ses-01_row-0344,1,66,1,svm,16,42,4,5,subject_specific,documented_152
5,1,sub-05_ses-01_row-0364,1,70,1,svm,16,42,4,5,subject_specific,documented_152
5,1,sub-05_ses-01_row-0384,1,74,0,svm,16,42,4,5,subject_specific,documented_152
5,1,sub-05_ses-01_row-0425,2,81,1,svm,16,42,4,5,subject_specific,documented_152
5,1,sub-05_ses-01_row-0450,0,86,3,svm,16,42,4,5,subject_specific,documented_152
5,1,sub-05_ses-01_row-0517,0,99,1,svm,16,42,4,5,subject_specific,documented_152
5,1,sub-05_ses-01_row-0544,1,104,3,svm,16,42,4,5,subject_specific,documented_152
5,1,sub-05_ses-01_row-0596,2,114,3,svm,16,42,4,5,subject_specific,documented_152
5,1,sub-05_ses-01_row-0611,1,117,3,svm,16,42,4,5,subject_specific,documented_152
5,2,sub-05_ses-02_row-0210,2,40,1,svm,16,42,4,5,subject_specific,documented_152
5,2,sub-05_ses-02_row-0260,3,50,3,svm,16,42,4,5,subject_specific,documented_152
5,2,sub-05_ses-02_row-0287,3,55,3,svm,16,42,4,5,subject_specific,documented_152
5,2,sub-05_ses-02_row-0317,3,61,0,svm,16,42,4,5,subject_specific,documented_152
5,2,sub-05_ses-02_row-0384,1,74,0,svm,16,42,4,5,subject_specific,documented_152
5,2,sub-05_ses-02_row-0399,3,77,3,svm,16,42,4,5,subject_specific,documented_152
5,2,sub-05_ses-02_row-0463,0,89,3,svm,16,42,4,5,subject_specific,documented_152
5,2,sub-05_ses-02_row-0478,1,92,0,svm,16,42,4,5,subject_specific,documented_152
5,2,sub-05_ses-02_row-0490,3,94,1,svm,16,42,4,5,subject_specific,documented_152
5,2,sub-05_ses-02_row-0495,0,95,1,svm,16,42,4,5,subject_specific,documented_152
5,2,sub-05_ses-02_row-0567,0,109,0,svm,16,42,4,5,subject_specific,documented_152
5,2,sub-05_ses-02_row-0592,2,114,0,svm,16,42,4,5,subject_specific,documented_152
5,2,sub-05_ses-02_row-0602,2,116,1,svm,16,42,4,5,subject_specific,documented_152
5,2,sub-05_ses-02_row-0614,1,118,1,svm,16,42,4,5,subject_specific,documented_152
5,3,sub-05_ses-03_row-0210,2,40,3,svm,16,42,4,5,subject_specific,documented_152
5,3,sub-05_ses-03_row-0240,2,46,3,svm,16,42,4,5,subject_specific,documented_152
5,3,sub-05_ses-03_row-0245,0,47,3,svm,16,42,4,5,subject_specific,documented_152
5,3,sub-05_ses-03_row-0255,2,49,1,svm,16,42,4,5,subject_specific,documented_152
5,3,sub-05_ses-03_row-0329,1,63,3,svm,16,42,4,5,subject_specific,documented_152
5,3,sub-05_ses-03_row-0339,0,65,3,svm,16,42,4,5,subject_specific,documented_152
5,3,sub-05_ses-03_row-0359,0,69,1,svm,16,42,4,5,subject_specific,documented_152
5,3,sub-05_ses-03_row-0376,3,72,3,svm,16,42,4,5,subject_specific,documented_152
5,3,sub-05_ses-03_row-0406,0,78,3,svm,16,42,4,5,subject_specific,documented_152
5,3,sub-05_ses-03_row-0425,3,81,3,svm,16,42,4,5,subject_specific,documented_152
5,3,sub-05_ses-03_row-0430,1,82,3,svm,16,42,4,5,subject_specific,documented_152
5,3,sub-05_ses-03_row-0482,0,92,2,svm,16,42,4,5,subject_specific,documented_152
5,3,sub-05_ses-03_row-0487,3,93,2,svm,16,42,4,5,subject_specific,documented_152
5,3,sub-05_ses-03_row-0524,2,100,2,svm,16,42,4,5,subject_specific,documented_152
5,3,sub-05_ses-03_row-0571,3,109,0,svm,16,42,4,5,subject_specific,documented_152
5,3,sub-05_ses-03_row-0581,1,111,0,svm,16,42,4,5,subject_specific,documented_152
5,3,sub-05_ses-03_row-0596,2,114,2,svm,16,42,4,5,subject_specific,documented_152
5,3,sub-05_ses-03_row-0623,0,119,1,svm,16,42,4,5,subject_specific,documented_152
5,1,sub-05_ses-01_row-0230,0,44,1,svm,16,42,5,5,subject_specific,documented_152
5,1,sub-05_ses-01_row-0265,0,51,3,svm,16,42,5,5,subject_specific,documented_152
5,1,sub-05_ses-01_row-0275,3,53,1,svm,16,42,5,5,subject_specific,documented_152
5,1,sub-05_ses-01_row-0287,2,55,1,svm,16,42,5,5,subject_specific,documented_152
5,1,sub-05_ses-01_row-0292,0,56,1,svm,16,42,5,5,subject_specific,documented_152
5,1,sub-05_ses-01_row-0312,1,60,1,svm,16,42,5,5,subject_specific,documented_152
5,1,sub-05_ses-01_row-0322,0,62,1,svm,16,42,5,5,subject_specific,documented_152
5,1,sub-05_ses-01_row-0359,2,69,1,svm,16,42,5,5,subject_specific,documented_152
5,1,sub-05_ses-01_row-0406,2,78,1,svm,16,42,5,5,subject_specific,documented_152
5,1,sub-05_ses-01_row-0411,3,79,1,svm,16,42,5,5,subject_specific,documented_152
5,1,sub-05_ses-01_row-0430,2,82,1,svm,16,42,5,5,subject_specific,documented_152
5,1,sub-05_ses-01_row-0445,3,85,3,svm,16,42,5,5,subject_specific,documented_152
5,1,sub-05_ses-01_row-0477,0,91,3,svm,16,42,5,5,subject_specific,documented_152
5,1,sub-05_ses-01_row-0482,2,92,3,svm,16,42,5,5,subject_specific,documented_152
5,1,sub-05_ses-01_row-0487,0,93,3,svm,16,42,5,5,subject_specific,documented_152
5,1,sub-05_ses-01_row-0502,1,96,3,svm,16,42,5,5,subject_specific,documented_152
5,1,sub-05_ses-01_row-0522,3,100,1,svm,16,42,5,5,subject_specific,documented_152
5,1,sub-05_ses-01_row-0559,1,107,3,svm,16,42,5,5,subject_specific,documented_152
5,1,sub-05_ses-01_row-0569,3,109,0,svm,16,42,5,5,subject_specific,documented_152
5,1,sub-05_ses-01_row-0574,0,110,3,svm,16,42,5,5,subject_specific,documented_152
5,1,sub-05_ses-01_row-0584,3,112,1,svm,16,42,5,5,subject_specific,documented_152
5,1,sub-05_ses-01_row-0601,1,115,3,svm,16,42,5,5,subject_specific,documented_152
5,2,sub-05_ses-02_row-0240,1,46,3,svm,16,42,5,5,subject_specific,documented_152
5,2,sub-05_ses-02_row-0245,2,47,3,svm,16,42,5,5,subject_specific,documented_152
5,2,sub-05_ses-02_row-0302,1,58,3,svm,16,42,5,5,subject_specific,documented_152
5,2,sub-05_ses-02_row-0307,0,59,0,svm,16,42,5,5,subject_specific,documented_152
5,2,sub-05_ses-02_row-0327,2,63,0,svm,16,42,5,5,subject_specific,documented_152
5,2,sub-05_ses-02_row-0374,0,72,0,svm,16,42,5,5,subject_specific,documented_152
5,2,sub-05_ses-02_row-0404,3,78,1,svm,16,42,5,5,subject_specific,documented_152
5,2,sub-05_ses-02_row-0433,0,83,3,svm,16,42,5,5,subject_specific,documented_152
5,2,sub-05_ses-02_row-0468,1,90,1,svm,16,42,5,5,subject_specific,documented_152
5,2,sub-05_ses-02_row-0500,2,96,1,svm,16,42,5,5,subject_specific,documented_152
5,2,sub-05_ses-02_row-0510,3,98,0,svm,16,42,5,5,subject_specific,documented_152
5,2,sub-05_ses-02_row-0562,3,108,1,svm,16,42,5,5,subject_specific,documented_152
5,2,sub-05_ses-02_row-0582,2,112,2,svm,16,42,5,5,subject_specific,documented_152
5,2,sub-05_ses-02_row-0587,0,113,1,svm,16,42,5,5,subject_specific,documented_152
5,2,sub-05_ses-02_row-0597,3,115,3,svm,16,42,5,5,subject_specific,documented_152
5,2,sub-05_ses-02_row-0607,1,117,0,svm,16,42,5,5,subject_specific,documented_152
5,3,sub-05_ses-03_row-0260,1,50,3,svm,16,42,5,5,subject_specific,documented_152
5,3,sub-05_ses-03_row-0272,0,52,3,svm,16,42,5,5,subject_specific,documented_152
5,3,sub-05_ses-03_row-0312,1,60,2,svm,16,42,5,5,subject_specific,documented_152
5,3,sub-05_ses-03_row-0344,3,66,3,svm,16,42,5,5,subject_specific,documented_152
5,3,sub-05_ses-03_row-0349,2,67,2,svm,16,42,5,5,subject_specific,documented_152
5,3,sub-05_ses-03_row-0435,3,83,3,svm,16,42,5,5,subject_specific,documented_152
5,3,sub-05_ses-03_row-0472,1,90,3,svm,16,42,5,5,subject_specific,documented_152
5,3,sub-05_ses-03_row-0502,2,96,2,svm,16,42,5,5,subject_specific,documented_152
5,3,sub-05_ses-03_row-0566,1,108,2,svm,16,42,5,5,subject_specific,documented_152
5,3,sub-05_ses-03_row-0586,2,112,2,svm,16,42,5,5,subject_specific,documented_152
6,1,sub-06_ses-01_row-0225,2,43,3,svm,128,42,1,5,subject_specific,documented_152
6,1,sub-06_ses-01_row-0272,2,52,2,svm,128,42,1,5,subject_specific,documented_152
6,1,sub-06_ses-01_row-0292,3,56,3,svm,128,42,1,5,subject_specific,documented_152
6,1,sub-06_ses-01_row-0297,3,57,1,svm,128,42,1,5,subject_specific,documented_152
6,1,sub-06_ses-01_row-0302,0,58,3,svm,128,42,1,5,subject_specific,documented_152
6,1,sub-06_ses-01_row-0312,2,60,2,svm,128,42,1,5,subject_specific,documented_152
6,1,sub-06_ses-01_row-0317,1,61,0,svm,128,42,1,5,subject_specific,documented_152
6,1,sub-06_ses-01_row-0332,0,64,1,svm,128,42,1,5,subject_specific,documented_152
6,1,sub-06_ses-01_row-0379,1,73,3,svm,128,42,1,5,subject_specific,documented_152
6,1,sub-06_ses-01_row-0445,2,85,1,svm,128,42,1,5,subject_specific,documented_152
6,1,sub-06_ses-01_row-0470,1,90,3,svm,128,42,1,5,subject_specific,documented_152
6,1,sub-06_ses-01_row-0480,1,92,1,svm,128,42,1,5,subject_specific,documented_152
6,1,sub-06_ses-01_row-0492,1,94,1,svm,128,42,1,5,subject_specific,documented_152
6,1,sub-06_ses-01_row-0532,0,102,0,svm,128,42,1,5,subject_specific,documented_152
6,1,sub-06_ses-01_row-0542,2,104,1,svm,128,42,1,5,subject_specific,documented_152
6,1,sub-06_ses-01_row-0557,3,107,0,svm,128,42,1,5,subject_specific,documented_152
6,1,sub-06_ses-01_row-0589,0,113,1,svm,128,42,1,5,subject_specific,documented_152
6,2,sub-06_ses-02_row-0235,1,45,2,svm,128,42,1,5,subject_specific,documented_152
6,2,sub-06_ses-02_row-0250,0,48,0,svm,128,42,1,5,subject_specific,documented_152
6,2,sub-06_ses-02_row-0267,3,51,1,svm,128,42,1,5,subject_specific,documented_152
6,2,sub-06_ses-02_row-0287,3,55,2,svm,128,42,1,5,subject_specific,documented_152
6,2,sub-06_ses-02_row-0369,1,71,2,svm,128,42,1,5,subject_specific,documented_152
6,2,sub-06_ses-02_row-0455,2,87,1,svm,128,42,1,5,subject_specific,documented_152
6,2,sub-06_ses-02_row-0487,0,93,3,svm,128,42,1,5,subject_specific,documented_152
6,2,sub-06_ses-02_row-0492,3,94,2,svm,128,42,1,5,subject_specific,documented_152
6,2,sub-06_ses-02_row-0527,3,101,0,svm,128,42,1,5,subject_specific,documented_152
6,2,sub-06_ses-02_row-0532,0,102,3,svm,128,42,1,5,subject_specific,documented_152
6,2,sub-06_ses-02_row-0569,2,109,2,svm,128,42,1,5,subject_specific,documented_152
6,2,sub-06_ses-02_row-0574,3,110,1,svm,128,42,1,5,subject_specific,documented_152
6,2,sub-06_ses-02_row-0579,1,111,2,svm,128,42,1,5,subject_specific,documented_152
6,2,sub-06_ses-02_row-0589,1,113,1,svm,128,42,1,5,subject_specific,documented_152
6,3,sub-06_ses-03_row-0155,3,29,2,svm,128,42,1,5,subject_specific,documented_152
6,3,sub-06_ses-03_row-0165,2,31,1,svm,128,42,1,5,subject_specific,documented_152
6,3,sub-06_ses-03_row-0217,1,41,1,svm,128,42,1,5,subject_specific,documented_152
6,3,sub-06_ses-03_row-0249,3,47,0,svm,128,42,1,5,subject_specific,documented_152
6,3,sub-06_ses-03_row-0269,0,51,1,svm,128,42,1,5,subject_specific,documented_152
6,3,sub-06_ses-03_row-0284,0,54,0,svm,128,42,1,5,subject_specific,documented_152
6,3,sub-06_ses-03_row-0289,2,55,1,svm,128,42,1,5,subject_specific,documented_152
6,3,sub-06_ses-03_row-0303,1,57,1,svm,128,42,1,5,subject_specific,documented_152
6,3,sub-06_ses-03_row-0338,0,64,0,svm,128,42,1,5,subject_specific,documented_152
6,3,sub-06_ses-03_row-0365,2,69,2,svm,128,42,1,5,subject_specific,documented_152
6,3,sub-06_ses-03_row-0395,3,75,2,svm,128,42,1,5,subject_specific,documented_152
6,3,sub-06_ses-03_row-0412,0,78,2,svm,128,42,1,5,subject_specific,documented_152
6,3,sub-06_ses-03_row-0422,2,80,1,svm,128,42,1,5,subject_specific,documented_152
6,1,sub-06_ses-01_row-0210,1,40,2,svm,128,42,2,5,subject_specific,documented_152
6,1,sub-06_ses-01_row-0255,3,49,1,svm,128,42,2,5,subject_specific,documented_152
6,1,sub-06_ses-01_row-0260,1,50,2,svm,128,42,2,5,subject_specific,documented_152
6,1,sub-06_ses-01_row-0265,0,51,3,svm,128,42,2,5,subject_specific,documented_152
6,1,sub-06_ses-01_row-0322,3,62,1,svm,128,42,2,5,subject_specific,documented_152
6,1,sub-06_ses-01_row-0359,1,69,3,svm,128,42,2,5,subject_specific,documented_152
6,1,sub-06_ses-01_row-0384,2,74,2,svm,128,42,2,5,subject_specific,documented_152
6,1,sub-06_ses-01_row-0394,3,76,1,svm,128,42,2,5,subject_specific,documented_152
6,1,sub-06_ses-01_row-0430,1,82,0,svm,128,42,2,5,subject_specific,documented_152
6,1,sub-06_ses-01_row-0450,3,86,0,svm,128,42,2,5,subject_specific,documented_152
6,1,sub-06_ses-01_row-0465,2,89,3,svm,128,42,2,5,subject_specific,documented_152
6,1,sub-06_ses-01_row-0497,0,95,1,svm,128,42,2,5,subject_specific,documented_152
6,1,sub-06_ses-01_row-0517,2,99,0,svm,128,42,2,5,subject_specific,documented_152
6,1,sub-06_ses-01_row-0547,3,105,3,svm,128,42,2,5,subject_specific,documented_152
6,1,sub-06_ses-01_row-0552,0,106,1,svm,128,42,2,5,subject_specific,documented_152
6,1,sub-06_ses-01_row-0579,0,111,3,svm,128,42,2,5,subject_specific,documented_152
6,1,sub-06_ses-01_row-0594,0,114,3,svm,128,42,2,5,subject_specific,documented_152
6,2,sub-06_ses-02_row-0210,2,40,1,svm,128,42,2,5,subject_specific,documented_152
6,2,sub-06_ses-02_row-0225,0,43,0,svm,128,42,2,5,subject_specific,documented_152
6,2,sub-06_ses-02_row-0230,1,44,3,svm,128,42,2,5,subject_specific,documented_152
6,2,sub-06_ses-02_row-0240,1,46,1,svm,128,42,2,5,subject_specific,documented_152
6,2,sub-06_ses-02_row-0245,0,47,3,svm,128,42,2,5,subject_specific,documented_152
6,2,sub-06_ses-02_row-0255,2,49,2,svm,128,42,2,5,subject_specific,documented_152
6,2,sub-06_ses-02_row-0282,0,54,2,svm,128,42,2,5,subject_specific,documented_152
6,2,sub-06_ses-02_row-0312,3,60,1,svm,128,42,2,5,subject_specific,documented_152
6,2,sub-06_ses-02_row-0339,1,65,1,svm,128,42,2,5,subject_specific,documented_152
6,2,sub-06_ses-02_row-0359,3,69,3,svm,128,42,2,5,subject_specific,documented_152
6,2,sub-06_ses-02_row-0364,2,70,3,svm,128,42,2,5,subject_specific,documented_152
6,2,sub-06_ses-02_row-0384,2,74,0,svm,128,42,2,5,subject_specific,documented_152
6,2,sub-06_ses-02_row-0435,3,83,0,svm,128,42,2,5,subject_specific,documented_152
6,2,sub-06_ses-02_row-0497,0,95,3,svm,128,42,2,5,subject_specific,documented_152
6,2,sub-06_ses-02_row-0507,2,97,1,svm,128,42,2,5,subject_specific,documented_152
6,2,sub-06_ses-02_row-0559,0,107,0,svm,128,42,2,5,subject_specific,documented_152
6,2,sub-06_ses-02_row-0584,1,112,2,svm,128,42,2,5,subject_specific,documented_152
6,2,sub-06_ses-02_row-0606,3,116,2,svm,128,42,2,5,subject_specific,documented_152
6,3,sub-06_ses-03_row-0212,2,40,0,svm,128,42,2,5,subject_specific,documented_152
6,3,sub-06_ses-03_row-0254,0,48,3,svm,128,42,2,5,subject_specific,documented_152
6,3,sub-06_ses-03_row-0259,2,49,3,svm,128,42,2,5,subject_specific,documented_152
6,3,sub-06_ses-03_row-0264,1,50,2,svm,128,42,2,5,subject_specific,documented_152
6,3,sub-06_ses-03_row-0298,1,56,0,svm,128,42,2,5,subject_specific,documented_152
6,3,sub-06_ses-03_row-0313,3,59,1,svm,128,42,2,5,subject_specific,documented_152
6,3,sub-06_ses-03_row-0328,1,62,0,svm,128,42,2,5,subject_specific,documented_152
6,3,sub-06_ses-03_row-0417,2,79,3,svm,128,42,2,5,subject_specific,documented_152
6,1,sub-06_ses-01_row-0240,0,46,2,svm,128,42,3,5,subject_specific,documented_152
6,1,sub-06_ses-01_row-0245,0,47,2,svm,128,42,3,5,subject_specific,documented_152
6,1,sub-06_ses-01_row-0250,0,48,3,svm,128,42,3,5,subject_specific,documented_152
6,1,sub-06_ses-01_row-0282,2,54,1,svm,128,42,3,5,subject_specific,documented_152
6,1,sub-06_ses-01_row-0337,2,65,1,svm,128,42,3,5,subject_specific,documented_152
6,1,sub-06_ses-01_row-0349,3,67,1,svm,128,42,3,5,subject_specific,documented_152
6,1,sub-06_ses-01_row-0364,2,70,3,svm,128,42,3,5,subject_specific,documented_152
6,1,sub-06_ses-01_row-0406,1,78,0,svm,128,42,3,5,subject_specific,documented_152
6,1,sub-06_ses-01_row-0420,3,80,3,svm,128,42,3,5,subject_specific,documented_152
6,1,sub-06_ses-01_row-0455,3,87,2,svm,128,42,3,5,subject_specific,documented_152
6,1,sub-06_ses-01_row-0475,1,91,0,svm,128,42,3,5,subject_specific,documented_152
6,1,sub-06_ses-01_row-0522,1,100,2,svm,128,42,3,5,subject_specific,documented_152
6,1,sub-06_ses-01_row-0584,0,112,2,svm,128,42,3,5,subject_specific,documented_152
6,1,sub-06_ses-01_row-0609,2,117,3,svm,128,42,3,5,subject_specific,documented_152
6,2,sub-06_ses-02_row-0260,0,50,0,svm,128,42,3,5,subject_specific,documented_152
6,2,sub-06_ses-02_row-0272,1,52,2,svm,128,42,3,5,subject_specific,documented_152
6,2,sub-06_ses-02_row-0277,2,53,1,svm,128,42,3,5,subject_specific,documented_152
6,2,sub-06_ses-02_row-0297,2,57,3,svm,128,42,3,5,subject_specific,documented_152
6,2,sub-06_ses-02_row-0302,2,58,0,svm,128,42,3,5,subject_specific,documented_152
6,2,sub-06_ses-02_row-0329,3,63,3,svm,128,42,3,5,subject_specific,documented_152
6,2,sub-06_ses-02_row-0334,1,64,2,svm,128,42,3,5,subject_specific,documented_152
6,2,sub-06_ses-02_row-0354,3,68,0,svm,128,42,3,5,subject_specific,documented_152
6,2,sub-06_ses-02_row-0396,0,76,3,svm,128,42,3,5,subject_specific,documented_152
6,2,sub-06_ses-02_row-0411,3,79,0,svm,128,42,3,5,subject_specific,documented_152
6,2,sub-06_ses-02_row-0420,1,80,2,svm,128,42,3,5,subject_specific,documented_152
6,2,sub-06_ses-02_row-0440,1,84,2,svm,128,42,3,5,subject_specific,documented_152
6,2,sub-06_ses-02_row-0445,2,85,1,svm,128,42,3,5,subject_specific,documented_152
6,2,sub-06_ses-02_row-0450,3,86,0,svm,128,42,3,5,subject_specific,documented_152
6,2,sub-06_ses-02_row-0502,2,96,1,svm,128,42,3,5,subject_specific,documented_152
6,2,sub-06_ses-02_row-0512,1,98,0,svm,128,42,3,5,subject_specific,documented_152
6,2,sub-06_ses-02_row-0537,2,103,3,svm,128,42,3,5,subject_specific,documented_152
6,2,sub-06_ses-02_row-0554,0,106,2,svm,128,42,3,5,subject_specific,documented_152
6,3,sub-06_ses-03_row-0150,3,28,0,svm,128,42,3,5,subject_specific,documented_152
6,3,sub-06_ses-03_row-0175,0,33,3,svm,128,42,3,5,subject_specific,documented_152
6,3,sub-06_ses-03_row-0185,1,35,2,svm,128,42,3,5,subject_specific,documented_152
6,3,sub-06_ses-03_row-0190,0,36,2,svm,128,42,3,5,subject_specific,documented_152
6,3,sub-06_ses-03_row-0222,1,42,2,svm,128,42,3,5,subject_specific,documented_152
6,3,sub-06_ses-03_row-0227,3,43,2,svm,128,42,3,5,subject_specific,documented_152
6,3,sub-06_ses-03_row-0308,3,58,1,svm,128,42,3,5,subject_specific,documented_152
6,3,sub-06_ses-03_row-0333,1,63,3,svm,128,42,3,5,subject_specific,documented_152
6,3,sub-06_ses-03_row-0353,0,67,2,svm,128,42,3,5,subject_specific,documented_152
6,3,sub-06_ses-03_row-0385,3,73,0,svm,128,42,3,5,subject_specific,documented_152
6,3,sub-06_ses-03_row-0390,2,74,0,svm,128,42,3,5,subject_specific,documented_152
6,1,sub-06_ses-01_row-0215,2,41,0,svm,128,42,4,5,subject_specific,documented_152
6,1,sub-06_ses-01_row-0307,2,59,1,svm,128,42,4,5,subject_specific,documented_152
6,1,sub-06_ses-01_row-0369,0,71,0,svm,128,42,4,5,subject_specific,documented_152
6,1,sub-06_ses-01_row-0389,3,75,2,svm,128,42,4,5,subject_specific,documented_152
6,1,sub-06_ses-01_row-0411,3,79,2,svm,128,42,4,5,subject_specific,documented_152
6,1,sub-06_ses-01_row-0487,1,93,0,svm,128,42,4,5,subject_specific,documented_152
6,1,sub-06_ses-01_row-0502,3,96,1,svm,128,42,4,5,subject_specific,documented_152
6,1,sub-06_ses-01_row-0507,1,97,2,svm,128,42,4,5,subject_specific,documented_152
6,1,sub-06_ses-01_row-0512,3,98,1,svm,128,42,4,5,subject_specific,documented_152
6,1,sub-06_ses-01_row-0537,0,103,0,svm,128,42,4,5,subject_specific,documented_152
6,1,sub-06_ses-01_row-0599,0,115,2,svm,128,42,4,5,subject_specific,documented_152
6,1,sub-06_ses-01_row-0604,1,116,3,svm,128,42,4,5,subject_specific,documented_152
6,1,sub-06_ses-01_row-0621,2,119,3,svm,128,42,4,5,subject_specific,documented_152
6,2,sub-06_ses-02_row-0215,2,41,1,svm,128,42,4,5,subject_specific,documented_152
6,2,sub-06_ses-02_row-0317,1,61,2,svm,128,42,4,5,subject_specific,documented_152
6,2,sub-06_ses-02_row-0401,3,77,2,svm,128,42,4,5,subject_specific,documented_152
6,2,sub-06_ses-02_row-0406,3,78,0,svm,128,42,4,5,subject_specific,documented_152
6,2,sub-06_ses-02_row-0425,2,81,1,svm,128,42,4,5,subject_specific,documented_152
6,2,sub-06_ses-02_row-0430,3,82,3,svm,128,42,4,5,subject_specific,documented_152
6,2,sub-06_ses-02_row-0460,2,88,1,svm,128,42,4,5,subject_specific,documented_152
6,2,sub-06_ses-02_row-0465,3,89,2,svm,128,42,4,5,subject_specific,documented_152
6,2,sub-06_ses-02_row-0470,1,90,2,svm,128,42,4,5,subject_specific,documented_152
6,2,sub-06_ses-02_row-0482,0,92,3,svm,128,42,4,5,subject_specific,documented_152
6,2,sub-06_ses-02_row-0517,3,99,1,svm,128,42,4,5,subject_specific,documented_152
6,2,sub-06_ses-02_row-0564,2,108,1,svm,128,42,4,5,subject_specific,documented_152
6,2,sub-06_ses-02_row-0594,1,114,3,svm,128,42,4,5,subject_specific,documented_152
6,2,sub-06_ses-02_row-0611,1,117,2,svm,128,42,4,5,subject_specific,documented_152
6,2,sub-06_ses-02_row-0616,0,118,0,svm,128,42,4,5,subject_specific,documented_152
6,2,sub-06_ses-02_row-0621,0,119,2,svm,128,42,4,5,subject_specific,documented_152
6,3,sub-06_ses-03_row-0160,1,30,3,svm,128,42,4,5,subject_specific,documented_152
6,3,sub-06_ses-03_row-0170,2,32,2,svm,128,42,4,5,subject_specific,documented_152
6,3,sub-06_ses-03_row-0180,3,34,0,svm,128,42,4,5,subject_specific,documented_152
6,3,sub-06_ses-03_row-0197,2,37,1,svm,128,42,4,5,subject_specific,documented_152
6,3,sub-06_ses-03_row-0202,3,38,0,svm,128,42,4,5,subject_specific,documented_152
6,3,sub-06_ses-03_row-0207,1,39,0,svm,128,42,4,5,subject_specific,documented_152
6,3,sub-06_ses-03_row-0244,0,46,0,svm,128,42,4,5,subject_specific,documented_152
6,3,sub-06_ses-03_row-0279,2,53,0,svm,128,42,4,5,subject_specific,documented_152
6,3,sub-06_ses-03_row-0318,1,60,2,svm,128,42,4,5,subject_specific,documented_152
6,3,sub-06_ses-03_row-0370,0,70,0,svm,128,42,4,5,subject_specific,documented_152
6,3,sub-06_ses-03_row-0380,0,72,2,svm,128,42,4,5,subject_specific,documented_152
6,3,sub-06_ses-03_row-0407,0,77,1,svm,128,42,4,5,subject_specific,documented_152
6,3,sub-06_ses-03_row-0427,1,81,0,svm,128,42,4,5,subject_specific,documented_152
6,3,sub-06_ses-03_row-0437,0,83,2,svm,128,42,4,5,subject_specific,documented_152
6,1,sub-06_ses-01_row-0220,1,42,3,svm,128,42,5,5,subject_specific,documented_152
6,1,sub-06_ses-01_row-0230,1,44,2,svm,128,42,5,5,subject_specific,documented_152
6,1,sub-06_ses-01_row-0235,0,45,1,svm,128,42,5,5,subject_specific,documented_152
6,1,sub-06_ses-01_row-0277,1,53,1,svm,128,42,5,5,subject_specific,documented_152
6,1,sub-06_ses-01_row-0287,0,55,2,svm,128,42,5,5,subject_specific,documented_152
6,1,sub-06_ses-01_row-0327,0,63,1,svm,128,42,5,5,subject_specific,documented_152
6,1,sub-06_ses-01_row-0344,2,66,1,svm,128,42,5,5,subject_specific,documented_152
6,1,sub-06_ses-01_row-0354,3,68,1,svm,128,42,5,5,subject_specific,documented_152
6,1,sub-06_ses-01_row-0374,1,72,3,svm,128,42,5,5,subject_specific,documented_152
6,1,sub-06_ses-01_row-0401,3,77,3,svm,128,42,5,5,subject_specific,documented_152
6,1,sub-06_ses-01_row-0425,2,81,1,svm,128,42,5,5,subject_specific,documented_152
6,1,sub-06_ses-01_row-0435,0,83,2,svm,128,42,5,5,subject_specific,documented_152
6,1,sub-06_ses-01_row-0440,2,84,1,svm,128,42,5,5,subject_specific,documented_152
6,1,sub-06_ses-01_row-0460,3,88,2,svm,128,42,5,5,subject_specific,documented_152
6,1,sub-06_ses-01_row-0527,2,101,1,svm,128,42,5,5,subject_specific,documented_152
6,1,sub-06_ses-01_row-0564,3,108,0,svm,128,42,5,5,subject_specific,documented_152
6,1,sub-06_ses-01_row-0569,3,109,1,svm,128,42,5,5,subject_specific,documented_152
6,1,sub-06_ses-01_row-0574,1,110,1,svm,128,42,5,5,subject_specific,documented_152
6,1,sub-06_ses-01_row-0616,2,118,1,svm,128,42,5,5,subject_specific,documented_152
6,2,sub-06_ses-02_row-0220,1,42,1,svm,128,42,5,5,subject_specific,documented_152
6,2,sub-06_ses-02_row-0292,0,56,3,svm,128,42,5,5,subject_specific,documented_152
6,2,sub-06_ses-02_row-0307,2,59,0,svm,128,42,5,5,subject_specific,documented_152
6,2,sub-06_ses-02_row-0322,0,62,3,svm,128,42,5,5,subject_specific,documented_152
6,2,sub-06_ses-02_row-0344,0,66,2,svm,128,42,5,5,subject_specific,documented_152
6,2,sub-06_ses-02_row-0349,0,67,0,svm,128,42,5,5,subject_specific,documented_152
6,2,sub-06_ses-02_row-0374,1,72,3,svm,128,42,5,5,subject_specific,documented_152
6,2,sub-06_ses-02_row-0379,3,73,1,svm,128,42,5,5,subject_specific,documented_152
6,2,sub-06_ses-02_row-0391,2,75,2,svm,128,42,5,5,subject_specific,documented_152
6,2,sub-06_ses-02_row-0477,0,91,1,svm,128,42,5,5,subject_specific,documented_152
6,2,sub-06_ses-02_row-0522,1,100,1,svm,128,42,5,5,subject_specific,documented_152
6,2,sub-06_ses-02_row-0544,3,104,2,svm,128,42,5,5,subject_specific,documented_152
6,2,sub-06_ses-02_row-0549,0,105,1,svm,128,42,5,5,subject_specific,documented_152
6,2,sub-06_ses-02_row-0601,2,115,2,svm,128,42,5,5,subject_specific,documented_152
6,3,sub-06_ses-03_row-0232,0,44,1,svm,128,42,5,5,subject_specific,documented_152
6,3,sub-06_ses-03_row-0239,3,45,0,svm,128,42,5,5,subject_specific,documented_152
6,3,sub-06_ses-03_row-0274,1,52,0,svm,128,42,5,5,subject_specific,documented_152
6,3,sub-06_ses-03_row-0323,3,61,1,svm,128,42,5,5,subject_specific,documented_152
6,3,sub-06_ses-03_row-0343,3,65,1,svm,128,42,5,5,subject_specific,documented_152
6,3,sub-06_ses-03_row-0348,3,66,1,svm,128,42,5,5,subject_specific,documented_152
6,3,sub-06_ses-03_row-0360,2,68,2,svm,128,42,5,5,subject_specific,documented_152
6,3,sub-06_ses-03_row-0375,2,71,1,svm,128,42,5,5,subject_specific,documented_152
6,3,sub-06_ses-03_row-0402,1,76,0,svm,128,42,5,5,subject_specific,documented_152
6,3,sub-06_ses-03_row-0432,2,82,3,svm,128,42,5,5,subject_specific,documented_152
6,1,sub-06_ses-01_row-0225,2,43,3,svm,64,42,1,5,subject_specific,documented_152
6,1,sub-06_ses-01_row-0272,2,52,1,svm,64,42,1,5,subject_specific,documented_152
6,1,sub-06_ses-01_row-0292,3,56,3,svm,64,42,1,5,subject_specific,documented_152
6,1,sub-06_ses-01_row-0297,3,57,1,svm,64,42,1,5,subject_specific,documented_152
6,1,sub-06_ses-01_row-0302,0,58,0,svm,64,42,1,5,subject_specific,documented_152
6,1,sub-06_ses-01_row-0312,2,60,2,svm,64,42,1,5,subject_specific,documented_152
6,1,sub-06_ses-01_row-0317,1,61,3,svm,64,42,1,5,subject_specific,documented_152
6,1,sub-06_ses-01_row-0332,0,64,1,svm,64,42,1,5,subject_specific,documented_152
6,1,sub-06_ses-01_row-0379,1,73,1,svm,64,42,1,5,subject_specific,documented_152
6,1,sub-06_ses-01_row-0445,2,85,1,svm,64,42,1,5,subject_specific,documented_152
6,1,sub-06_ses-01_row-0470,1,90,3,svm,64,42,1,5,subject_specific,documented_152
6,1,sub-06_ses-01_row-0480,1,92,1,svm,64,42,1,5,subject_specific,documented_152
6,1,sub-06_ses-01_row-0492,1,94,1,svm,64,42,1,5,subject_specific,documented_152
6,1,sub-06_ses-01_row-0532,0,102,0,svm,64,42,1,5,subject_specific,documented_152
6,1,sub-06_ses-01_row-0542,2,104,1,svm,64,42,1,5,subject_specific,documented_152
6,1,sub-06_ses-01_row-0557,3,107,0,svm,64,42,1,5,subject_specific,documented_152
6,1,sub-06_ses-01_row-0589,0,113,1,svm,64,42,1,5,subject_specific,documented_152
6,2,sub-06_ses-02_row-0235,1,45,2,svm,64,42,1,5,subject_specific,documented_152
6,2,sub-06_ses-02_row-0250,0,48,0,svm,64,42,1,5,subject_specific,documented_152
6,2,sub-06_ses-02_row-0267,3,51,1,svm,64,42,1,5,subject_specific,documented_152
6,2,sub-06_ses-02_row-0287,3,55,2,svm,64,42,1,5,subject_specific,documented_152
6,2,sub-06_ses-02_row-0369,1,71,0,svm,64,42,1,5,subject_specific,documented_152
6,2,sub-06_ses-02_row-0455,2,87,1,svm,64,42,1,5,subject_specific,documented_152
6,2,sub-06_ses-02_row-0487,0,93,3,svm,64,42,1,5,subject_specific,documented_152
6,2,sub-06_ses-02_row-0492,3,94,2,svm,64,42,1,5,subject_specific,documented_152
6,2,sub-06_ses-02_row-0527,3,101,1,svm,64,42,1,5,subject_specific,documented_152
6,2,sub-06_ses-02_row-0532,0,102,3,svm,64,42,1,5,subject_specific,documented_152
6,2,sub-06_ses-02_row-0569,2,109,2,svm,64,42,1,5,subject_specific,documented_152
6,2,sub-06_ses-02_row-0574,3,110,1,svm,64,42,1,5,subject_specific,documented_152
6,2,sub-06_ses-02_row-0579,1,111,2,svm,64,42,1,5,subject_specific,documented_152
6,2,sub-06_ses-02_row-0589,1,113,2,svm,64,42,1,5,subject_specific,documented_152
6,3,sub-06_ses-03_row-0155,3,29,2,svm,64,42,1,5,subject_specific,documented_152
6,3,sub-06_ses-03_row-0165,2,31,1,svm,64,42,1,5,subject_specific,documented_152
6,3,sub-06_ses-03_row-0217,1,41,1,svm,64,42,1,5,subject_specific,documented_152
6,3,sub-06_ses-03_row-0249,3,47,0,svm,64,42,1,5,subject_specific,documented_152
6,3,sub-06_ses-03_row-0269,0,51,0,svm,64,42,1,5,subject_specific,documented_152
6,3,sub-06_ses-03_row-0284,0,54,0,svm,64,42,1,5,subject_specific,documented_152
6,3,sub-06_ses-03_row-0289,2,55,1,svm,64,42,1,5,subject_specific,documented_152
6,3,sub-06_ses-03_row-0303,1,57,1,svm,64,42,1,5,subject_specific,documented_152
6,3,sub-06_ses-03_row-0338,0,64,0,svm,64,42,1,5,subject_specific,documented_152
6,3,sub-06_ses-03_row-0365,2,69,2,svm,64,42,1,5,subject_specific,documented_152
6,3,sub-06_ses-03_row-0395,3,75,3,svm,64,42,1,5,subject_specific,documented_152
6,3,sub-06_ses-03_row-0412,0,78,0,svm,64,42,1,5,subject_specific,documented_152
6,3,sub-06_ses-03_row-0422,2,80,1,svm,64,42,1,5,subject_specific,documented_152
6,1,sub-06_ses-01_row-0210,1,40,1,svm,64,42,2,5,subject_specific,documented_152
6,1,sub-06_ses-01_row-0255,3,49,1,svm,64,42,2,5,subject_specific,documented_152
6,1,sub-06_ses-01_row-0260,1,50,2,svm,64,42,2,5,subject_specific,documented_152
6,1,sub-06_ses-01_row-0265,0,51,1,svm,64,42,2,5,subject_specific,documented_152
6,1,sub-06_ses-01_row-0322,3,62,1,svm,64,42,2,5,subject_specific,documented_152
6,1,sub-06_ses-01_row-0359,1,69,3,svm,64,42,2,5,subject_specific,documented_152
6,1,sub-06_ses-01_row-0384,2,74,1,svm,64,42,2,5,subject_specific,documented_152
6,1,sub-06_ses-01_row-0394,3,76,1,svm,64,42,2,5,subject_specific,documented_152
6,1,sub-06_ses-01_row-0430,1,82,0,svm,64,42,2,5,subject_specific,documented_152
6,1,sub-06_ses-01_row-0450,3,86,0,svm,64,42,2,5,subject_specific,documented_152
6,1,sub-06_ses-01_row-0465,2,89,1,svm,64,42,2,5,subject_specific,documented_152
6,1,sub-06_ses-01_row-0497,0,95,3,svm,64,42,2,5,subject_specific,documented_152
6,1,sub-06_ses-01_row-0517,2,99,0,svm,64,42,2,5,subject_specific,documented_152
6,1,sub-06_ses-01_row-0547,3,105,1,svm,64,42,2,5,subject_specific,documented_152
6,1,sub-06_ses-01_row-0552,0,106,3,svm,64,42,2,5,subject_specific,documented_152
6,1,sub-06_ses-01_row-0579,0,111,3,svm,64,42,2,5,subject_specific,documented_152
6,1,sub-06_ses-01_row-0594,0,114,0,svm,64,42,2,5,subject_specific,documented_152
6,2,sub-06_ses-02_row-0210,2,40,2,svm,64,42,2,5,subject_specific,documented_152
6,2,sub-06_ses-02_row-0225,0,43,0,svm,64,42,2,5,subject_specific,documented_152
6,2,sub-06_ses-02_row-0230,1,44,2,svm,64,42,2,5,subject_specific,documented_152
6,2,sub-06_ses-02_row-0240,1,46,1,svm,64,42,2,5,subject_specific,documented_152
6,2,sub-06_ses-02_row-0245,0,47,0,svm,64,42,2,5,subject_specific,documented_152
6,2,sub-06_ses-02_row-0255,2,49,2,svm,64,42,2,5,subject_specific,documented_152
6,2,sub-06_ses-02_row-0282,0,54,1,svm,64,42,2,5,subject_specific,documented_152
6,2,sub-06_ses-02_row-0312,3,60,1,svm,64,42,2,5,subject_specific,documented_152
6,2,sub-06_ses-02_row-0339,1,65,1,svm,64,42,2,5,subject_specific,documented_152
6,2,sub-06_ses-02_row-0359,3,69,0,svm,64,42,2,5,subject_specific,documented_152
6,2,sub-06_ses-02_row-0364,2,70,3,svm,64,42,2,5,subject_specific,documented_152
6,2,sub-06_ses-02_row-0384,2,74,3,svm,64,42,2,5,subject_specific,documented_152
6,2,sub-06_ses-02_row-0435,3,83,0,svm,64,42,2,5,subject_specific,documented_152
6,2,sub-06_ses-02_row-0497,0,95,3,svm,64,42,2,5,subject_specific,documented_152
6,2,sub-06_ses-02_row-0507,2,97,0,svm,64,42,2,5,subject_specific,documented_152
6,2,sub-06_ses-02_row-0559,0,107,0,svm,64,42,2,5,subject_specific,documented_152
6,2,sub-06_ses-02_row-0584,1,112,0,svm,64,42,2,5,subject_specific,documented_152
6,2,sub-06_ses-02_row-0606,3,116,3,svm,64,42,2,5,subject_specific,documented_152
6,3,sub-06_ses-03_row-0212,2,40,0,svm,64,42,2,5,subject_specific,documented_152
6,3,sub-06_ses-03_row-0254,0,48,3,svm,64,42,2,5,subject_specific,documented_152
6,3,sub-06_ses-03_row-0259,2,49,3,svm,64,42,2,5,subject_specific,documented_152
6,3,sub-06_ses-03_row-0264,1,50,0,svm,64,42,2,5,subject_specific,documented_152
6,3,sub-06_ses-03_row-0298,1,56,0,svm,64,42,2,5,subject_specific,documented_152
6,3,sub-06_ses-03_row-0313,3,59,0,svm,64,42,2,5,subject_specific,documented_152
6,3,sub-06_ses-03_row-0328,1,62,0,svm,64,42,2,5,subject_specific,documented_152
6,3,sub-06_ses-03_row-0417,2,79,3,svm,64,42,2,5,subject_specific,documented_152
6,1,sub-06_ses-01_row-0240,0,46,2,svm,64,42,3,5,subject_specific,documented_152
6,1,sub-06_ses-01_row-0245,0,47,1,svm,64,42,3,5,subject_specific,documented_152
6,1,sub-06_ses-01_row-0250,0,48,1,svm,64,42,3,5,subject_specific,documented_152
6,1,sub-06_ses-01_row-0282,2,54,1,svm,64,42,3,5,subject_specific,documented_152
6,1,sub-06_ses-01_row-0337,2,65,1,svm,64,42,3,5,subject_specific,documented_152
6,1,sub-06_ses-01_row-0349,3,67,1,svm,64,42,3,5,subject_specific,documented_152
6,1,sub-06_ses-01_row-0364,2,70,1,svm,64,42,3,5,subject_specific,documented_152
6,1,sub-06_ses-01_row-0406,1,78,0,svm,64,42,3,5,subject_specific,documented_152
6,1,sub-06_ses-01_row-0420,3,80,3,svm,64,42,3,5,subject_specific,documented_152
6,1,sub-06_ses-01_row-0455,3,87,2,svm,64,42,3,5,subject_specific,documented_152
6,1,sub-06_ses-01_row-0475,1,91,0,svm,64,42,3,5,subject_specific,documented_152
6,1,sub-06_ses-01_row-0522,1,100,1,svm,64,42,3,5,subject_specific,documented_152
6,1,sub-06_ses-01_row-0584,0,112,2,svm,64,42,3,5,subject_specific,documented_152
6,1,sub-06_ses-01_row-0609,2,117,0,svm,64,42,3,5,subject_specific,documented_152
6,2,sub-06_ses-02_row-0260,0,50,0,svm,64,42,3,5,subject_specific,documented_152
6,2,sub-06_ses-02_row-0272,1,52,2,svm,64,42,3,5,subject_specific,documented_152
6,2,sub-06_ses-02_row-0277,2,53,1,svm,64,42,3,5,subject_specific,documented_152
6,2,sub-06_ses-02_row-0297,2,57,3,svm,64,42,3,5,subject_specific,documented_152
6,2,sub-06_ses-02_row-0302,2,58,0,svm,64,42,3,5,subject_specific,documented_152
6,2,sub-06_ses-02_row-0329,3,63,0,svm,64,42,3,5,subject_specific,documented_152
6,2,sub-06_ses-02_row-0334,1,64,2,svm,64,42,3,5,subject_specific,documented_152
6,2,sub-06_ses-02_row-0354,3,68,0,svm,64,42,3,5,subject_specific,documented_152
6,2,sub-06_ses-02_row-0396,0,76,3,svm,64,42,3,5,subject_specific,documented_152
6,2,sub-06_ses-02_row-0411,3,79,0,svm,64,42,3,5,subject_specific,documented_152
6,2,sub-06_ses-02_row-0420,1,80,2,svm,64,42,3,5,subject_specific,documented_152
6,2,sub-06_ses-02_row-0440,1,84,2,svm,64,42,3,5,subject_specific,documented_152
6,2,sub-06_ses-02_row-0445,2,85,1,svm,64,42,3,5,subject_specific,documented_152
6,2,sub-06_ses-02_row-0450,3,86,0,svm,64,42,3,5,subject_specific,documented_152
6,2,sub-06_ses-02_row-0502,2,96,2,svm,64,42,3,5,subject_specific,documented_152
6,2,sub-06_ses-02_row-0512,1,98,0,svm,64,42,3,5,subject_specific,documented_152
6,2,sub-06_ses-02_row-0537,2,103,0,svm,64,42,3,5,subject_specific,documented_152
6,2,sub-06_ses-02_row-0554,0,106,2,svm,64,42,3,5,subject_specific,documented_152
6,3,sub-06_ses-03_row-0150,3,28,0,svm,64,42,3,5,subject_specific,documented_152
6,3,sub-06_ses-03_row-0175,0,33,3,svm,64,42,3,5,subject_specific,documented_152
6,3,sub-06_ses-03_row-0185,1,35,2,svm,64,42,3,5,subject_specific,documented_152
6,3,sub-06_ses-03_row-0190,0,36,2,svm,64,42,3,5,subject_specific,documented_152
6,3,sub-06_ses-03_row-0222,1,42,2,svm,64,42,3,5,subject_specific,documented_152
6,3,sub-06_ses-03_row-0227,3,43,2,svm,64,42,3,5,subject_specific,documented_152
6,3,sub-06_ses-03_row-0308,3,58,1,svm,64,42,3,5,subject_specific,documented_152
6,3,sub-06_ses-03_row-0333,1,63,2,svm,64,42,3,5,subject_specific,documented_152
6,3,sub-06_ses-03_row-0353,0,67,2,svm,64,42,3,5,subject_specific,documented_152
6,3,sub-06_ses-03_row-0385,3,73,0,svm,64,42,3,5,subject_specific,documented_152
6,3,sub-06_ses-03_row-0390,2,74,0,svm,64,42,3,5,subject_specific,documented_152
6,1,sub-06_ses-01_row-0215,2,41,0,svm,64,42,4,5,subject_specific,documented_152
6,1,sub-06_ses-01_row-0307,2,59,1,svm,64,42,4,5,subject_specific,documented_152
6,1,sub-06_ses-01_row-0369,0,71,0,svm,64,42,4,5,subject_specific,documented_152
6,1,sub-06_ses-01_row-0389,3,75,2,svm,64,42,4,5,subject_specific,documented_152
6,1,sub-06_ses-01_row-0411,3,79,2,svm,64,42,4,5,subject_specific,documented_152
6,1,sub-06_ses-01_row-0487,1,93,1,svm,64,42,4,5,subject_specific,documented_152
6,1,sub-06_ses-01_row-0502,3,96,3,svm,64,42,4,5,subject_specific,documented_152
6,1,sub-06_ses-01_row-0507,1,97,2,svm,64,42,4,5,subject_specific,documented_152
6,1,sub-06_ses-01_row-0512,3,98,2,svm,64,42,4,5,subject_specific,documented_152
6,1,sub-06_ses-01_row-0537,0,103,0,svm,64,42,4,5,subject_specific,documented_152
6,1,sub-06_ses-01_row-0599,0,115,2,svm,64,42,4,5,subject_specific,documented_152
6,1,sub-06_ses-01_row-0604,1,116,3,svm,64,42,4,5,subject_specific,documented_152
6,1,sub-06_ses-01_row-0621,2,119,2,svm,64,42,4,5,subject_specific,documented_152
6,2,sub-06_ses-02_row-0215,2,41,1,svm,64,42,4,5,subject_specific,documented_152
6,2,sub-06_ses-02_row-0317,1,61,2,svm,64,42,4,5,subject_specific,documented_152
6,2,sub-06_ses-02_row-0401,3,77,2,svm,64,42,4,5,subject_specific,documented_152
6,2,sub-06_ses-02_row-0406,3,78,0,svm,64,42,4,5,subject_specific,documented_152
6,2,sub-06_ses-02_row-0425,2,81,1,svm,64,42,4,5,subject_specific,documented_152
6,2,sub-06_ses-02_row-0430,3,82,3,svm,64,42,4,5,subject_specific,documented_152
6,2,sub-06_ses-02_row-0460,2,88,1,svm,64,42,4,5,subject_specific,documented_152
6,2,sub-06_ses-02_row-0465,3,89,2,svm,64,42,4,5,subject_specific,documented_152
6,2,sub-06_ses-02_row-0470,1,90,2,svm,64,42,4,5,subject_specific,documented_152
6,2,sub-06_ses-02_row-0482,0,92,0,svm,64,42,4,5,subject_specific,documented_152
6,2,sub-06_ses-02_row-0517,3,99,1,svm,64,42,4,5,subject_specific,documented_152
6,2,sub-06_ses-02_row-0564,2,108,1,svm,64,42,4,5,subject_specific,documented_152
6,2,sub-06_ses-02_row-0594,1,114,3,svm,64,42,4,5,subject_specific,documented_152
6,2,sub-06_ses-02_row-0611,1,117,2,svm,64,42,4,5,subject_specific,documented_152
6,2,sub-06_ses-02_row-0616,0,118,2,svm,64,42,4,5,subject_specific,documented_152
6,2,sub-06_ses-02_row-0621,0,119,3,svm,64,42,4,5,subject_specific,documented_152
6,3,sub-06_ses-03_row-0160,1,30,3,svm,64,42,4,5,subject_specific,documented_152
6,3,sub-06_ses-03_row-0170,2,32,2,svm,64,42,4,5,subject_specific,documented_152
6,3,sub-06_ses-03_row-0180,3,34,1,svm,64,42,4,5,subject_specific,documented_152
6,3,sub-06_ses-03_row-0197,2,37,1,svm,64,42,4,5,subject_specific,documented_152
6,3,sub-06_ses-03_row-0202,3,38,0,svm,64,42,4,5,subject_specific,documented_152
6,3,sub-06_ses-03_row-0207,1,39,0,svm,64,42,4,5,subject_specific,documented_152
6,3,sub-06_ses-03_row-0244,0,46,0,svm,64,42,4,5,subject_specific,documented_152
6,3,sub-06_ses-03_row-0279,2,53,0,svm,64,42,4,5,subject_specific,documented_152
6,3,sub-06_ses-03_row-0318,1,60,3,svm,64,42,4,5,subject_specific,documented_152
6,3,sub-06_ses-03_row-0370,0,70,0,svm,64,42,4,5,subject_specific,documented_152
6,3,sub-06_ses-03_row-0380,0,72,2,svm,64,42,4,5,subject_specific,documented_152
6,3,sub-06_ses-03_row-0407,0,77,2,svm,64,42,4,5,subject_specific,documented_152
6,3,sub-06_ses-03_row-0427,1,81,2,svm,64,42,4,5,subject_specific,documented_152
6,3,sub-06_ses-03_row-0437,0,83,2,svm,64,42,4,5,subject_specific,documented_152
6,1,sub-06_ses-01_row-0220,1,42,3,svm,64,42,5,5,subject_specific,documented_152
6,1,sub-06_ses-01_row-0230,1,44,2,svm,64,42,5,5,subject_specific,documented_152
6,1,sub-06_ses-01_row-0235,0,45,2,svm,64,42,5,5,subject_specific,documented_152
6,1,sub-06_ses-01_row-0277,1,53,1,svm,64,42,5,5,subject_specific,documented_152
6,1,sub-06_ses-01_row-0287,0,55,2,svm,64,42,5,5,subject_specific,documented_152
6,1,sub-06_ses-01_row-0327,0,63,1,svm,64,42,5,5,subject_specific,documented_152
6,1,sub-06_ses-01_row-0344,2,66,1,svm,64,42,5,5,subject_specific,documented_152
6,1,sub-06_ses-01_row-0354,3,68,1,svm,64,42,5,5,subject_specific,documented_152
6,1,sub-06_ses-01_row-0374,1,72,1,svm,64,42,5,5,subject_specific,documented_152
6,1,sub-06_ses-01_row-0401,3,77,3,svm,64,42,5,5,subject_specific,documented_152
6,1,sub-06_ses-01_row-0425,2,81,1,svm,64,42,5,5,subject_specific,documented_152
6,1,sub-06_ses-01_row-0435,0,83,2,svm,64,42,5,5,subject_specific,documented_152
6,1,sub-06_ses-01_row-0440,2,84,1,svm,64,42,5,5,subject_specific,documented_152
6,1,sub-06_ses-01_row-0460,3,88,2,svm,64,42,5,5,subject_specific,documented_152
6,1,sub-06_ses-01_row-0527,2,101,1,svm,64,42,5,5,subject_specific,documented_152
6,1,sub-06_ses-01_row-0564,3,108,0,svm,64,42,5,5,subject_specific,documented_152
6,1,sub-06_ses-01_row-0569,3,109,1,svm,64,42,5,5,subject_specific,documented_152
6,1,sub-06_ses-01_row-0574,1,110,0,svm,64,42,5,5,subject_specific,documented_152
6,1,sub-06_ses-01_row-0616,2,118,1,svm,64,42,5,5,subject_specific,documented_152
6,2,sub-06_ses-02_row-0220,1,42,1,svm,64,42,5,5,subject_specific,documented_152
6,2,sub-06_ses-02_row-0292,0,56,2,svm,64,42,5,5,subject_specific,documented_152
6,2,sub-06_ses-02_row-0307,2,59,2,svm,64,42,5,5,subject_specific,documented_152
6,2,sub-06_ses-02_row-0322,0,62,2,svm,64,42,5,5,subject_specific,documented_152
6,2,sub-06_ses-02_row-0344,0,66,0,svm,64,42,5,5,subject_specific,documented_152
6,2,sub-06_ses-02_row-0349,0,67,1,svm,64,42,5,5,subject_specific,documented_152
6,2,sub-06_ses-02_row-0374,1,72,3,svm,64,42,5,5,subject_specific,documented_152
6,2,sub-06_ses-02_row-0379,3,73,1,svm,64,42,5,5,subject_specific,documented_152
6,2,sub-06_ses-02_row-0391,2,75,1,svm,64,42,5,5,subject_specific,documented_152
6,2,sub-06_ses-02_row-0477,0,91,3,svm,64,42,5,5,subject_specific,documented_152
6,2,sub-06_ses-02_row-0522,1,100,1,svm,64,42,5,5,subject_specific,documented_152
6,2,sub-06_ses-02_row-0544,3,104,2,svm,64,42,5,5,subject_specific,documented_152
6,2,sub-06_ses-02_row-0549,0,105,1,svm,64,42,5,5,subject_specific,documented_152
6,2,sub-06_ses-02_row-0601,2,115,1,svm,64,42,5,5,subject_specific,documented_152
6,3,sub-06_ses-03_row-0232,0,44,0,svm,64,42,5,5,subject_specific,documented_152
6,3,sub-06_ses-03_row-0239,3,45,0,svm,64,42,5,5,subject_specific,documented_152
6,3,sub-06_ses-03_row-0274,1,52,0,svm,64,42,5,5,subject_specific,documented_152
6,3,sub-06_ses-03_row-0323,3,61,0,svm,64,42,5,5,subject_specific,documented_152
6,3,sub-06_ses-03_row-0343,3,65,1,svm,64,42,5,5,subject_specific,documented_152
6,3,sub-06_ses-03_row-0348,3,66,1,svm,64,42,5,5,subject_specific,documented_152
6,3,sub-06_ses-03_row-0360,2,68,1,svm,64,42,5,5,subject_specific,documented_152
6,3,sub-06_ses-03_row-0375,2,71,1,svm,64,42,5,5,subject_specific,documented_152
6,3,sub-06_ses-03_row-0402,1,76,0,svm,64,42,5,5,subject_specific,documented_152
6,3,sub-06_ses-03_row-0432,2,82,2,svm,64,42,5,5,subject_specific,documented_152
6,1,sub-06_ses-01_row-0225,2,43,3,svm,32,42,1,5,subject_specific,documented_152
6,1,sub-06_ses-01_row-0272,2,52,1,svm,32,42,1,5,subject_specific,documented_152
6,1,sub-06_ses-01_row-0292,3,56,3,svm,32,42,1,5,subject_specific,documented_152
6,1,sub-06_ses-01_row-0297,3,57,1,svm,32,42,1,5,subject_specific,documented_152
6,1,sub-06_ses-01_row-0302,0,58,3,svm,32,42,1,5,subject_specific,documented_152
6,1,sub-06_ses-01_row-0312,2,60,2,svm,32,42,1,5,subject_specific,documented_152
6,1,sub-06_ses-01_row-0317,1,61,3,svm,32,42,1,5,subject_specific,documented_152
6,1,sub-06_ses-01_row-0332,0,64,1,svm,32,42,1,5,subject_specific,documented_152
6,1,sub-06_ses-01_row-0379,1,73,1,svm,32,42,1,5,subject_specific,documented_152
6,1,sub-06_ses-01_row-0445,2,85,1,svm,32,42,1,5,subject_specific,documented_152
6,1,sub-06_ses-01_row-0470,1,90,3,svm,32,42,1,5,subject_specific,documented_152
6,1,sub-06_ses-01_row-0480,1,92,1,svm,32,42,1,5,subject_specific,documented_152
6,1,sub-06_ses-01_row-0492,1,94,3,svm,32,42,1,5,subject_specific,documented_152
6,1,sub-06_ses-01_row-0532,0,102,3,svm,32,42,1,5,subject_specific,documented_152
6,1,sub-06_ses-01_row-0542,2,104,1,svm,32,42,1,5,subject_specific,documented_152
6,1,sub-06_ses-01_row-0557,3,107,0,svm,32,42,1,5,subject_specific,documented_152
6,1,sub-06_ses-01_row-0589,0,113,1,svm,32,42,1,5,subject_specific,documented_152
6,2,sub-06_ses-02_row-0235,1,45,2,svm,32,42,1,5,subject_specific,documented_152
6,2,sub-06_ses-02_row-0250,0,48,0,svm,32,42,1,5,subject_specific,documented_152
6,2,sub-06_ses-02_row-0267,3,51,1,svm,32,42,1,5,subject_specific,documented_152
6,2,sub-06_ses-02_row-0287,3,55,2,svm,32,42,1,5,subject_specific,documented_152
6,2,sub-06_ses-02_row-0369,1,71,0,svm,32,42,1,5,subject_specific,documented_152
6,2,sub-06_ses-02_row-0455,2,87,1,svm,32,42,1,5,subject_specific,documented_152
6,2,sub-06_ses-02_row-0487,0,93,1,svm,32,42,1,5,subject_specific,documented_152
6,2,sub-06_ses-02_row-0492,3,94,2,svm,32,42,1,5,subject_specific,documented_152
6,2,sub-06_ses-02_row-0527,3,101,1,svm,32,42,1,5,subject_specific,documented_152
6,2,sub-06_ses-02_row-0532,0,102,0,svm,32,42,1,5,subject_specific,documented_152
6,2,sub-06_ses-02_row-0569,2,109,2,svm,32,42,1,5,subject_specific,documented_152
6,2,sub-06_ses-02_row-0574,3,110,1,svm,32,42,1,5,subject_specific,documented_152
6,2,sub-06_ses-02_row-0579,1,111,2,svm,32,42,1,5,subject_specific,documented_152
6,2,sub-06_ses-02_row-0589,1,113,3,svm,32,42,1,5,subject_specific,documented_152
6,3,sub-06_ses-03_row-0155,3,29,2,svm,32,42,1,5,subject_specific,documented_152
6,3,sub-06_ses-03_row-0165,2,31,1,svm,32,42,1,5,subject_specific,documented_152
6,3,sub-06_ses-03_row-0217,1,41,2,svm,32,42,1,5,subject_specific,documented_152
6,3,sub-06_ses-03_row-0249,3,47,0,svm,32,42,1,5,subject_specific,documented_152
6,3,sub-06_ses-03_row-0269,0,51,0,svm,32,42,1,5,subject_specific,documented_152
6,3,sub-06_ses-03_row-0284,0,54,0,svm,32,42,1,5,subject_specific,documented_152
6,3,sub-06_ses-03_row-0289,2,55,0,svm,32,42,1,5,subject_specific,documented_152
6,3,sub-06_ses-03_row-0303,1,57,1,svm,32,42,1,5,subject_specific,documented_152
6,3,sub-06_ses-03_row-0338,0,64,3,svm,32,42,1,5,subject_specific,documented_152
6,3,sub-06_ses-03_row-0365,2,69,2,svm,32,42,1,5,subject_specific,documented_152
6,3,sub-06_ses-03_row-0395,3,75,0,svm,32,42,1,5,subject_specific,documented_152
6,3,sub-06_ses-03_row-0412,0,78,0,svm,32,42,1,5,subject_specific,documented_152
6,3,sub-06_ses-03_row-0422,2,80,0,svm,32,42,1,5,subject_specific,documented_152
6,1,sub-06_ses-01_row-0210,1,40,1,svm,32,42,2,5,subject_specific,documented_152
6,1,sub-06_ses-01_row-0255,3,49,1,svm,32,42,2,5,subject_specific,documented_152
6,1,sub-06_ses-01_row-0260,1,50,2,svm,32,42,2,5,subject_specific,documented_152
6,1,sub-06_ses-01_row-0265,0,51,1,svm,32,42,2,5,subject_specific,documented_152
6,1,sub-06_ses-01_row-0322,3,62,1,svm,32,42,2,5,subject_specific,documented_152
6,1,sub-06_ses-01_row-0359,1,69,2,svm,32,42,2,5,subject_specific,documented_152
6,1,sub-06_ses-01_row-0384,2,74,2,svm,32,42,2,5,subject_specific,documented_152
6,1,sub-06_ses-01_row-0394,3,76,1,svm,32,42,2,5,subject_specific,documented_152
6,1,sub-06_ses-01_row-0430,1,82,0,svm,32,42,2,5,subject_specific,documented_152
6,1,sub-06_ses-01_row-0450,3,86,0,svm,32,42,2,5,subject_specific,documented_152
6,1,sub-06_ses-01_row-0465,2,89,1,svm,32,42,2,5,subject_specific,documented_152
6,1,sub-06_ses-01_row-0497,0,95,1,svm,32,42,2,5,subject_specific,documented_152
6,1,sub-06_ses-01_row-0517,2,99,1,svm,32,42,2,5,subject_specific,documented_152
6,1,sub-06_ses-01_row-0547,3,105,2,svm,32,42,2,5,subject_specific,documented_152
6,1,sub-06_ses-01_row-0552,0,106,1,svm,32,42,2,5,subject_specific,documented_152
6,1,sub-06_ses-01_row-0579,0,111,1,svm,32,42,2,5,subject_specific,documented_152
6,1,sub-06_ses-01_row-0594,0,114,3,svm,32,42,2,5,subject_specific,documented_152
6,2,sub-06_ses-02_row-0210,2,40,0,svm,32,42,2,5,subject_specific,documented_152
6,2,sub-06_ses-02_row-0225,0,43,0,svm,32,42,2,5,subject_specific,documented_152
6,2,sub-06_ses-02_row-0230,1,44,2,svm,32,42,2,5,subject_specific,documented_152
6,2,sub-06_ses-02_row-0240,1,46,1,svm,32,42,2,5,subject_specific,documented_152
6,2,sub-06_ses-02_row-0245,0,47,3,svm,32,42,2,5,subject_specific,documented_152
6,2,sub-06_ses-02_row-0255,2,49,2,svm,32,42,2,5,subject_specific,documented_152
6,2,sub-06_ses-02_row-0282,0,54,1,svm,32,42,2,5,subject_specific,documented_152
6,2,sub-06_ses-02_row-0312,3,60,1,svm,32,42,2,5,subject_specific,documented_152
6,2,sub-06_ses-02_row-0339,1,65,2,svm,32,42,2,5,subject_specific,documented_152
6,2,sub-06_ses-02_row-0359,3,69,3,svm,32,42,2,5,subject_specific,documented_152
6,2,sub-06_ses-02_row-0364,2,70,0,svm,32,42,2,5,subject_specific,documented_152
6,2,sub-06_ses-02_row-0384,2,74,0,svm,32,42,2,5,subject_specific,documented_152
6,2,sub-06_ses-02_row-0435,3,83,0,svm,32,42,2,5,subject_specific,documented_152
6,2,sub-06_ses-02_row-0497,0,95,1,svm,32,42,2,5,subject_specific,documented_152
6,2,sub-06_ses-02_row-0507,2,97,1,svm,32,42,2,5,subject_specific,documented_152
6,2,sub-06_ses-02_row-0559,0,107,0,svm,32,42,2,5,subject_specific,documented_152
6,2,sub-06_ses-02_row-0584,1,112,0,svm,32,42,2,5,subject_specific,documented_152
6,2,sub-06_ses-02_row-0606,3,116,0,svm,32,42,2,5,subject_specific,documented_152
6,3,sub-06_ses-03_row-0212,2,40,0,svm,32,42,2,5,subject_specific,documented_152
6,3,sub-06_ses-03_row-0254,0,48,3,svm,32,42,2,5,subject_specific,documented_152
6,3,sub-06_ses-03_row-0259,2,49,3,svm,32,42,2,5,subject_specific,documented_152
6,3,sub-06_ses-03_row-0264,1,50,0,svm,32,42,2,5,subject_specific,documented_152
6,3,sub-06_ses-03_row-0298,1,56,3,svm,32,42,2,5,subject_specific,documented_152
6,3,sub-06_ses-03_row-0313,3,59,1,svm,32,42,2,5,subject_specific,documented_152
6,3,sub-06_ses-03_row-0328,1,62,0,svm,32,42,2,5,subject_specific,documented_152
6,3,sub-06_ses-03_row-0417,2,79,3,svm,32,42,2,5,subject_specific,documented_152
6,1,sub-06_ses-01_row-0240,0,46,2,svm,32,42,3,5,subject_specific,documented_152
6,1,sub-06_ses-01_row-0245,0,47,1,svm,32,42,3,5,subject_specific,documented_152
6,1,sub-06_ses-01_row-0250,0,48,1,svm,32,42,3,5,subject_specific,documented_152
6,1,sub-06_ses-01_row-0282,2,54,1,svm,32,42,3,5,subject_specific,documented_152
6,1,sub-06_ses-01_row-0337,2,65,1,svm,32,42,3,5,subject_specific,documented_152
6,1,sub-06_ses-01_row-0349,3,67,2,svm,32,42,3,5,subject_specific,documented_152
6,1,sub-06_ses-01_row-0364,2,70,1,svm,32,42,3,5,subject_specific,documented_152
6,1,sub-06_ses-01_row-0406,1,78,0,svm,32,42,3,5,subject_specific,documented_152
6,1,sub-06_ses-01_row-0420,3,80,1,svm,32,42,3,5,subject_specific,documented_152
6,1,sub-06_ses-01_row-0455,3,87,2,svm,32,42,3,5,subject_specific,documented_152
6,1,sub-06_ses-01_row-0475,1,91,0,svm,32,42,3,5,subject_specific,documented_152
6,1,sub-06_ses-01_row-0522,1,100,1,svm,32,42,3,5,subject_specific,documented_152
6,1,sub-06_ses-01_row-0584,0,112,2,svm,32,42,3,5,subject_specific,documented_152
6,1,sub-06_ses-01_row-0609,2,117,0,svm,32,42,3,5,subject_specific,documented_152
6,2,sub-06_ses-02_row-0260,0,50,2,svm,32,42,3,5,subject_specific,documented_152
6,2,sub-06_ses-02_row-0272,1,52,2,svm,32,42,3,5,subject_specific,documented_152
6,2,sub-06_ses-02_row-0277,2,53,1,svm,32,42,3,5,subject_specific,documented_152
6,2,sub-06_ses-02_row-0297,2,57,3,svm,32,42,3,5,subject_specific,documented_152
6,2,sub-06_ses-02_row-0302,2,58,0,svm,32,42,3,5,subject_specific,documented_152
6,2,sub-06_ses-02_row-0329,3,63,2,svm,32,42,3,5,subject_specific,documented_152
6,2,sub-06_ses-02_row-0334,1,64,2,svm,32,42,3,5,subject_specific,documented_152
6,2,sub-06_ses-02_row-0354,3,68,0,svm,32,42,3,5,subject_specific,documented_152
6,2,sub-06_ses-02_row-0396,0,76,0,svm,32,42,3,5,subject_specific,documented_152
6,2,sub-06_ses-02_row-0411,3,79,0,svm,32,42,3,5,subject_specific,documented_152
6,2,sub-06_ses-02_row-0420,1,80,2,svm,32,42,3,5,subject_specific,documented_152
6,2,sub-06_ses-02_row-0440,1,84,2,svm,32,42,3,5,subject_specific,documented_152
6,2,sub-06_ses-02_row-0445,2,85,1,svm,32,42,3,5,subject_specific,documented_152
6,2,sub-06_ses-02_row-0450,3,86,3,svm,32,42,3,5,subject_specific,documented_152
6,2,sub-06_ses-02_row-0502,2,96,2,svm,32,42,3,5,subject_specific,documented_152
6,2,sub-06_ses-02_row-0512,1,98,2,svm,32,42,3,5,subject_specific,documented_152
6,2,sub-06_ses-02_row-0537,2,103,2,svm,32,42,3,5,subject_specific,documented_152
6,2,sub-06_ses-02_row-0554,0,106,2,svm,32,42,3,5,subject_specific,documented_152
6,3,sub-06_ses-03_row-0150,3,28,0,svm,32,42,3,5,subject_specific,documented_152
6,3,sub-06_ses-03_row-0175,0,33,3,svm,32,42,3,5,subject_specific,documented_152
6,3,sub-06_ses-03_row-0185,1,35,2,svm,32,42,3,5,subject_specific,documented_152
6,3,sub-06_ses-03_row-0190,0,36,2,svm,32,42,3,5,subject_specific,documented_152
6,3,sub-06_ses-03_row-0222,1,42,2,svm,32,42,3,5,subject_specific,documented_152
6,3,sub-06_ses-03_row-0227,3,43,2,svm,32,42,3,5,subject_specific,documented_152
6,3,sub-06_ses-03_row-0308,3,58,1,svm,32,42,3,5,subject_specific,documented_152
6,3,sub-06_ses-03_row-0333,1,63,2,svm,32,42,3,5,subject_specific,documented_152
6,3,sub-06_ses-03_row-0353,0,67,2,svm,32,42,3,5,subject_specific,documented_152
6,3,sub-06_ses-03_row-0385,3,73,0,svm,32,42,3,5,subject_specific,documented_152
6,3,sub-06_ses-03_row-0390,2,74,0,svm,32,42,3,5,subject_specific,documented_152
6,1,sub-06_ses-01_row-0215,2,41,0,svm,32,42,4,5,subject_specific,documented_152
6,1,sub-06_ses-01_row-0307,2,59,2,svm,32,42,4,5,subject_specific,documented_152
6,1,sub-06_ses-01_row-0369,0,71,1,svm,32,42,4,5,subject_specific,documented_152
6,1,sub-06_ses-01_row-0389,3,75,2,svm,32,42,4,5,subject_specific,documented_152
6,1,sub-06_ses-01_row-0411,3,79,2,svm,32,42,4,5,subject_specific,documented_152
6,1,sub-06_ses-01_row-0487,1,93,1,svm,32,42,4,5,subject_specific,documented_152
6,1,sub-06_ses-01_row-0502,3,96,2,svm,32,42,4,5,subject_specific,documented_152
6,1,sub-06_ses-01_row-0507,1,97,2,svm,32,42,4,5,subject_specific,documented_152
6,1,sub-06_ses-01_row-0512,3,98,2,svm,32,42,4,5,subject_specific,documented_152
6,1,sub-06_ses-01_row-0537,0,103,0,svm,32,42,4,5,subject_specific,documented_152
6,1,sub-06_ses-01_row-0599,0,115,2,svm,32,42,4,5,subject_specific,documented_152
6,1,sub-06_ses-01_row-0604,1,116,3,svm,32,42,4,5,subject_specific,documented_152
6,1,sub-06_ses-01_row-0621,2,119,2,svm,32,42,4,5,subject_specific,documented_152
6,2,sub-06_ses-02_row-0215,2,41,1,svm,32,42,4,5,subject_specific,documented_152
6,2,sub-06_ses-02_row-0317,1,61,2,svm,32,42,4,5,subject_specific,documented_152
6,2,sub-06_ses-02_row-0401,3,77,0,svm,32,42,4,5,subject_specific,documented_152
6,2,sub-06_ses-02_row-0406,3,78,0,svm,32,42,4,5,subject_specific,documented_152
6,2,sub-06_ses-02_row-0425,2,81,2,svm,32,42,4,5,subject_specific,documented_152
6,2,sub-06_ses-02_row-0430,3,82,3,svm,32,42,4,5,subject_specific,documented_152
6,2,sub-06_ses-02_row-0460,2,88,3,svm,32,42,4,5,subject_specific,documented_152
6,2,sub-06_ses-02_row-0465,3,89,2,svm,32,42,4,5,subject_specific,documented_152
6,2,sub-06_ses-02_row-0470,1,90,2,svm,32,42,4,5,subject_specific,documented_152
6,2,sub-06_ses-02_row-0482,0,92,2,svm,32,42,4,5,subject_specific,documented_152
6,2,sub-06_ses-02_row-0517,3,99,1,svm,32,42,4,5,subject_specific,documented_152
6,2,sub-06_ses-02_row-0564,2,108,2,svm,32,42,4,5,subject_specific,documented_152
6,2,sub-06_ses-02_row-0594,1,114,2,svm,32,42,4,5,subject_specific,documented_152
6,2,sub-06_ses-02_row-0611,1,117,2,svm,32,42,4,5,subject_specific,documented_152
6,2,sub-06_ses-02_row-0616,0,118,2,svm,32,42,4,5,subject_specific,documented_152
6,2,sub-06_ses-02_row-0621,0,119,0,svm,32,42,4,5,subject_specific,documented_152
6,3,sub-06_ses-03_row-0160,1,30,2,svm,32,42,4,5,subject_specific,documented_152
6,3,sub-06_ses-03_row-0170,2,32,2,svm,32,42,4,5,subject_specific,documented_152
6,3,sub-06_ses-03_row-0180,3,34,1,svm,32,42,4,5,subject_specific,documented_152
6,3,sub-06_ses-03_row-0197,2,37,1,svm,32,42,4,5,subject_specific,documented_152
6,3,sub-06_ses-03_row-0202,3,38,0,svm,32,42,4,5,subject_specific,documented_152
6,3,sub-06_ses-03_row-0207,1,39,0,svm,32,42,4,5,subject_specific,documented_152
6,3,sub-06_ses-03_row-0244,0,46,0,svm,32,42,4,5,subject_specific,documented_152
6,3,sub-06_ses-03_row-0279,2,53,0,svm,32,42,4,5,subject_specific,documented_152
6,3,sub-06_ses-03_row-0318,1,60,2,svm,32,42,4,5,subject_specific,documented_152
6,3,sub-06_ses-03_row-0370,0,70,2,svm,32,42,4,5,subject_specific,documented_152
6,3,sub-06_ses-03_row-0380,0,72,2,svm,32,42,4,5,subject_specific,documented_152
6,3,sub-06_ses-03_row-0407,0,77,2,svm,32,42,4,5,subject_specific,documented_152
6,3,sub-06_ses-03_row-0427,1,81,2,svm,32,42,4,5,subject_specific,documented_152
6,3,sub-06_ses-03_row-0437,0,83,2,svm,32,42,4,5,subject_specific,documented_152
6,1,sub-06_ses-01_row-0220,1,42,3,svm,32,42,5,5,subject_specific,documented_152
6,1,sub-06_ses-01_row-0230,1,44,2,svm,32,42,5,5,subject_specific,documented_152
6,1,sub-06_ses-01_row-0235,0,45,2,svm,32,42,5,5,subject_specific,documented_152
6,1,sub-06_ses-01_row-0277,1,53,1,svm,32,42,5,5,subject_specific,documented_152
6,1,sub-06_ses-01_row-0287,0,55,2,svm,32,42,5,5,subject_specific,documented_152
6,1,sub-06_ses-01_row-0327,0,63,1,svm,32,42,5,5,subject_specific,documented_152
6,1,sub-06_ses-01_row-0344,2,66,1,svm,32,42,5,5,subject_specific,documented_152
6,1,sub-06_ses-01_row-0354,3,68,1,svm,32,42,5,5,subject_specific,documented_152
6,1,sub-06_ses-01_row-0374,1,72,3,svm,32,42,5,5,subject_specific,documented_152
6,1,sub-06_ses-01_row-0401,3,77,1,svm,32,42,5,5,subject_specific,documented_152
6,1,sub-06_ses-01_row-0425,2,81,1,svm,32,42,5,5,subject_specific,documented_152
6,1,sub-06_ses-01_row-0435,0,83,2,svm,32,42,5,5,subject_specific,documented_152
6,1,sub-06_ses-01_row-0440,2,84,1,svm,32,42,5,5,subject_specific,documented_152
6,1,sub-06_ses-01_row-0460,3,88,2,svm,32,42,5,5,subject_specific,documented_152
6,1,sub-06_ses-01_row-0527,2,101,1,svm,32,42,5,5,subject_specific,documented_152
6,1,sub-06_ses-01_row-0564,3,108,0,svm,32,42,5,5,subject_specific,documented_152
6,1,sub-06_ses-01_row-0569,3,109,1,svm,32,42,5,5,subject_specific,documented_152
6,1,sub-06_ses-01_row-0574,1,110,0,svm,32,42,5,5,subject_specific,documented_152
6,1,sub-06_ses-01_row-0616,2,118,1,svm,32,42,5,5,subject_specific,documented_152
6,2,sub-06_ses-02_row-0220,1,42,1,svm,32,42,5,5,subject_specific,documented_152
6,2,sub-06_ses-02_row-0292,0,56,2,svm,32,42,5,5,subject_specific,documented_152
6,2,sub-06_ses-02_row-0307,2,59,2,svm,32,42,5,5,subject_specific,documented_152
6,2,sub-06_ses-02_row-0322,0,62,2,svm,32,42,5,5,subject_specific,documented_152
6,2,sub-06_ses-02_row-0344,0,66,3,svm,32,42,5,5,subject_specific,documented_152
6,2,sub-06_ses-02_row-0349,0,67,1,svm,32,42,5,5,subject_specific,documented_152
6,2,sub-06_ses-02_row-0374,1,72,0,svm,32,42,5,5,subject_specific,documented_152
6,2,sub-06_ses-02_row-0379,3,73,0,svm,32,42,5,5,subject_specific,documented_152
6,2,sub-06_ses-02_row-0391,2,75,2,svm,32,42,5,5,subject_specific,documented_152
6,2,sub-06_ses-02_row-0477,0,91,1,svm,32,42,5,5,subject_specific,documented_152
6,2,sub-06_ses-02_row-0522,1,100,1,svm,32,42,5,5,subject_specific,documented_152
6,2,sub-06_ses-02_row-0544,3,104,1,svm,32,42,5,5,subject_specific,documented_152
6,2,sub-06_ses-02_row-0549,0,105,1,svm,32,42,5,5,subject_specific,documented_152
6,2,sub-06_ses-02_row-0601,2,115,0,svm,32,42,5,5,subject_specific,documented_152
6,3,sub-06_ses-03_row-0232,0,44,0,svm,32,42,5,5,subject_specific,documented_152
6,3,sub-06_ses-03_row-0239,3,45,0,svm,32,42,5,5,subject_specific,documented_152
6,3,sub-06_ses-03_row-0274,1,52,0,svm,32,42,5,5,subject_specific,documented_152
6,3,sub-06_ses-03_row-0323,3,61,0,svm,32,42,5,5,subject_specific,documented_152
6,3,sub-06_ses-03_row-0343,3,65,1,svm,32,42,5,5,subject_specific,documented_152
6,3,sub-06_ses-03_row-0348,3,66,0,svm,32,42,5,5,subject_specific,documented_152
6,3,sub-06_ses-03_row-0360,2,68,0,svm,32,42,5,5,subject_specific,documented_152
6,3,sub-06_ses-03_row-0375,2,71,1,svm,32,42,5,5,subject_specific,documented_152
6,3,sub-06_ses-03_row-0402,1,76,0,svm,32,42,5,5,subject_specific,documented_152
6,3,sub-06_ses-03_row-0432,2,82,0,svm,32,42,5,5,subject_specific,documented_152
6,1,sub-06_ses-01_row-0225,2,43,3,svm,16,42,1,5,subject_specific,documented_152
6,1,sub-06_ses-01_row-0272,2,52,3,svm,16,42,1,5,subject_specific,documented_152
6,1,sub-06_ses-01_row-0292,3,56,3,svm,16,42,1,5,subject_specific,documented_152
6,1,sub-06_ses-01_row-0297,3,57,2,svm,16,42,1,5,subject_specific,documented_152
6,1,sub-06_ses-01_row-0302,0,58,3,svm,16,42,1,5,subject_specific,documented_152
6,1,sub-06_ses-01_row-0312,2,60,2,svm,16,42,1,5,subject_specific,documented_152
6,1,sub-06_ses-01_row-0317,1,61,2,svm,16,42,1,5,subject_specific,documented_152
6,1,sub-06_ses-01_row-0332,0,64,2,svm,16,42,1,5,subject_specific,documented_152
6,1,sub-06_ses-01_row-0379,1,73,3,svm,16,42,1,5,subject_specific,documented_152
6,1,sub-06_ses-01_row-0445,2,85,1,svm,16,42,1,5,subject_specific,documented_152
6,1,sub-06_ses-01_row-0470,1,90,3,svm,16,42,1,5,subject_specific,documented_152
6,1,sub-06_ses-01_row-0480,1,92,1,svm,16,42,1,5,subject_specific,documented_152
6,1,sub-06_ses-01_row-0492,1,94,3,svm,16,42,1,5,subject_specific,documented_152
6,1,sub-06_ses-01_row-0532,0,102,3,svm,16,42,1,5,subject_specific,documented_152
6,1,sub-06_ses-01_row-0542,2,104,1,svm,16,42,1,5,subject_specific,documented_152
6,1,sub-06_ses-01_row-0557,3,107,0,svm,16,42,1,5,subject_specific,documented_152
6,1,sub-06_ses-01_row-0589,0,113,2,svm,16,42,1,5,subject_specific,documented_152
6,2,sub-06_ses-02_row-0235,1,45,2,svm,16,42,1,5,subject_specific,documented_152
6,2,sub-06_ses-02_row-0250,0,48,0,svm,16,42,1,5,subject_specific,documented_152
6,2,sub-06_ses-02_row-0267,3,51,1,svm,16,42,1,5,subject_specific,documented_152
6,2,sub-06_ses-02_row-0287,3,55,2,svm,16,42,1,5,subject_specific,documented_152
6,2,sub-06_ses-02_row-0369,1,71,0,svm,16,42,1,5,subject_specific,documented_152
6,2,sub-06_ses-02_row-0455,2,87,1,svm,16,42,1,5,subject_specific,documented_152
6,2,sub-06_ses-02_row-0487,0,93,2,svm,16,42,1,5,subject_specific,documented_152
6,2,sub-06_ses-02_row-0492,3,94,2,svm,16,42,1,5,subject_specific,documented_152
6,2,sub-06_ses-02_row-0527,3,101,1,svm,16,42,1,5,subject_specific,documented_152
6,2,sub-06_ses-02_row-0532,0,102,3,svm,16,42,1,5,subject_specific,documented_152
6,2,sub-06_ses-02_row-0569,2,109,2,svm,16,42,1,5,subject_specific,documented_152
6,2,sub-06_ses-02_row-0574,3,110,2,svm,16,42,1,5,subject_specific,documented_152
6,2,sub-06_ses-02_row-0579,1,111,2,svm,16,42,1,5,subject_specific,documented_152
6,2,sub-06_ses-02_row-0589,1,113,2,svm,16,42,1,5,subject_specific,documented_152
6,3,sub-06_ses-03_row-0155,3,29,3,svm,16,42,1,5,subject_specific,documented_152
6,3,sub-06_ses-03_row-0165,2,31,1,svm,16,42,1,5,subject_specific,documented_152
6,3,sub-06_ses-03_row-0217,1,41,0,svm,16,42,1,5,subject_specific,documented_152
6,3,sub-06_ses-03_row-0249,3,47,0,svm,16,42,1,5,subject_specific,documented_152
6,3,sub-06_ses-03_row-0269,0,51,0,svm,16,42,1,5,subject_specific,documented_152
6,3,sub-06_ses-03_row-0284,0,54,0,svm,16,42,1,5,subject_specific,documented_152
6,3,sub-06_ses-03_row-0289,2,55,0,svm,16,42,1,5,subject_specific,documented_152
6,3,sub-06_ses-03_row-0303,1,57,1,svm,16,42,1,5,subject_specific,documented_152
6,3,sub-06_ses-03_row-0338,0,64,3,svm,16,42,1,5,subject_specific,documented_152
6,3,sub-06_ses-03_row-0365,2,69,0,svm,16,42,1,5,subject_specific,documented_152
6,3,sub-06_ses-03_row-0395,3,75,2,svm,16,42,1,5,subject_specific,documented_152
6,3,sub-06_ses-03_row-0412,0,78,2,svm,16,42,1,5,subject_specific,documented_152
6,3,sub-06_ses-03_row-0422,2,80,0,svm,16,42,1,5,subject_specific,documented_152
6,1,sub-06_ses-01_row-0210,1,40,1,svm,16,42,2,5,subject_specific,documented_152
6,1,sub-06_ses-01_row-0255,3,49,1,svm,16,42,2,5,subject_specific,documented_152
6,1,sub-06_ses-01_row-0260,1,50,3,svm,16,42,2,5,subject_specific,documented_152
6,1,sub-06_ses-01_row-0265,0,51,1,svm,16,42,2,5,subject_specific,documented_152
6,1,sub-06_ses-01_row-0322,3,62,1,svm,16,42,2,5,subject_specific,documented_152
6,1,sub-06_ses-01_row-0359,1,69,1,svm,16,42,2,5,subject_specific,documented_152
6,1,sub-06_ses-01_row-0384,2,74,2,svm,16,42,2,5,subject_specific,documented_152
6,1,sub-06_ses-01_row-0394,3,76,1,svm,16,42,2,5,subject_specific,documented_152
6,1,sub-06_ses-01_row-0430,1,82,1,svm,16,42,2,5,subject_specific,documented_152
6,1,sub-06_ses-01_row-0450,3,86,0,svm,16,42,2,5,subject_specific,documented_152
6,1,sub-06_ses-01_row-0465,2,89,1,svm,16,42,2,5,subject_specific,documented_152
6,1,sub-06_ses-01_row-0497,0,95,1,svm,16,42,2,5,subject_specific,documented_152
6,1,sub-06_ses-01_row-0517,2,99,0,svm,16,42,2,5,subject_specific,documented_152
6,1,sub-06_ses-01_row-0547,3,105,1,svm,16,42,2,5,subject_specific,documented_152
6,1,sub-06_ses-01_row-0552,0,106,0,svm,16,42,2,5,subject_specific,documented_152
6,1,sub-06_ses-01_row-0579,0,111,1,svm,16,42,2,5,subject_specific,documented_152
6,1,sub-06_ses-01_row-0594,0,114,3,svm,16,42,2,5,subject_specific,documented_152
6,2,sub-06_ses-02_row-0210,2,40,0,svm,16,42,2,5,subject_specific,documented_152
6,2,sub-06_ses-02_row-0225,0,43,0,svm,16,42,2,5,subject_specific,documented_152
6,2,sub-06_ses-02_row-0230,1,44,2,svm,16,42,2,5,subject_specific,documented_152
6,2,sub-06_ses-02_row-0240,1,46,1,svm,16,42,2,5,subject_specific,documented_152
6,2,sub-06_ses-02_row-0245,0,47,3,svm,16,42,2,5,subject_specific,documented_152
6,2,sub-06_ses-02_row-0255,2,49,2,svm,16,42,2,5,subject_specific,documented_152
6,2,sub-06_ses-02_row-0282,0,54,1,svm,16,42,2,5,subject_specific,documented_152
6,2,sub-06_ses-02_row-0312,3,60,2,svm,16,42,2,5,subject_specific,documented_152
6,2,sub-06_ses-02_row-0339,1,65,2,svm,16,42,2,5,subject_specific,documented_152
6,2,sub-06_ses-02_row-0359,3,69,3,svm,16,42,2,5,subject_specific,documented_152
6,2,sub-06_ses-02_row-0364,2,70,0,svm,16,42,2,5,subject_specific,documented_152
6,2,sub-06_ses-02_row-0384,2,74,0,svm,16,42,2,5,subject_specific,documented_152
6,2,sub-06_ses-02_row-0435,3,83,0,svm,16,42,2,5,subject_specific,documented_152
6,2,sub-06_ses-02_row-0497,0,95,1,svm,16,42,2,5,subject_specific,documented_152
6,2,sub-06_ses-02_row-0507,2,97,1,svm,16,42,2,5,subject_specific,documented_152
6,2,sub-06_ses-02_row-0559,0,107,0,svm,16,42,2,5,subject_specific,documented_152
6,2,sub-06_ses-02_row-0584,1,112,2,svm,16,42,2,5,subject_specific,documented_152
6,2,sub-06_ses-02_row-0606,3,116,0,svm,16,42,2,5,subject_specific,documented_152
6,3,sub-06_ses-03_row-0212,2,40,0,svm,16,42,2,5,subject_specific,documented_152
6,3,sub-06_ses-03_row-0254,0,48,3,svm,16,42,2,5,subject_specific,documented_152
6,3,sub-06_ses-03_row-0259,2,49,3,svm,16,42,2,5,subject_specific,documented_152
6,3,sub-06_ses-03_row-0264,1,50,0,svm,16,42,2,5,subject_specific,documented_152
6,3,sub-06_ses-03_row-0298,1,56,0,svm,16,42,2,5,subject_specific,documented_152
6,3,sub-06_ses-03_row-0313,3,59,3,svm,16,42,2,5,subject_specific,documented_152
6,3,sub-06_ses-03_row-0328,1,62,0,svm,16,42,2,5,subject_specific,documented_152
6,3,sub-06_ses-03_row-0417,2,79,0,svm,16,42,2,5,subject_specific,documented_152
6,1,sub-06_ses-01_row-0240,0,46,2,svm,16,42,3,5,subject_specific,documented_152
6,1,sub-06_ses-01_row-0245,0,47,1,svm,16,42,3,5,subject_specific,documented_152
6,1,sub-06_ses-01_row-0250,0,48,1,svm,16,42,3,5,subject_specific,documented_152
6,1,sub-06_ses-01_row-0282,2,54,1,svm,16,42,3,5,subject_specific,documented_152
6,1,sub-06_ses-01_row-0337,2,65,1,svm,16,42,3,5,subject_specific,documented_152
6,1,sub-06_ses-01_row-0349,3,67,1,svm,16,42,3,5,subject_specific,documented_152
6,1,sub-06_ses-01_row-0364,2,70,1,svm,16,42,3,5,subject_specific,documented_152
6,1,sub-06_ses-01_row-0406,1,78,0,svm,16,42,3,5,subject_specific,documented_152
6,1,sub-06_ses-01_row-0420,3,80,1,svm,16,42,3,5,subject_specific,documented_152
6,1,sub-06_ses-01_row-0455,3,87,2,svm,16,42,3,5,subject_specific,documented_152
6,1,sub-06_ses-01_row-0475,1,91,0,svm,16,42,3,5,subject_specific,documented_152
6,1,sub-06_ses-01_row-0522,1,100,1,svm,16,42,3,5,subject_specific,documented_152
6,1,sub-06_ses-01_row-0584,0,112,2,svm,16,42,3,5,subject_specific,documented_152
6,1,sub-06_ses-01_row-0609,2,117,0,svm,16,42,3,5,subject_specific,documented_152
6,2,sub-06_ses-02_row-0260,0,50,2,svm,16,42,3,5,subject_specific,documented_152
6,2,sub-06_ses-02_row-0272,1,52,2,svm,16,42,3,5,subject_specific,documented_152
6,2,sub-06_ses-02_row-0277,2,53,1,svm,16,42,3,5,subject_specific,documented_152
6,2,sub-06_ses-02_row-0297,2,57,3,svm,16,42,3,5,subject_specific,documented_152
6,2,sub-06_ses-02_row-0302,2,58,0,svm,16,42,3,5,subject_specific,documented_152
6,2,sub-06_ses-02_row-0329,3,63,2,svm,16,42,3,5,subject_specific,documented_152
6,2,sub-06_ses-02_row-0334,1,64,2,svm,16,42,3,5,subject_specific,documented_152
6,2,sub-06_ses-02_row-0354,3,68,0,svm,16,42,3,5,subject_specific,documented_152
6,2,sub-06_ses-02_row-0396,0,76,3,svm,16,42,3,5,subject_specific,documented_152
6,2,sub-06_ses-02_row-0411,3,79,3,svm,16,42,3,5,subject_specific,documented_152
6,2,sub-06_ses-02_row-0420,1,80,2,svm,16,42,3,5,subject_specific,documented_152
6,2,sub-06_ses-02_row-0440,1,84,2,svm,16,42,3,5,subject_specific,documented_152
6,2,sub-06_ses-02_row-0445,2,85,3,svm,16,42,3,5,subject_specific,documented_152
6,2,sub-06_ses-02_row-0450,3,86,2,svm,16,42,3,5,subject_specific,documented_152
6,2,sub-06_ses-02_row-0502,2,96,3,svm,16,42,3,5,subject_specific,documented_152
6,2,sub-06_ses-02_row-0512,1,98,2,svm,16,42,3,5,subject_specific,documented_152
6,2,sub-06_ses-02_row-0537,2,103,3,svm,16,42,3,5,subject_specific,documented_152
6,2,sub-06_ses-02_row-0554,0,106,2,svm,16,42,3,5,subject_specific,documented_152
6,3,sub-06_ses-03_row-0150,3,28,0,svm,16,42,3,5,subject_specific,documented_152
6,3,sub-06_ses-03_row-0175,0,33,2,svm,16,42,3,5,subject_specific,documented_152
6,3,sub-06_ses-03_row-0185,1,35,2,svm,16,42,3,5,subject_specific,documented_152
6,3,sub-06_ses-03_row-0190,0,36,2,svm,16,42,3,5,subject_specific,documented_152
6,3,sub-06_ses-03_row-0222,1,42,2,svm,16,42,3,5,subject_specific,documented_152
6,3,sub-06_ses-03_row-0227,3,43,0,svm,16,42,3,5,subject_specific,documented_152
6,3,sub-06_ses-03_row-0308,3,58,1,svm,16,42,3,5,subject_specific,documented_152
6,3,sub-06_ses-03_row-0333,1,63,3,svm,16,42,3,5,subject_specific,documented_152
6,3,sub-06_ses-03_row-0353,0,67,2,svm,16,42,3,5,subject_specific,documented_152
6,3,sub-06_ses-03_row-0385,3,73,2,svm,16,42,3,5,subject_specific,documented_152
6,3,sub-06_ses-03_row-0390,2,74,0,svm,16,42,3,5,subject_specific,documented_152
6,1,sub-06_ses-01_row-0215,2,41,0,svm,16,42,4,5,subject_specific,documented_152
6,1,sub-06_ses-01_row-0307,2,59,1,svm,16,42,4,5,subject_specific,documented_152
6,1,sub-06_ses-01_row-0369,0,71,0,svm,16,42,4,5,subject_specific,documented_152
6,1,sub-06_ses-01_row-0389,3,75,2,svm,16,42,4,5,subject_specific,documented_152
6,1,sub-06_ses-01_row-0411,3,79,2,svm,16,42,4,5,subject_specific,documented_152
6,1,sub-06_ses-01_row-0487,1,93,2,svm,16,42,4,5,subject_specific,documented_152
6,1,sub-06_ses-01_row-0502,3,96,3,svm,16,42,4,5,subject_specific,documented_152
6,1,sub-06_ses-01_row-0507,1,97,2,svm,16,42,4,5,subject_specific,documented_152
6,1,sub-06_ses-01_row-0512,3,98,2,svm,16,42,4,5,subject_specific,documented_152
6,1,sub-06_ses-01_row-0537,0,103,0,svm,16,42,4,5,subject_specific,documented_152
6,1,sub-06_ses-01_row-0599,0,115,2,svm,16,42,4,5,subject_specific,documented_152
6,1,sub-06_ses-01_row-0604,1,116,3,svm,16,42,4,5,subject_specific,documented_152
6,1,sub-06_ses-01_row-0621,2,119,2,svm,16,42,4,5,subject_specific,documented_152
6,2,sub-06_ses-02_row-0215,2,41,1,svm,16,42,4,5,subject_specific,documented_152
6,2,sub-06_ses-02_row-0317,1,61,2,svm,16,42,4,5,subject_specific,documented_152
6,2,sub-06_ses-02_row-0401,3,77,3,svm,16,42,4,5,subject_specific,documented_152
6,2,sub-06_ses-02_row-0406,3,78,0,svm,16,42,4,5,subject_specific,documented_152
6,2,sub-06_ses-02_row-0425,2,81,3,svm,16,42,4,5,subject_specific,documented_152
6,2,sub-06_ses-02_row-0430,3,82,0,svm,16,42,4,5,subject_specific,documented_152
6,2,sub-06_ses-02_row-0460,2,88,1,svm,16,42,4,5,subject_specific,documented_152
6,2,sub-06_ses-02_row-0465,3,89,2,svm,16,42,4,5,subject_specific,documented_152
6,2,sub-06_ses-02_row-0470,1,90,3,svm,16,42,4,5,subject_specific,documented_152
6,2,sub-06_ses-02_row-0482,0,92,2,svm,16,42,4,5,subject_specific,documented_152
6,2,sub-06_ses-02_row-0517,3,99,1,svm,16,42,4,5,subject_specific,documented_152
6,2,sub-06_ses-02_row-0564,2,108,1,svm,16,42,4,5,subject_specific,documented_152
6,2,sub-06_ses-02_row-0594,1,114,2,svm,16,42,4,5,subject_specific,documented_152
6,2,sub-06_ses-02_row-0611,1,117,1,svm,16,42,4,5,subject_specific,documented_152
6,2,sub-06_ses-02_row-0616,0,118,2,svm,16,42,4,5,subject_specific,documented_152
6,2,sub-06_ses-02_row-0621,0,119,3,svm,16,42,4,5,subject_specific,documented_152
6,3,sub-06_ses-03_row-0160,1,30,2,svm,16,42,4,5,subject_specific,documented_152
6,3,sub-06_ses-03_row-0170,2,32,0,svm,16,42,4,5,subject_specific,documented_152
6,3,sub-06_ses-03_row-0180,3,34,2,svm,16,42,4,5,subject_specific,documented_152
6,3,sub-06_ses-03_row-0197,2,37,1,svm,16,42,4,5,subject_specific,documented_152
6,3,sub-06_ses-03_row-0202,3,38,2,svm,16,42,4,5,subject_specific,documented_152
6,3,sub-06_ses-03_row-0207,1,39,0,svm,16,42,4,5,subject_specific,documented_152
6,3,sub-06_ses-03_row-0244,0,46,0,svm,16,42,4,5,subject_specific,documented_152
6,3,sub-06_ses-03_row-0279,2,53,0,svm,16,42,4,5,subject_specific,documented_152
6,3,sub-06_ses-03_row-0318,1,60,1,svm,16,42,4,5,subject_specific,documented_152
6,3,sub-06_ses-03_row-0370,0,70,0,svm,16,42,4,5,subject_specific,documented_152
6,3,sub-06_ses-03_row-0380,0,72,2,svm,16,42,4,5,subject_specific,documented_152
6,3,sub-06_ses-03_row-0407,0,77,2,svm,16,42,4,5,subject_specific,documented_152
6,3,sub-06_ses-03_row-0427,1,81,2,svm,16,42,4,5,subject_specific,documented_152
6,3,sub-06_ses-03_row-0437,0,83,2,svm,16,42,4,5,subject_specific,documented_152
6,1,sub-06_ses-01_row-0220,1,42,3,svm,16,42,5,5,subject_specific,documented_152
6,1,sub-06_ses-01_row-0230,1,44,2,svm,16,42,5,5,subject_specific,documented_152
6,1,sub-06_ses-01_row-0235,0,45,2,svm,16,42,5,5,subject_specific,documented_152
6,1,sub-06_ses-01_row-0277,1,53,1,svm,16,42,5,5,subject_specific,documented_152
6,1,sub-06_ses-01_row-0287,0,55,2,svm,16,42,5,5,subject_specific,documented_152
6,1,sub-06_ses-01_row-0327,0,63,1,svm,16,42,5,5,subject_specific,documented_152
6,1,sub-06_ses-01_row-0344,2,66,1,svm,16,42,5,5,subject_specific,documented_152
6,1,sub-06_ses-01_row-0354,3,68,2,svm,16,42,5,5,subject_specific,documented_152
6,1,sub-06_ses-01_row-0374,1,72,1,svm,16,42,5,5,subject_specific,documented_152
6,1,sub-06_ses-01_row-0401,3,77,1,svm,16,42,5,5,subject_specific,documented_152
6,1,sub-06_ses-01_row-0425,2,81,1,svm,16,42,5,5,subject_specific,documented_152
6,1,sub-06_ses-01_row-0435,0,83,2,svm,16,42,5,5,subject_specific,documented_152
6,1,sub-06_ses-01_row-0440,2,84,1,svm,16,42,5,5,subject_specific,documented_152
6,1,sub-06_ses-01_row-0460,3,88,1,svm,16,42,5,5,subject_specific,documented_152
6,1,sub-06_ses-01_row-0527,2,101,1,svm,16,42,5,5,subject_specific,documented_152
6,1,sub-06_ses-01_row-0564,3,108,0,svm,16,42,5,5,subject_specific,documented_152
6,1,sub-06_ses-01_row-0569,3,109,1,svm,16,42,5,5,subject_specific,documented_152
6,1,sub-06_ses-01_row-0574,1,110,1,svm,16,42,5,5,subject_specific,documented_152
6,1,sub-06_ses-01_row-0616,2,118,1,svm,16,42,5,5,subject_specific,documented_152
6,2,sub-06_ses-02_row-0220,1,42,1,svm,16,42,5,5,subject_specific,documented_152
6,2,sub-06_ses-02_row-0292,0,56,2,svm,16,42,5,5,subject_specific,documented_152
6,2,sub-06_ses-02_row-0307,2,59,2,svm,16,42,5,5,subject_specific,documented_152
6,2,sub-06_ses-02_row-0322,0,62,1,svm,16,42,5,5,subject_specific,documented_152
6,2,sub-06_ses-02_row-0344,0,66,3,svm,16,42,5,5,subject_specific,documented_152
6,2,sub-06_ses-02_row-0349,0,67,1,svm,16,42,5,5,subject_specific,documented_152
6,2,sub-06_ses-02_row-0374,1,72,0,svm,16,42,5,5,subject_specific,documented_152
6,2,sub-06_ses-02_row-0379,3,73,0,svm,16,42,5,5,subject_specific,documented_152
6,2,sub-06_ses-02_row-0391,2,75,2,svm,16,42,5,5,subject_specific,documented_152
6,2,sub-06_ses-02_row-0477,0,91,1,svm,16,42,5,5,subject_specific,documented_152
6,2,sub-06_ses-02_row-0522,1,100,1,svm,16,42,5,5,subject_specific,documented_152
6,2,sub-06_ses-02_row-0544,3,104,1,svm,16,42,5,5,subject_specific,documented_152
6,2,sub-06_ses-02_row-0549,0,105,1,svm,16,42,5,5,subject_specific,documented_152
6,2,sub-06_ses-02_row-0601,2,115,1,svm,16,42,5,5,subject_specific,documented_152
6,3,sub-06_ses-03_row-0232,0,44,1,svm,16,42,5,5,subject_specific,documented_152
6,3,sub-06_ses-03_row-0239,3,45,1,svm,16,42,5,5,subject_specific,documented_152
6,3,sub-06_ses-03_row-0274,1,52,0,svm,16,42,5,5,subject_specific,documented_152
6,3,sub-06_ses-03_row-0323,3,61,0,svm,16,42,5,5,subject_specific,documented_152
6,3,sub-06_ses-03_row-0343,3,65,1,svm,16,42,5,5,subject_specific,documented_152
6,3,sub-06_ses-03_row-0348,3,66,0,svm,16,42,5,5,subject_specific,documented_152
6,3,sub-06_ses-03_row-0360,2,68,2,svm,16,42,5,5,subject_specific,documented_152
6,3,sub-06_ses-03_row-0375,2,71,1,svm,16,42,5,5,subject_specific,documented_152
6,3,sub-06_ses-03_row-0402,1,76,2,svm,16,42,5,5,subject_specific,documented_152
6,3,sub-06_ses-03_row-0432,2,82,0,svm,16,42,5,5,subject_specific,documented_152
7,1,sub-07_ses-01_row-0210,3,40,2,svm,128,42,1,5,subject_specific,documented_152
7,1,sub-07_ses-01_row-0215,3,41,2,svm,128,42,1,5,subject_specific,documented_152
7,1,sub-07_ses-01_row-0312,2,60,1,svm,128,42,1,5,subject_specific,documented_152
7,1,sub-07_ses-01_row-0394,0,76,0,svm,128,42,1,5,subject_specific,documented_152
7,1,sub-07_ses-01_row-0411,0,79,0,svm,128,42,1,5,subject_specific,documented_152
7,1,sub-07_ses-01_row-0425,1,81,0,svm,128,42,1,5,subject_specific,documented_152
7,1,sub-07_ses-01_row-0435,2,83,0,svm,128,42,1,5,subject_specific,documented_152
7,1,sub-07_ses-01_row-0440,2,84,2,svm,128,42,1,5,subject_specific,documented_152
7,1,sub-07_ses-01_row-0487,1,93,3,svm,128,42,1,5,subject_specific,documented_152
7,1,sub-07_ses-01_row-0512,3,98,3,svm,128,42,1,5,subject_specific,documented_152
7,1,sub-07_ses-01_row-0517,0,99,2,svm,128,42,1,5,subject_specific,documented_152
7,1,sub-07_ses-01_row-0522,2,100,1,svm,128,42,1,5,subject_specific,documented_152
7,1,sub-07_ses-01_row-0559,3,107,1,svm,128,42,1,5,subject_specific,documented_152
7,1,sub-07_ses-01_row-0589,3,113,0,svm,128,42,1,5,subject_specific,documented_152
7,1,sub-07_ses-01_row-0611,3,117,1,svm,128,42,1,5,subject_specific,documented_152
7,1,sub-07_ses-01_row-0621,2,119,1,svm,128,42,1,5,subject_specific,documented_152
7,2,sub-07_ses-02_row-0235,2,45,2,svm,128,42,1,5,subject_specific,documented_152
7,2,sub-07_ses-02_row-0240,0,46,2,svm,128,42,1,5,subject_specific,documented_152
7,2,sub-07_ses-02_row-0322,1,62,3,svm,128,42,1,5,subject_specific,documented_152
7,2,sub-07_ses-02_row-0349,0,67,3,svm,128,42,1,5,subject_specific,documented_152
7,2,sub-07_ses-02_row-0389,1,75,0,svm,128,42,1,5,subject_specific,documented_152
7,2,sub-07_ses-02_row-0404,3,78,1,svm,128,42,1,5,subject_specific,documented_152
7,2,sub-07_ses-02_row-0420,1,80,2,svm,128,42,1,5,subject_specific,documented_152
7,2,sub-07_ses-02_row-0477,3,91,0,svm,128,42,1,5,subject_specific,documented_152
7,2,sub-07_ses-02_row-0492,1,94,2,svm,128,42,1,5,subject_specific,documented_152
7,2,sub-07_ses-02_row-0549,0,105,3,svm,128,42,1,5,subject_specific,documented_152
7,2,sub-07_ses-02_row-0564,0,108,2,svm,128,42,1,5,subject_specific,documented_152
7,3,sub-07_ses-03_row-0215,2,41,2,svm,128,42,1,5,subject_specific,documented_152
7,3,sub-07_ses-03_row-0220,0,42,2,svm,128,42,1,5,subject_specific,documented_152
7,3,sub-07_ses-03_row-0245,3,47,0,svm,128,42,1,5,subject_specific,documented_152
7,3,sub-07_ses-03_row-0250,1,48,0,svm,128,42,1,5,subject_specific,documented_152
7,3,sub-07_ses-03_row-0267,3,51,2,svm,128,42,1,5,subject_specific,documented_152
7,3,sub-07_ses-03_row-0277,1,53,2,svm,128,42,1,5,subject_specific,documented_152
7,3,sub-07_ses-03_row-0282,1,54,1,svm,128,42,1,5,subject_specific,documented_152
7,3,sub-07_ses-03_row-0329,2,63,3,svm,128,42,1,5,subject_specific,documented_152
7,3,sub-07_ses-03_row-0354,1,68,0,svm,128,42,1,5,subject_specific,documented_152
7,3,sub-07_ses-03_row-0366,2,70,2,svm,128,42,1,5,subject_specific,documented_152
7,3,sub-07_ses-03_row-0376,2,72,1,svm,128,42,1,5,subject_specific,documented_152
7,3,sub-07_ses-03_row-0406,1,78,2,svm,128,42,1,5,subject_specific,documented_152
7,3,sub-07_ses-03_row-0411,3,79,2,svm,128,42,1,5,subject_specific,documented_152
7,3,sub-07_ses-03_row-0509,2,97,2,svm,128,42,1,5,subject_specific,documented_152
7,3,sub-07_ses-03_row-0526,3,100,1,svm,128,42,1,5,subject_specific,documented_152
7,3,sub-07_ses-03_row-0531,0,101,0,svm,128,42,1,5,subject_specific,documented_152
7,3,sub-07_ses-03_row-0541,0,103,0,svm,128,42,1,5,subject_specific,documented_152
7,3,sub-07_ses-03_row-0546,0,104,2,svm,128,42,1,5,subject_specific,documented_152
7,3,sub-07_ses-03_row-0551,0,105,3,svm,128,42,1,5,subject_specific,documented_152
7,3,sub-07_ses-03_row-0562,1,107,0,svm,128,42,1,5,subject_specific,documented_152
7,3,sub-07_ses-03_row-0619,2,118,3,svm,128,42,1,5,subject_specific,documented_152
7,1,sub-07_ses-01_row-0220,2,42,2,svm,128,42,2,5,subject_specific,documented_152
7,1,sub-07_ses-01_row-0225,0,43,2,svm,128,42,2,5,subject_specific,documented_152
7,1,sub-07_ses-01_row-0230,1,44,3,svm,128,42,2,5,subject_specific,documented_152
7,1,sub-07_ses-01_row-0250,1,48,0,svm,128,42,2,5,subject_specific,documented_152
7,1,sub-07_ses-01_row-0282,1,54,2,svm,128,42,2,5,subject_specific,documented_152
7,1,sub-07_ses-01_row-0292,1,56,3,svm,128,42,2,5,subject_specific,documented_152
7,1,sub-07_ses-01_row-0327,3,63,0,svm,128,42,2,5,subject_specific,documented_152
7,1,sub-07_ses-01_row-0379,3,73,3,svm,128,42,2,5,subject_specific,documented_152
7,1,sub-07_ses-01_row-0384,0,74,0,svm,128,42,2,5,subject_specific,documented_152
7,1,sub-07_ses-01_row-0445,2,85,1,svm,128,42,2,5,subject_specific,documented_152
7,1,sub-07_ses-01_row-0470,0,90,1,svm,128,42,2,5,subject_specific,documented_152
7,1,sub-07_ses-01_row-0532,2,102,3,svm,128,42,2,5,subject_specific,documented_152
7,1,sub-07_ses-01_row-0544,3,104,1,svm,128,42,2,5,subject_specific,documented_152
7,1,sub-07_ses-01_row-0574,1,110,0,svm,128,42,2,5,subject_specific,documented_152
7,1,sub-07_ses-01_row-0579,1,111,1,svm,128,42,2,5,subject_specific,documented_152
7,2,sub-07_ses-02_row-0220,3,42,2,svm,128,42,2,5,subject_specific,documented_152
7,2,sub-07_ses-02_row-0255,0,49,2,svm,128,42,2,5,subject_specific,documented_152
7,2,sub-07_ses-02_row-0267,1,51,2,svm,128,42,2,5,subject_specific,documented_152
7,2,sub-07_ses-02_row-0277,0,53,1,svm,128,42,2,5,subject_specific,documented_152
7,2,sub-07_ses-02_row-0312,2,60,2,svm,128,42,2,5,subject_specific,documented_152
7,2,sub-07_ses-02_row-0317,0,61,1,svm,128,42,2,5,subject_specific,documented_152
7,2,sub-07_ses-02_row-0327,0,63,1,svm,128,42,2,5,subject_specific,documented_152
7,2,sub-07_ses-02_row-0364,1,70,0,svm,128,42,2,5,subject_specific,documented_152
7,2,sub-07_ses-02_row-0374,3,72,1,svm,128,42,2,5,subject_specific,documented_152
7,2,sub-07_ses-02_row-0425,2,81,1,svm,128,42,2,5,subject_specific,documented_152
7,2,sub-07_ses-02_row-0430,2,82,0,svm,128,42,2,5,subject_specific,documented_152
7,2,sub-07_ses-02_row-0440,2,84,2,svm,128,42,2,5,subject_specific,documented_152
7,2,sub-07_ses-02_row-0445,3,85,0,svm,128,42,2,5,subject_specific,documented_152
7,2,sub-07_ses-02_row-0450,0,86,0,svm,128,42,2,5,subject_specific,documented_152
7,2,sub-07_ses-02_row-0512,2,98,1,svm,128,42,2,5,subject_specific,documented_152
7,2,sub-07_ses-02_row-0532,1,102,0,svm,128,42,2,5,subject_specific,documented_152
7,2,sub-07_ses-02_row-0559,2,107,0,svm,128,42,2,5,subject_specific,documented_152
7,2,sub-07_ses-02_row-0579,1,111,2,svm,128,42,2,5,subject_specific,documented_152
7,2,sub-07_ses-02_row-0606,0,116,1,svm,128,42,2,5,subject_specific,documented_152
7,3,sub-07_ses-03_row-0262,3,50,0,svm,128,42,2,5,subject_specific,documented_152
7,3,sub-07_ses-03_row-0287,2,55,2,svm,128,42,2,5,subject_specific,documented_152
7,3,sub-07_ses-03_row-0292,0,56,3,svm,128,42,2,5,subject_specific,documented_152
7,3,sub-07_ses-03_row-0381,1,73,2,svm,128,42,2,5,subject_specific,documented_152
7,3,sub-07_ses-03_row-0386,3,74,3,svm,128,42,2,5,subject_specific,documented_152
7,3,sub-07_ses-03_row-0401,0,77,3,svm,128,42,2,5,subject_specific,documented_152
7,3,sub-07_ses-03_row-0452,0,86,0,svm,128,42,2,5,subject_specific,documented_152
7,3,sub-07_ses-03_row-0467,2,89,2,svm,128,42,2,5,subject_specific,documented_152
7,3,sub-07_ses-03_row-0474,2,90,1,svm,128,42,2,5,subject_specific,documented_152
7,3,sub-07_ses-03_row-0479,3,91,3,svm,128,42,2,5,subject_specific,documented_152
7,3,sub-07_ses-03_row-0484,3,92,1,svm,128,42,2,5,subject_specific,documented_152
7,3,sub-07_ses-03_row-0499,3,95,3,svm,128,42,2,5,subject_specific,documented_152
7,3,sub-07_ses-03_row-0572,3,109,2,svm,128,42,2,5,subject_specific,documented_152
7,3,sub-07_ses-03_row-0582,1,111,3,svm,128,42,2,5,subject_specific,documented_152
7,1,sub-07_ses-01_row-0297,1,57,0,svm,128,42,3,5,subject_specific,documented_152
7,1,sub-07_ses-01_row-0337,2,65,3,svm,128,42,3,5,subject_specific,documented_152
7,1,sub-07_ses-01_row-0342,3,66,1,svm,128,42,3,5,subject_specific,documented_152
7,1,sub-07_ses-01_row-0349,2,67,1,svm,128,42,3,5,subject_specific,documented_152
7,1,sub-07_ses-01_row-0364,2,70,3,svm,128,42,3,5,subject_specific,documented_152
7,1,sub-07_ses-01_row-0389,0,75,1,svm,128,42,3,5,subject_specific,documented_152
7,1,sub-07_ses-01_row-0455,1,87,2,svm,128,42,3,5,subject_specific,documented_152
7,1,sub-07_ses-01_row-0497,0,95,1,svm,128,42,3,5,subject_specific,documented_152
7,1,sub-07_ses-01_row-0507,3,97,2,svm,128,42,3,5,subject_specific,documented_152
7,1,sub-07_ses-01_row-0549,0,105,1,svm,128,42,3,5,subject_specific,documented_152
7,1,sub-07_ses-01_row-0604,0,116,3,svm,128,42,3,5,subject_specific,documented_152
7,2,sub-07_ses-02_row-0210,2,40,0,svm,128,42,3,5,subject_specific,documented_152
7,2,sub-07_ses-02_row-0230,0,44,2,svm,128,42,3,5,subject_specific,documented_152
7,2,sub-07_ses-02_row-0250,2,48,3,svm,128,42,3,5,subject_specific,documented_152
7,2,sub-07_ses-02_row-0272,1,52,0,svm,128,42,3,5,subject_specific,documented_152
7,2,sub-07_ses-02_row-0287,1,55,3,svm,128,42,3,5,subject_specific,documented_152
7,2,sub-07_ses-02_row-0297,1,57,0,svm,128,42,3,5,subject_specific,documented_152
7,2,sub-07_ses-02_row-0307,3,59,1,svm,128,42,3,5,subject_specific,documented_152
7,2,sub-07_ses-02_row-0332,2,64,2,svm,128,42,3,5,subject_specific,documented_152
7,2,sub-07_ses-02_row-0344,3,66,0,svm,128,42,3,5,subject_specific,documented_152
7,2,sub-07_ses-02_row-0384,3,74,1,svm,128,42,3,5,subject_specific,documented_152
7,2,sub-07_ses-02_row-0399,0,77,1,svm,128,42,3,5,subject_specific,documented_152
7,2,sub-07_ses-02_row-0411,3,79,0,svm,128,42,3,5,subject_specific,documented_152
7,2,sub-07_ses-02_row-0435,3,83,3,svm,128,42,3,5,subject_specific,documented_152
7,2,sub-07_ses-02_row-0455,3,87,0,svm,128,42,3,5,subject_specific,documented_152
7,2,sub-07_ses-02_row-0497,3,95,1,svm,128,42,3,5,subject_specific,documented_152
7,2,sub-07_ses-02_row-0507,1,97,0,svm,128,42,3,5,subject_specific,documented_152
7,2,sub-07_ses-02_row-0517,1,99,3,svm,128,42,3,5,subject_specific,documented_152
7,2,sub-07_ses-02_row-0527,0,101,3,svm,128,42,3,5,subject_specific,documented_152
7,2,sub-07_ses-02_row-0589,3,113,3,svm,128,42,3,5,subject_specific,documented_152
7,2,sub-07_ses-02_row-0594,2,114,0,svm,128,42,3,5,subject_specific,documented_152
7,3,sub-07_ses-03_row-0230,2,44,1,svm,128,42,3,5,subject_specific,documented_152
7,3,sub-07_ses-03_row-0240,2,46,3,svm,128,42,3,5,subject_specific,documented_152
7,3,sub-07_ses-03_row-0255,0,49,2,svm,128,42,3,5,subject_specific,documented_152
7,3,sub-07_ses-03_row-0297,2,57,2,svm,128,42,3,5,subject_specific,documented_152
7,3,sub-07_ses-03_row-0334,0,64,1,svm,128,42,3,5,subject_specific,documented_152
7,3,sub-07_ses-03_row-0359,3,69,3,svm,128,42,3,5,subject_specific,documented_152
7,3,sub-07_ses-03_row-0391,1,75,0,svm,128,42,3,5,subject_specific,documented_152
7,3,sub-07_ses-03_row-0427,1,81,2,svm,128,42,3,5,subject_specific,documented_152
7,3,sub-07_ses-03_row-0442,1,84,3,svm,128,42,3,5,subject_specific,documented_152
7,3,sub-07_ses-03_row-0462,2,88,3,svm,128,42,3,5,subject_specific,documented_152
7,3,sub-07_ses-03_row-0494,2,94,0,svm,128,42,3,5,subject_specific,documented_152
7,3,sub-07_ses-03_row-0514,0,98,0,svm,128,42,3,5,subject_specific,documented_152
7,3,sub-07_ses-03_row-0521,0,99,1,svm,128,42,3,5,subject_specific,documented_152
7,3,sub-07_ses-03_row-0567,1,108,1,svm,128,42,3,5,subject_specific,documented_152
7,3,sub-07_ses-03_row-0577,3,110,1,svm,128,42,3,5,subject_specific,documented_152
7,3,sub-07_ses-03_row-0597,0,114,1,svm,128,42,3,5,subject_specific,documented_152
7,3,sub-07_ses-03_row-0614,1,117,1,svm,128,42,3,5,subject_specific,documented_152
7,1,sub-07_ses-01_row-0240,1,46,1,svm,128,42,4,5,subject_specific,documented_152
7,1,sub-07_ses-01_row-0245,2,47,0,svm,128,42,4,5,subject_specific,documented_152
7,1,sub-07_ses-01_row-0255,3,49,2,svm,128,42,4,5,subject_specific,documented_152
7,1,sub-07_ses-01_row-0277,2,53,0,svm,128,42,4,5,subject_specific,documented_152
7,1,sub-07_ses-01_row-0287,1,55,1,svm,128,42,4,5,subject_specific,documented_152
7,1,sub-07_ses-01_row-0302,3,58,3,svm,128,42,4,5,subject_specific,documented_152
7,1,sub-07_ses-01_row-0317,2,61,0,svm,128,42,4,5,subject_specific,documented_152
7,1,sub-07_ses-01_row-0322,1,62,3,svm,128,42,4,5,subject_specific,documented_152
7,1,sub-07_ses-01_row-0359,1,69,1,svm,128,42,4,5,subject_specific,documented_152
7,1,sub-07_ses-01_row-0369,0,71,3,svm,128,42,4,5,subject_specific,documented_152
7,1,sub-07_ses-01_row-0420,0,80,1,svm,128,42,4,5,subject_specific,documented_152
7,1,sub-07_ses-01_row-0475,0,91,0,svm,128,42,4,5,subject_specific,documented_152
7,1,sub-07_ses-01_row-0480,3,92,0,svm,128,42,4,5,subject_specific,documented_152
7,1,sub-07_ses-01_row-0527,1,101,1,svm,128,42,4,5,subject_specific,documented_152
7,1,sub-07_ses-01_row-0594,3,114,2,svm,128,42,4,5,subject_specific,documented_152
7,1,sub-07_ses-01_row-0616,1,118,1,svm,128,42,4,5,subject_specific,documented_152
7,2,sub-07_ses-02_row-0215,3,41,0,svm,128,42,4,5,subject_specific,documented_152
7,2,sub-07_ses-02_row-0225,2,43,0,svm,128,42,4,5,subject_specific,documented_152
7,2,sub-07_ses-02_row-0245,2,47,0,svm,128,42,4,5,subject_specific,documented_152
7,2,sub-07_ses-02_row-0262,2,50,0,svm,128,42,4,5,subject_specific,documented_152
7,2,sub-07_ses-02_row-0359,2,69,1,svm,128,42,4,5,subject_specific,documented_152
7,2,sub-07_ses-02_row-0369,1,71,1,svm,128,42,4,5,subject_specific,documented_152
7,2,sub-07_ses-02_row-0470,0,90,1,svm,128,42,4,5,subject_specific,documented_152
7,2,sub-07_ses-02_row-0487,0,93,0,svm,128,42,4,5,subject_specific,documented_152
7,2,sub-07_ses-02_row-0502,1,96,0,svm,128,42,4,5,subject_specific,documented_152
7,2,sub-07_ses-02_row-0522,2,100,2,svm,128,42,4,5,subject_specific,documented_152
7,2,sub-07_ses-02_row-0554,0,106,3,svm,128,42,4,5,subject_specific,documented_152
7,2,sub-07_ses-02_row-0569,3,109,1,svm,128,42,4,5,subject_specific,documented_152
7,2,sub-07_ses-02_row-0574,3,110,0,svm,128,42,4,5,subject_specific,documented_152
7,2,sub-07_ses-02_row-0601,1,115,3,svm,128,42,4,5,subject_specific,documented_152
7,3,sub-07_ses-03_row-0210,0,40,0,svm,128,42,4,5,subject_specific,documented_152
7,3,sub-07_ses-03_row-0235,3,45,2,svm,128,42,4,5,subject_specific,documented_152
7,3,sub-07_ses-03_row-0307,0,59,3,svm,128,42,4,5,subject_specific,documented_152
7,3,sub-07_ses-03_row-0314,0,60,0,svm,128,42,4,5,subject_specific,documented_152
7,3,sub-07_ses-03_row-0319,2,61,0,svm,128,42,4,5,subject_specific,documented_152
7,3,sub-07_ses-03_row-0339,3,65,3,svm,128,42,4,5,subject_specific,documented_152
7,3,sub-07_ses-03_row-0344,0,66,0,svm,128,42,4,5,subject_specific,documented_152
7,3,sub-07_ses-03_row-0349,3,67,1,svm,128,42,4,5,subject_specific,documented_152
7,3,sub-07_ses-03_row-0371,1,71,0,svm,128,42,4,5,subject_specific,documented_152
7,3,sub-07_ses-03_row-0422,2,80,2,svm,128,42,4,5,subject_specific,documented_152
7,3,sub-07_ses-03_row-0437,1,83,1,svm,128,42,4,5,subject_specific,documented_152
7,3,sub-07_ses-03_row-0457,0,87,1,svm,128,42,4,5,subject_specific,documented_152
7,3,sub-07_ses-03_row-0504,2,96,3,svm,128,42,4,5,subject_specific,documented_152
7,3,sub-07_ses-03_row-0536,3,102,0,svm,128,42,4,5,subject_specific,documented_152
7,3,sub-07_ses-03_row-0556,2,106,3,svm,128,42,4,5,subject_specific,documented_152
7,3,sub-07_ses-03_row-0592,1,113,3,svm,128,42,4,5,subject_specific,documented_152
7,3,sub-07_ses-03_row-0609,3,116,0,svm,128,42,4,5,subject_specific,documented_152
7,3,sub-07_ses-03_row-0624,0,119,0,svm,128,42,4,5,subject_specific,documented_152
7,1,sub-07_ses-01_row-0235,0,45,1,svm,128,42,5,5,subject_specific,documented_152
7,1,sub-07_ses-01_row-0260,0,50,0,svm,128,42,5,5,subject_specific,documented_152
7,1,sub-07_ses-01_row-0265,0,51,3,svm,128,42,5,5,subject_specific,documented_152
7,1,sub-07_ses-01_row-0270,1,52,1,svm,128,42,5,5,subject_specific,documented_152
7,1,sub-07_ses-01_row-0307,2,59,2,svm,128,42,5,5,subject_specific,documented_152
7,1,sub-07_ses-01_row-0332,3,64,2,svm,128,42,5,5,subject_specific,documented_152
7,1,sub-07_ses-01_row-0354,3,68,3,svm,128,42,5,5,subject_specific,documented_152
7,1,sub-07_ses-01_row-0374,0,72,1,svm,128,42,5,5,subject_specific,documented_152
7,1,sub-07_ses-01_row-0401,2,77,3,svm,128,42,5,5,subject_specific,documented_152
7,1,sub-07_ses-01_row-0406,3,78,0,svm,128,42,5,5,subject_specific,documented_152
7,1,sub-07_ses-01_row-0430,2,82,2,svm,128,42,5,5,subject_specific,documented_152
7,1,sub-07_ses-01_row-0450,0,86,0,svm,128,42,5,5,subject_specific,documented_152
7,1,sub-07_ses-01_row-0460,1,88,3,svm,128,42,5,5,subject_specific,documented_152
7,1,sub-07_ses-01_row-0465,0,89,2,svm,128,42,5,5,subject_specific,documented_152
7,1,sub-07_ses-01_row-0492,2,94,0,svm,128,42,5,5,subject_specific,documented_152
7,1,sub-07_ses-01_row-0502,3,96,1,svm,128,42,5,5,subject_specific,documented_152
7,1,sub-07_ses-01_row-0537,3,103,1,svm,128,42,5,5,subject_specific,documented_152
7,1,sub-07_ses-01_row-0554,1,106,2,svm,128,42,5,5,subject_specific,documented_152
7,1,sub-07_ses-01_row-0564,2,108,3,svm,128,42,5,5,subject_specific,documented_152
7,1,sub-07_ses-01_row-0569,0,109,3,svm,128,42,5,5,subject_specific,documented_152
7,1,sub-07_ses-01_row-0584,1,112,3,svm,128,42,5,5,subject_specific,documented_152
7,1,sub-07_ses-01_row-0599,2,115,0,svm,128,42,5,5,subject_specific,documented_152
7,2,sub-07_ses-02_row-0282,1,54,0,svm,128,42,5,5,subject_specific,documented_152
7,2,sub-07_ses-02_row-0292,0,56,1,svm,128,42,5,5,subject_specific,documented_152
7,2,sub-07_ses-02_row-0302,1,58,3,svm,128,42,5,5,subject_specific,documented_152
7,2,sub-07_ses-02_row-0339,3,65,1,svm,128,42,5,5,subject_specific,documented_152
7,2,sub-07_ses-02_row-0354,3,68,1,svm,128,42,5,5,subject_specific,documented_152
7,2,sub-07_ses-02_row-0379,2,73,1,svm,128,42,5,5,subject_specific,documented_152
7,2,sub-07_ses-02_row-0394,0,76,2,svm,128,42,5,5,subject_specific,documented_152
7,2,sub-07_ses-02_row-0460,0,88,1,svm,128,42,5,5,subject_specific,documented_152
7,2,sub-07_ses-02_row-0465,3,89,0,svm,128,42,5,5,subject_specific,documented_152
7,2,sub-07_ses-02_row-0482,1,92,3,svm,128,42,5,5,subject_specific,documented_152
7,2,sub-07_ses-02_row-0537,3,103,0,svm,128,42,5,5,subject_specific,documented_152
7,2,sub-07_ses-02_row-0544,2,104,3,svm,128,42,5,5,subject_specific,documented_152
7,2,sub-07_ses-02_row-0584,1,112,1,svm,128,42,5,5,subject_specific,documented_152
7,2,sub-07_ses-02_row-0611,0,117,3,svm,128,42,5,5,subject_specific,documented_152
7,2,sub-07_ses-02_row-0616,2,118,1,svm,128,42,5,5,subject_specific,documented_152
7,2,sub-07_ses-02_row-0621,2,119,1,svm,128,42,5,5,subject_specific,documented_152
7,3,sub-07_ses-03_row-0225,0,43,2,svm,128,42,5,5,subject_specific,documented_152
7,3,sub-07_ses-03_row-0272,1,52,0,svm,128,42,5,5,subject_specific,documented_152
7,3,sub-07_ses-03_row-0302,2,58,2,svm,128,42,5,5,subject_specific,documented_152
7,3,sub-07_ses-03_row-0324,1,62,3,svm,128,42,5,5,subject_specific,documented_152
7,3,sub-07_ses-03_row-0396,3,76,3,svm,128,42,5,5,subject_specific,documented_152
7,3,sub-07_ses-03_row-0432,2,82,2,svm,128,42,5,5,subject_specific,documented_152
7,3,sub-07_ses-03_row-0447,1,85,0,svm,128,42,5,5,subject_specific,documented_152
7,3,sub-07_ses-03_row-0489,3,93,0,svm,128,42,5,5,subject_specific,documented_152
7,3,sub-07_ses-03_row-0587,1,112,0,svm,128,42,5,5,subject_specific,documented_152
7,3,sub-07_ses-03_row-0602,3,115,1,svm,128,42,5,5,subject_specific,documented_152
7,1,sub-07_ses-01_row-0210,3,40,2,svm,64,42,1,5,subject_specific,documented_152
7,1,sub-07_ses-01_row-0215,3,41,2,svm,64,42,1,5,subject_specific,documented_152
7,1,sub-07_ses-01_row-0312,2,60,1,svm,64,42,1,5,subject_specific,documented_152
7,1,sub-07_ses-01_row-0394,0,76,0,svm,64,42,1,5,subject_specific,documented_152
7,1,sub-07_ses-01_row-0411,0,79,0,svm,64,42,1,5,subject_specific,documented_152
7,1,sub-07_ses-01_row-0425,1,81,0,svm,64,42,1,5,subject_specific,documented_152
7,1,sub-07_ses-01_row-0435,2,83,0,svm,64,42,1,5,subject_specific,documented_152
7,1,sub-07_ses-01_row-0440,2,84,2,svm,64,42,1,5,subject_specific,documented_152
7,1,sub-07_ses-01_row-0487,1,93,3,svm,64,42,1,5,subject_specific,documented_152
7,1,sub-07_ses-01_row-0512,3,98,3,svm,64,42,1,5,subject_specific,documented_152
7,1,sub-07_ses-01_row-0517,0,99,0,svm,64,42,1,5,subject_specific,documented_152
7,1,sub-07_ses-01_row-0522,2,100,0,svm,64,42,1,5,subject_specific,documented_152
7,1,sub-07_ses-01_row-0559,3,107,1,svm,64,42,1,5,subject_specific,documented_152
7,1,sub-07_ses-01_row-0589,3,113,0,svm,64,42,1,5,subject_specific,documented_152
7,1,sub-07_ses-01_row-0611,3,117,1,svm,64,42,1,5,subject_specific,documented_152
7,1,sub-07_ses-01_row-0621,2,119,0,svm,64,42,1,5,subject_specific,documented_152
7,2,sub-07_ses-02_row-0235,2,45,2,svm,64,42,1,5,subject_specific,documented_152
7,2,sub-07_ses-02_row-0240,0,46,0,svm,64,42,1,5,subject_specific,documented_152
7,2,sub-07_ses-02_row-0322,1,62,3,svm,64,42,1,5,subject_specific,documented_152
7,2,sub-07_ses-02_row-0349,0,67,1,svm,64,42,1,5,subject_specific,documented_152
7,2,sub-07_ses-02_row-0389,1,75,0,svm,64,42,1,5,subject_specific,documented_152
7,2,sub-07_ses-02_row-0404,3,78,0,svm,64,42,1,5,subject_specific,documented_152
7,2,sub-07_ses-02_row-0420,1,80,2,svm,64,42,1,5,subject_specific,documented_152
7,2,sub-07_ses-02_row-0477,3,91,2,svm,64,42,1,5,subject_specific,documented_152
7,2,sub-07_ses-02_row-0492,1,94,2,svm,64,42,1,5,subject_specific,documented_152
7,2,sub-07_ses-02_row-0549,0,105,3,svm,64,42,1,5,subject_specific,documented_152
7,2,sub-07_ses-02_row-0564,0,108,3,svm,64,42,1,5,subject_specific,documented_152
7,3,sub-07_ses-03_row-0215,2,41,2,svm,64,42,1,5,subject_specific,documented_152
7,3,sub-07_ses-03_row-0220,0,42,2,svm,64,42,1,5,subject_specific,documented_152
7,3,sub-07_ses-03_row-0245,3,47,3,svm,64,42,1,5,subject_specific,documented_152
7,3,sub-07_ses-03_row-0250,1,48,1,svm,64,42,1,5,subject_specific,documented_152
7,3,sub-07_ses-03_row-0267,3,51,2,svm,64,42,1,5,subject_specific,documented_152
7,3,sub-07_ses-03_row-0277,1,53,1,svm,64,42,1,5,subject_specific,documented_152
7,3,sub-07_ses-03_row-0282,1,54,1,svm,64,42,1,5,subject_specific,documented_152
7,3,sub-07_ses-03_row-0329,2,63,0,svm,64,42,1,5,subject_specific,documented_152
7,3,sub-07_ses-03_row-0354,1,68,0,svm,64,42,1,5,subject_specific,documented_152
7,3,sub-07_ses-03_row-0366,2,70,0,svm,64,42,1,5,subject_specific,documented_152
7,3,sub-07_ses-03_row-0376,2,72,1,svm,64,42,1,5,subject_specific,documented_152
7,3,sub-07_ses-03_row-0406,1,78,0,svm,64,42,1,5,subject_specific,documented_152
7,3,sub-07_ses-03_row-0411,3,79,2,svm,64,42,1,5,subject_specific,documented_152
7,3,sub-07_ses-03_row-0509,2,97,2,svm,64,42,1,5,subject_specific,documented_152
7,3,sub-07_ses-03_row-0526,3,100,1,svm,64,42,1,5,subject_specific,documented_152
7,3,sub-07_ses-03_row-0531,0,101,0,svm,64,42,1,5,subject_specific,documented_152
7,3,sub-07_ses-03_row-0541,0,103,0,svm,64,42,1,5,subject_specific,documented_152
7,3,sub-07_ses-03_row-0546,0,104,2,svm,64,42,1,5,subject_specific,documented_152
7,3,sub-07_ses-03_row-0551,0,105,3,svm,64,42,1,5,subject_specific,documented_152
7,3,sub-07_ses-03_row-0562,1,107,2,svm,64,42,1,5,subject_specific,documented_152
7,3,sub-07_ses-03_row-0619,2,118,3,svm,64,42,1,5,subject_specific,documented_152
7,1,sub-07_ses-01_row-0220,2,42,2,svm,64,42,2,5,subject_specific,documented_152
7,1,sub-07_ses-01_row-0225,0,43,2,svm,64,42,2,5,subject_specific,documented_152
7,1,sub-07_ses-01_row-0230,1,44,0,svm,64,42,2,5,subject_specific,documented_152
7,1,sub-07_ses-01_row-0250,1,48,0,svm,64,42,2,5,subject_specific,documented_152
7,1,sub-07_ses-01_row-0282,1,54,3,svm,64,42,2,5,subject_specific,documented_152
7,1,sub-07_ses-01_row-0292,1,56,3,svm,64,42,2,5,subject_specific,documented_152
7,1,sub-07_ses-01_row-0327,3,63,0,svm,64,42,2,5,subject_specific,documented_152
7,1,sub-07_ses-01_row-0379,3,73,3,svm,64,42,2,5,subject_specific,documented_152
7,1,sub-07_ses-01_row-0384,0,74,1,svm,64,42,2,5,subject_specific,documented_152
7,1,sub-07_ses-01_row-0445,2,85,0,svm,64,42,2,5,subject_specific,documented_152
7,1,sub-07_ses-01_row-0470,0,90,1,svm,64,42,2,5,subject_specific,documented_152
7,1,sub-07_ses-01_row-0532,2,102,3,svm,64,42,2,5,subject_specific,documented_152
7,1,sub-07_ses-01_row-0544,3,104,1,svm,64,42,2,5,subject_specific,documented_152
7,1,sub-07_ses-01_row-0574,1,110,3,svm,64,42,2,5,subject_specific,documented_152
7,1,sub-07_ses-01_row-0579,1,111,2,svm,64,42,2,5,subject_specific,documented_152
7,2,sub-07_ses-02_row-0220,3,42,2,svm,64,42,2,5,subject_specific,documented_152
7,2,sub-07_ses-02_row-0255,0,49,2,svm,64,42,2,5,subject_specific,documented_152
7,2,sub-07_ses-02_row-0267,1,51,3,svm,64,42,2,5,subject_specific,documented_152
7,2,sub-07_ses-02_row-0277,0,53,0,svm,64,42,2,5,subject_specific,documented_152
7,2,sub-07_ses-02_row-0312,2,60,0,svm,64,42,2,5,subject_specific,documented_152
7,2,sub-07_ses-02_row-0317,0,61,0,svm,64,42,2,5,subject_specific,documented_152
7,2,sub-07_ses-02_row-0327,0,63,1,svm,64,42,2,5,subject_specific,documented_152
7,2,sub-07_ses-02_row-0364,1,70,3,svm,64,42,2,5,subject_specific,documented_152
7,2,sub-07_ses-02_row-0374,3,72,0,svm,64,42,2,5,subject_specific,documented_152
7,2,sub-07_ses-02_row-0425,2,81,2,svm,64,42,2,5,subject_specific,documented_152
7,2,sub-07_ses-02_row-0430,2,82,0,svm,64,42,2,5,subject_specific,documented_152
7,2,sub-07_ses-02_row-0440,2,84,2,svm,64,42,2,5,subject_specific,documented_152
7,2,sub-07_ses-02_row-0445,3,85,0,svm,64,42,2,5,subject_specific,documented_152
7,2,sub-07_ses-02_row-0450,0,86,0,svm,64,42,2,5,subject_specific,documented_152
7,2,sub-07_ses-02_row-0512,2,98,0,svm,64,42,2,5,subject_specific,documented_152
7,2,sub-07_ses-02_row-0532,1,102,2,svm,64,42,2,5,subject_specific,documented_152
7,2,sub-07_ses-02_row-0559,2,107,3,svm,64,42,2,5,subject_specific,documented_152
7,2,sub-07_ses-02_row-0579,1,111,2,svm,64,42,2,5,subject_specific,documented_152
7,2,sub-07_ses-02_row-0606,0,116,0,svm,64,42,2,5,subject_specific,documented_152
7,3,sub-07_ses-03_row-0262,3,50,0,svm,64,42,2,5,subject_specific,documented_152
7,3,sub-07_ses-03_row-0287,2,55,2,svm,64,42,2,5,subject_specific,documented_152
7,3,sub-07_ses-03_row-0292,0,56,3,svm,64,42,2,5,subject_specific,documented_152
7,3,sub-07_ses-03_row-0381,1,73,2,svm,64,42,2,5,subject_specific,documented_152
7,3,sub-07_ses-03_row-0386,3,74,3,svm,64,42,2,5,subject_specific,documented_152
7,3,sub-07_ses-03_row-0401,0,77,0,svm,64,42,2,5,subject_specific,documented_152
7,3,sub-07_ses-03_row-0452,0,86,0,svm,64,42,2,5,subject_specific,documented_152
7,3,sub-07_ses-03_row-0467,2,89,2,svm,64,42,2,5,subject_specific,documented_152
7,3,sub-07_ses-03_row-0474,2,90,1,svm,64,42,2,5,subject_specific,documented_152
7,3,sub-07_ses-03_row-0479,3,91,0,svm,64,42,2,5,subject_specific,documented_152
7,3,sub-07_ses-03_row-0484,3,92,2,svm,64,42,2,5,subject_specific,documented_152
7,3,sub-07_ses-03_row-0499,3,95,3,svm,64,42,2,5,subject_specific,documented_152
7,3,sub-07_ses-03_row-0572,3,109,2,svm,64,42,2,5,subject_specific,documented_152
7,3,sub-07_ses-03_row-0582,1,111,0,svm,64,42,2,5,subject_specific,documented_152
7,1,sub-07_ses-01_row-0297,1,57,2,svm,64,42,3,5,subject_specific,documented_152
7,1,sub-07_ses-01_row-0337,2,65,1,svm,64,42,3,5,subject_specific,documented_152
7,1,sub-07_ses-01_row-0342,3,66,3,svm,64,42,3,5,subject_specific,documented_152
7,1,sub-07_ses-01_row-0349,2,67,1,svm,64,42,3,5,subject_specific,documented_152
7,1,sub-07_ses-01_row-0364,2,70,2,svm,64,42,3,5,subject_specific,documented_152
7,1,sub-07_ses-01_row-0389,0,75,1,svm,64,42,3,5,subject_specific,documented_152
7,1,sub-07_ses-01_row-0455,1,87,2,svm,64,42,3,5,subject_specific,documented_152
7,1,sub-07_ses-01_row-0497,0,95,3,svm,64,42,3,5,subject_specific,documented_152
7,1,sub-07_ses-01_row-0507,3,97,0,svm,64,42,3,5,subject_specific,documented_152
7,1,sub-07_ses-01_row-0549,0,105,2,svm,64,42,3,5,subject_specific,documented_152
7,1,sub-07_ses-01_row-0604,0,116,3,svm,64,42,3,5,subject_specific,documented_152
7,2,sub-07_ses-02_row-0210,2,40,0,svm,64,42,3,5,subject_specific,documented_152
7,2,sub-07_ses-02_row-0230,0,44,2,svm,64,42,3,5,subject_specific,documented_152
7,2,sub-07_ses-02_row-0250,2,48,3,svm,64,42,3,5,subject_specific,documented_152
7,2,sub-07_ses-02_row-0272,1,52,2,svm,64,42,3,5,subject_specific,documented_152
7,2,sub-07_ses-02_row-0287,1,55,3,svm,64,42,3,5,subject_specific,documented_152
7,2,sub-07_ses-02_row-0297,1,57,0,svm,64,42,3,5,subject_specific,documented_152
7,2,sub-07_ses-02_row-0307,3,59,1,svm,64,42,3,5,subject_specific,documented_152
7,2,sub-07_ses-02_row-0332,2,64,2,svm,64,42,3,5,subject_specific,documented_152
7,2,sub-07_ses-02_row-0344,3,66,0,svm,64,42,3,5,subject_specific,documented_152
7,2,sub-07_ses-02_row-0384,3,74,0,svm,64,42,3,5,subject_specific,documented_152
7,2,sub-07_ses-02_row-0399,0,77,2,svm,64,42,3,5,subject_specific,documented_152
7,2,sub-07_ses-02_row-0411,3,79,3,svm,64,42,3,5,subject_specific,documented_152
7,2,sub-07_ses-02_row-0435,3,83,3,svm,64,42,3,5,subject_specific,documented_152
7,2,sub-07_ses-02_row-0455,3,87,1,svm,64,42,3,5,subject_specific,documented_152
7,2,sub-07_ses-02_row-0497,3,95,1,svm,64,42,3,5,subject_specific,documented_152
7,2,sub-07_ses-02_row-0507,1,97,0,svm,64,42,3,5,subject_specific,documented_152
7,2,sub-07_ses-02_row-0517,1,99,3,svm,64,42,3,5,subject_specific,documented_152
7,2,sub-07_ses-02_row-0527,0,101,3,svm,64,42,3,5,subject_specific,documented_152
7,2,sub-07_ses-02_row-0589,3,113,3,svm,64,42,3,5,subject_specific,documented_152
7,2,sub-07_ses-02_row-0594,2,114,0,svm,64,42,3,5,subject_specific,documented_152
7,3,sub-07_ses-03_row-0230,2,44,0,svm,64,42,3,5,subject_specific,documented_152
7,3,sub-07_ses-03_row-0240,2,46,3,svm,64,42,3,5,subject_specific,documented_152
7,3,sub-07_ses-03_row-0255,0,49,2,svm,64,42,3,5,subject_specific,documented_152
7,3,sub-07_ses-03_row-0297,2,57,2,svm,64,42,3,5,subject_specific,documented_152
7,3,sub-07_ses-03_row-0334,0,64,1,svm,64,42,3,5,subject_specific,documented_152
7,3,sub-07_ses-03_row-0359,3,69,3,svm,64,42,3,5,subject_specific,documented_152
7,3,sub-07_ses-03_row-0391,1,75,0,svm,64,42,3,5,subject_specific,documented_152
7,3,sub-07_ses-03_row-0427,1,81,1,svm,64,42,3,5,subject_specific,documented_152
7,3,sub-07_ses-03_row-0442,1,84,0,svm,64,42,3,5,subject_specific,documented_152
7,3,sub-07_ses-03_row-0462,2,88,3,svm,64,42,3,5,subject_specific,documented_152
7,3,sub-07_ses-03_row-0494,2,94,0,svm,64,42,3,5,subject_specific,documented_152
7,3,sub-07_ses-03_row-0514,0,98,0,svm,64,42,3,5,subject_specific,documented_152
7,3,sub-07_ses-03_row-0521,0,99,1,svm,64,42,3,5,subject_specific,documented_152
7,3,sub-07_ses-03_row-0567,1,108,1,svm,64,42,3,5,subject_specific,documented_152
7,3,sub-07_ses-03_row-0577,3,110,1,svm,64,42,3,5,subject_specific,documented_152
7,3,sub-07_ses-03_row-0597,0,114,1,svm,64,42,3,5,subject_specific,documented_152
7,3,sub-07_ses-03_row-0614,1,117,2,svm,64,42,3,5,subject_specific,documented_152
7,1,sub-07_ses-01_row-0240,1,46,1,svm,64,42,4,5,subject_specific,documented_152
7,1,sub-07_ses-01_row-0245,2,47,0,svm,64,42,4,5,subject_specific,documented_152
7,1,sub-07_ses-01_row-0255,3,49,2,svm,64,42,4,5,subject_specific,documented_152
7,1,sub-07_ses-01_row-0277,2,53,0,svm,64,42,4,5,subject_specific,documented_152
7,1,sub-07_ses-01_row-0287,1,55,1,svm,64,42,4,5,subject_specific,documented_152
7,1,sub-07_ses-01_row-0302,3,58,3,svm,64,42,4,5,subject_specific,documented_152
7,1,sub-07_ses-01_row-0317,2,61,2,svm,64,42,4,5,subject_specific,documented_152
7,1,sub-07_ses-01_row-0322,1,62,3,svm,64,42,4,5,subject_specific,documented_152
7,1,sub-07_ses-01_row-0359,1,69,1,svm,64,42,4,5,subject_specific,documented_152
7,1,sub-07_ses-01_row-0369,0,71,3,svm,64,42,4,5,subject_specific,documented_152
7,1,sub-07_ses-01_row-0420,0,80,1,svm,64,42,4,5,subject_specific,documented_152
7,1,sub-07_ses-01_row-0475,0,91,3,svm,64,42,4,5,subject_specific,documented_152
7,1,sub-07_ses-01_row-0480,3,92,0,svm,64,42,4,5,subject_specific,documented_152
7,1,sub-07_ses-01_row-0527,1,101,1,svm,64,42,4,5,subject_specific,documented_152
7,1,sub-07_ses-01_row-0594,3,114,2,svm,64,42,4,5,subject_specific,documented_152
7,1,sub-07_ses-01_row-0616,1,118,3,svm,64,42,4,5,subject_specific,documented_152
7,2,sub-07_ses-02_row-0215,3,41,0,svm,64,42,4,5,subject_specific,documented_152
7,2,sub-07_ses-02_row-0225,2,43,0,svm,64,42,4,5,subject_specific,documented_152
7,2,sub-07_ses-02_row-0245,2,47,0,svm,64,42,4,5,subject_specific,documented_152
7,2,sub-07_ses-02_row-0262,2,50,0,svm,64,42,4,5,subject_specific,documented_152
7,2,sub-07_ses-02_row-0359,2,69,1,svm,64,42,4,5,subject_specific,documented_152
7,2,sub-07_ses-02_row-0369,1,71,1,svm,64,42,4,5,subject_specific,documented_152
7,2,sub-07_ses-02_row-0470,0,90,0,svm,64,42,4,5,subject_specific,documented_152
7,2,sub-07_ses-02_row-0487,0,93,0,svm,64,42,4,5,subject_specific,documented_152
7,2,sub-07_ses-02_row-0502,1,96,0,svm,64,42,4,5,subject_specific,documented_152
7,2,sub-07_ses-02_row-0522,2,100,0,svm,64,42,4,5,subject_specific,documented_152
7,2,sub-07_ses-02_row-0554,0,106,3,svm,64,42,4,5,subject_specific,documented_152
7,2,sub-07_ses-02_row-0569,3,109,1,svm,64,42,4,5,subject_specific,documented_152
7,2,sub-07_ses-02_row-0574,3,110,3,svm,64,42,4,5,subject_specific,documented_152
7,2,sub-07_ses-02_row-0601,1,115,3,svm,64,42,4,5,subject_specific,documented_152
7,3,sub-07_ses-03_row-0210,0,40,0,svm,64,42,4,5,subject_specific,documented_152
7,3,sub-07_ses-03_row-0235,3,45,2,svm,64,42,4,5,subject_specific,documented_152
7,3,sub-07_ses-03_row-0307,0,59,3,svm,64,42,4,5,subject_specific,documented_152
7,3,sub-07_ses-03_row-0314,0,60,0,svm,64,42,4,5,subject_specific,documented_152
7,3,sub-07_ses-03_row-0319,2,61,0,svm,64,42,4,5,subject_specific,documented_152
7,3,sub-07_ses-03_row-0339,3,65,0,svm,64,42,4,5,subject_specific,documented_152
7,3,sub-07_ses-03_row-0344,0,66,0,svm,64,42,4,5,subject_specific,documented_152
7,3,sub-07_ses-03_row-0349,3,67,0,svm,64,42,4,5,subject_specific,documented_152
7,3,sub-07_ses-03_row-0371,1,71,0,svm,64,42,4,5,subject_specific,documented_152
7,3,sub-07_ses-03_row-0422,2,80,2,svm,64,42,4,5,subject_specific,documented_152
7,3,sub-07_ses-03_row-0437,1,83,1,svm,64,42,4,5,subject_specific,documented_152
7,3,sub-07_ses-03_row-0457,0,87,3,svm,64,42,4,5,subject_specific,documented_152
7,3,sub-07_ses-03_row-0504,2,96,3,svm,64,42,4,5,subject_specific,documented_152
7,3,sub-07_ses-03_row-0536,3,102,0,svm,64,42,4,5,subject_specific,documented_152
7,3,sub-07_ses-03_row-0556,2,106,1,svm,64,42,4,5,subject_specific,documented_152
7,3,sub-07_ses-03_row-0592,1,113,3,svm,64,42,4,5,subject_specific,documented_152
7,3,sub-07_ses-03_row-0609,3,116,3,svm,64,42,4,5,subject_specific,documented_152
7,3,sub-07_ses-03_row-0624,0,119,2,svm,64,42,4,5,subject_specific,documented_152
7,1,sub-07_ses-01_row-0235,0,45,2,svm,64,42,5,5,subject_specific,documented_152
7,1,sub-07_ses-01_row-0260,0,50,0,svm,64,42,5,5,subject_specific,documented_152
7,1,sub-07_ses-01_row-0265,0,51,3,svm,64,42,5,5,subject_specific,documented_152
7,1,sub-07_ses-01_row-0270,1,52,1,svm,64,42,5,5,subject_specific,documented_152
7,1,sub-07_ses-01_row-0307,2,59,2,svm,64,42,5,5,subject_specific,documented_152
7,1,sub-07_ses-01_row-0332,3,64,3,svm,64,42,5,5,subject_specific,documented_152
7,1,sub-07_ses-01_row-0354,3,68,1,svm,64,42,5,5,subject_specific,documented_152
7,1,sub-07_ses-01_row-0374,0,72,3,svm,64,42,5,5,subject_specific,documented_152
7,1,sub-07_ses-01_row-0401,2,77,3,svm,64,42,5,5,subject_specific,documented_152
7,1,sub-07_ses-01_row-0406,3,78,3,svm,64,42,5,5,subject_specific,documented_152
7,1,sub-07_ses-01_row-0430,2,82,2,svm,64,42,5,5,subject_specific,documented_152
7,1,sub-07_ses-01_row-0450,0,86,0,svm,64,42,5,5,subject_specific,documented_152
7,1,sub-07_ses-01_row-0460,1,88,2,svm,64,42,5,5,subject_specific,documented_152
7,1,sub-07_ses-01_row-0465,0,89,3,svm,64,42,5,5,subject_specific,documented_152
7,1,sub-07_ses-01_row-0492,2,94,0,svm,64,42,5,5,subject_specific,documented_152
7,1,sub-07_ses-01_row-0502,3,96,1,svm,64,42,5,5,subject_specific,documented_152
7,1,sub-07_ses-01_row-0537,3,103,1,svm,64,42,5,5,subject_specific,documented_152
7,1,sub-07_ses-01_row-0554,1,106,2,svm,64,42,5,5,subject_specific,documented_152
7,1,sub-07_ses-01_row-0564,2,108,1,svm,64,42,5,5,subject_specific,documented_152
7,1,sub-07_ses-01_row-0569,0,109,3,svm,64,42,5,5,subject_specific,documented_152
7,1,sub-07_ses-01_row-0584,1,112,3,svm,64,42,5,5,subject_specific,documented_152
7,1,sub-07_ses-01_row-0599,2,115,0,svm,64,42,5,5,subject_specific,documented_152
7,2,sub-07_ses-02_row-0282,1,54,1,svm,64,42,5,5,subject_specific,documented_152
7,2,sub-07_ses-02_row-0292,0,56,1,svm,64,42,5,5,subject_specific,documented_152
7,2,sub-07_ses-02_row-0302,1,58,1,svm,64,42,5,5,subject_specific,documented_152
7,2,sub-07_ses-02_row-0339,3,65,0,svm,64,42,5,5,subject_specific,documented_152
7,2,sub-07_ses-02_row-0354,3,68,1,svm,64,42,5,5,subject_specific,documented_152
7,2,sub-07_ses-02_row-0379,2,73,1,svm,64,42,5,5,subject_specific,documented_152
7,2,sub-07_ses-02_row-0394,0,76,1,svm,64,42,5,5,subject_specific,documented_152
7,2,sub-07_ses-02_row-0460,0,88,0,svm,64,42,5,5,subject_specific,documented_152
7,2,sub-07_ses-02_row-0465,3,89,0,svm,64,42,5,5,subject_specific,documented_152
7,2,sub-07_ses-02_row-0482,1,92,1,svm,64,42,5,5,subject_specific,documented_152
7,2,sub-07_ses-02_row-0537,3,103,0,svm,64,42,5,5,subject_specific,documented_152
7,2,sub-07_ses-02_row-0544,2,104,3,svm,64,42,5,5,subject_specific,documented_152
7,2,sub-07_ses-02_row-0584,1,112,1,svm,64,42,5,5,subject_specific,documented_152
7,2,sub-07_ses-02_row-0611,0,117,3,svm,64,42,5,5,subject_specific,documented_152
7,2,sub-07_ses-02_row-0616,2,118,1,svm,64,42,5,5,subject_specific,documented_152
7,2,sub-07_ses-02_row-0621,2,119,1,svm,64,42,5,5,subject_specific,documented_152
7,3,sub-07_ses-03_row-0225,0,43,2,svm,64,42,5,5,subject_specific,documented_152
7,3,sub-07_ses-03_row-0272,1,52,0,svm,64,42,5,5,subject_specific,documented_152
7,3,sub-07_ses-03_row-0302,2,58,2,svm,64,42,5,5,subject_specific,documented_152
7,3,sub-07_ses-03_row-0324,1,62,3,svm,64,42,5,5,subject_specific,documented_152
7,3,sub-07_ses-03_row-0396,3,76,0,svm,64,42,5,5,subject_specific,documented_152
7,3,sub-07_ses-03_row-0432,2,82,2,svm,64,42,5,5,subject_specific,documented_152
7,3,sub-07_ses-03_row-0447,1,85,0,svm,64,42,5,5,subject_specific,documented_152
7,3,sub-07_ses-03_row-0489,3,93,0,svm,64,42,5,5,subject_specific,documented_152
7,3,sub-07_ses-03_row-0587,1,112,0,svm,64,42,5,5,subject_specific,documented_152
7,3,sub-07_ses-03_row-0602,3,115,1,svm,64,42,5,5,subject_specific,documented_152
7,1,sub-07_ses-01_row-0210,3,40,2,svm,32,42,1,5,subject_specific,documented_152
7,1,sub-07_ses-01_row-0215,3,41,2,svm,32,42,1,5,subject_specific,documented_152
7,1,sub-07_ses-01_row-0312,2,60,1,svm,32,42,1,5,subject_specific,documented_152
7,1,sub-07_ses-01_row-0394,0,76,1,svm,32,42,1,5,subject_specific,documented_152
7,1,sub-07_ses-01_row-0411,0,79,0,svm,32,42,1,5,subject_specific,documented_152
7,1,sub-07_ses-01_row-0425,1,81,2,svm,32,42,1,5,subject_specific,documented_152
7,1,sub-07_ses-01_row-0435,2,83,0,svm,32,42,1,5,subject_specific,documented_152
7,1,sub-07_ses-01_row-0440,2,84,2,svm,32,42,1,5,subject_specific,documented_152
7,1,sub-07_ses-01_row-0487,1,93,3,svm,32,42,1,5,subject_specific,documented_152
7,1,sub-07_ses-01_row-0512,3,98,3,svm,32,42,1,5,subject_specific,documented_152
7,1,sub-07_ses-01_row-0517,0,99,2,svm,32,42,1,5,subject_specific,documented_152
7,1,sub-07_ses-01_row-0522,2,100,0,svm,32,42,1,5,subject_specific,documented_152
7,1,sub-07_ses-01_row-0559,3,107,1,svm,32,42,1,5,subject_specific,documented_152
7,1,sub-07_ses-01_row-0589,3,113,0,svm,32,42,1,5,subject_specific,documented_152
7,1,sub-07_ses-01_row-0611,3,117,0,svm,32,42,1,5,subject_specific,documented_152
7,1,sub-07_ses-01_row-0621,2,119,1,svm,32,42,1,5,subject_specific,documented_152
7,2,sub-07_ses-02_row-0235,2,45,3,svm,32,42,1,5,subject_specific,documented_152
7,2,sub-07_ses-02_row-0240,0,46,0,svm,32,42,1,5,subject_specific,documented_152
7,2,sub-07_ses-02_row-0322,1,62,2,svm,32,42,1,5,subject_specific,documented_152
7,2,sub-07_ses-02_row-0349,0,67,1,svm,32,42,1,5,subject_specific,documented_152
7,2,sub-07_ses-02_row-0389,1,75,0,svm,32,42,1,5,subject_specific,documented_152
7,2,sub-07_ses-02_row-0404,3,78,0,svm,32,42,1,5,subject_specific,documented_152
7,2,sub-07_ses-02_row-0420,1,80,2,svm,32,42,1,5,subject_specific,documented_152
7,2,sub-07_ses-02_row-0477,3,91,2,svm,32,42,1,5,subject_specific,documented_152
7,2,sub-07_ses-02_row-0492,1,94,0,svm,32,42,1,5,subject_specific,documented_152
7,2,sub-07_ses-02_row-0549,0,105,3,svm,32,42,1,5,subject_specific,documented_152
7,2,sub-07_ses-02_row-0564,0,108,2,svm,32,42,1,5,subject_specific,documented_152
7,3,sub-07_ses-03_row-0215,2,41,2,svm,32,42,1,5,subject_specific,documented_152
7,3,sub-07_ses-03_row-0220,0,42,2,svm,32,42,1,5,subject_specific,documented_152
7,3,sub-07_ses-03_row-0245,3,47,0,svm,32,42,1,5,subject_specific,documented_152
7,3,sub-07_ses-03_row-0250,1,48,3,svm,32,42,1,5,subject_specific,documented_152
7,3,sub-07_ses-03_row-0267,3,51,2,svm,32,42,1,5,subject_specific,documented_152
7,3,sub-07_ses-03_row-0277,1,53,1,svm,32,42,1,5,subject_specific,documented_152
7,3,sub-07_ses-03_row-0282,1,54,2,svm,32,42,1,5,subject_specific,documented_152
7,3,sub-07_ses-03_row-0329,2,63,0,svm,32,42,1,5,subject_specific,documented_152
7,3,sub-07_ses-03_row-0354,1,68,2,svm,32,42,1,5,subject_specific,documented_152
7,3,sub-07_ses-03_row-0366,2,70,2,svm,32,42,1,5,subject_specific,documented_152
7,3,sub-07_ses-03_row-0376,2,72,1,svm,32,42,1,5,subject_specific,documented_152
7,3,sub-07_ses-03_row-0406,1,78,0,svm,32,42,1,5,subject_specific,documented_152
7,3,sub-07_ses-03_row-0411,3,79,2,svm,32,42,1,5,subject_specific,documented_152
7,3,sub-07_ses-03_row-0509,2,97,2,svm,32,42,1,5,subject_specific,documented_152
7,3,sub-07_ses-03_row-0526,3,100,3,svm,32,42,1,5,subject_specific,documented_152
7,3,sub-07_ses-03_row-0531,0,101,0,svm,32,42,1,5,subject_specific,documented_152
7,3,sub-07_ses-03_row-0541,0,103,0,svm,32,42,1,5,subject_specific,documented_152
7,3,sub-07_ses-03_row-0546,0,104,3,svm,32,42,1,5,subject_specific,documented_152
7,3,sub-07_ses-03_row-0551,0,105,3,svm,32,42,1,5,subject_specific,documented_152
7,3,sub-07_ses-03_row-0562,1,107,1,svm,32,42,1,5,subject_specific,documented_152
7,3,sub-07_ses-03_row-0619,2,118,3,svm,32,42,1,5,subject_specific,documented_152
7,1,sub-07_ses-01_row-0220,2,42,2,svm,32,42,2,5,subject_specific,documented_152
7,1,sub-07_ses-01_row-0225,0,43,2,svm,32,42,2,5,subject_specific,documented_152
7,1,sub-07_ses-01_row-0230,1,44,0,svm,32,42,2,5,subject_specific,documented_152
7,1,sub-07_ses-01_row-0250,1,48,0,svm,32,42,2,5,subject_specific,documented_152
7,1,sub-07_ses-01_row-0282,1,54,1,svm,32,42,2,5,subject_specific,documented_152
7,1,sub-07_ses-01_row-0292,1,56,3,svm,32,42,2,5,subject_specific,documented_152
7,1,sub-07_ses-01_row-0327,3,63,0,svm,32,42,2,5,subject_specific,documented_152
7,1,sub-07_ses-01_row-0379,3,73,1,svm,32,42,2,5,subject_specific,documented_152
7,1,sub-07_ses-01_row-0384,0,74,2,svm,32,42,2,5,subject_specific,documented_152
7,1,sub-07_ses-01_row-0445,2,85,0,svm,32,42,2,5,subject_specific,documented_152
7,1,sub-07_ses-01_row-0470,0,90,1,svm,32,42,2,5,subject_specific,documented_152
7,1,sub-07_ses-01_row-0532,2,102,3,svm,32,42,2,5,subject_specific,documented_152
7,1,sub-07_ses-01_row-0544,3,104,0,svm,32,42,2,5,subject_specific,documented_152
7,1,sub-07_ses-01_row-0574,1,110,2,svm,32,42,2,5,subject_specific,documented_152
7,1,sub-07_ses-01_row-0579,1,111,2,svm,32,42,2,5,subject_specific,documented_152
7,2,sub-07_ses-02_row-0220,3,42,2,svm,32,42,2,5,subject_specific,documented_152
7,2,sub-07_ses-02_row-0255,0,49,2,svm,32,42,2,5,subject_specific,documented_152
7,2,sub-07_ses-02_row-0267,1,51,3,svm,32,42,2,5,subject_specific,documented_152
7,2,sub-07_ses-02_row-0277,0,53,1,svm,32,42,2,5,subject_specific,documented_152
7,2,sub-07_ses-02_row-0312,2,60,0,svm,32,42,2,5,subject_specific,documented_152
7,2,sub-07_ses-02_row-0317,0,61,2,svm,32,42,2,5,subject_specific,documented_152
7,2,sub-07_ses-02_row-0327,0,63,1,svm,32,42,2,5,subject_specific,documented_152
7,2,sub-07_ses-02_row-0364,1,70,0,svm,32,42,2,5,subject_specific,documented_152
7,2,sub-07_ses-02_row-0374,3,72,1,svm,32,42,2,5,subject_specific,documented_152
7,2,sub-07_ses-02_row-0425,2,81,2,svm,32,42,2,5,subject_specific,documented_152
7,2,sub-07_ses-02_row-0430,2,82,0,svm,32,42,2,5,subject_specific,documented_152
7,2,sub-07_ses-02_row-0440,2,84,2,svm,32,42,2,5,subject_specific,documented_152
7,2,sub-07_ses-02_row-0445,3,85,0,svm,32,42,2,5,subject_specific,documented_152
7,2,sub-07_ses-02_row-0450,0,86,2,svm,32,42,2,5,subject_specific,documented_152
7,2,sub-07_ses-02_row-0512,2,98,0,svm,32,42,2,5,subject_specific,documented_152
7,2,sub-07_ses-02_row-0532,1,102,0,svm,32,42,2,5,subject_specific,documented_152
7,2,sub-07_ses-02_row-0559,2,107,0,svm,32,42,2,5,subject_specific,documented_152
7,2,sub-07_ses-02_row-0579,1,111,2,svm,32,42,2,5,subject_specific,documented_152
7,2,sub-07_ses-02_row-0606,0,116,1,svm,32,42,2,5,subject_specific,documented_152
7,3,sub-07_ses-03_row-0262,3,50,0,svm,32,42,2,5,subject_specific,documented_152
7,3,sub-07_ses-03_row-0287,2,55,2,svm,32,42,2,5,subject_specific,documented_152
7,3,sub-07_ses-03_row-0292,0,56,1,svm,32,42,2,5,subject_specific,documented_152
7,3,sub-07_ses-03_row-0381,1,73,2,svm,32,42,2,5,subject_specific,documented_152
7,3,sub-07_ses-03_row-0386,3,74,3,svm,32,42,2,5,subject_specific,documented_152
7,3,sub-07_ses-03_row-0401,0,77,0,svm,32,42,2,5,subject_specific,documented_152
7,3,sub-07_ses-03_row-0452,0,86,0,svm,32,42,2,5,subject_specific,documented_152
7,3,sub-07_ses-03_row-0467,2,89,1,svm,32,42,2,5,subject_specific,documented_152
7,3,sub-07_ses-03_row-0474,2,90,1,svm,32,42,2,5,subject_specific,documented_152
7,3,sub-07_ses-03_row-0479,3,91,1,svm,32,42,2,5,subject_specific,documented_152
7,3,sub-07_ses-03_row-0484,3,92,0,svm,32,42,2,5,subject_specific,documented_152
7,3,sub-07_ses-03_row-0499,3,95,3,svm,32,42,2,5,subject_specific,documented_152
7,3,sub-07_ses-03_row-0572,3,109,2,svm,32,42,2,5,subject_specific,documented_152
7,3,sub-07_ses-03_row-0582,1,111,3,svm,32,42,2,5,subject_specific,documented_152
7,1,sub-07_ses-01_row-0297,1,57,1,svm,32,42,3,5,subject_specific,documented_152
7,1,sub-07_ses-01_row-0337,2,65,1,svm,32,42,3,5,subject_specific,documented_152
7,1,sub-07_ses-01_row-0342,3,66,2,svm,32,42,3,5,subject_specific,documented_152
7,1,sub-07_ses-01_row-0349,2,67,1,svm,32,42,3,5,subject_specific,documented_152
7,1,sub-07_ses-01_row-0364,2,70,2,svm,32,42,3,5,subject_specific,documented_152
7,1,sub-07_ses-01_row-0389,0,75,3,svm,32,42,3,5,subject_specific,documented_152
7,1,sub-07_ses-01_row-0455,1,87,2,svm,32,42,3,5,subject_specific,documented_152
7,1,sub-07_ses-01_row-0497,0,95,0,svm,32,42,3,5,subject_specific,documented_152
7,1,sub-07_ses-01_row-0507,3,97,2,svm,32,42,3,5,subject_specific,documented_152
7,1,sub-07_ses-01_row-0549,0,105,2,svm,32,42,3,5,subject_specific,documented_152
7,1,sub-07_ses-01_row-0604,0,116,3,svm,32,42,3,5,subject_specific,documented_152
7,2,sub-07_ses-02_row-0210,2,40,0,svm,32,42,3,5,subject_specific,documented_152
7,2,sub-07_ses-02_row-0230,0,44,2,svm,32,42,3,5,subject_specific,documented_152
7,2,sub-07_ses-02_row-0250,2,48,3,svm,32,42,3,5,subject_specific,documented_152
7,2,sub-07_ses-02_row-0272,1,52,2,svm,32,42,3,5,subject_specific,documented_152
7,2,sub-07_ses-02_row-0287,1,55,2,svm,32,42,3,5,subject_specific,documented_152
7,2,sub-07_ses-02_row-0297,1,57,0,svm,32,42,3,5,subject_specific,documented_152
7,2,sub-07_ses-02_row-0307,3,59,1,svm,32,42,3,5,subject_specific,documented_152
7,2,sub-07_ses-02_row-0332,2,64,2,svm,32,42,3,5,subject_specific,documented_152
7,2,sub-07_ses-02_row-0344,3,66,0,svm,32,42,3,5,subject_specific,documented_152
7,2,sub-07_ses-02_row-0384,3,74,0,svm,32,42,3,5,subject_specific,documented_152
7,2,sub-07_ses-02_row-0399,0,77,0,svm,32,42,3,5,subject_specific,documented_152
7,2,sub-07_ses-02_row-0411,3,79,0,svm,32,42,3,5,subject_specific,documented_152
7,2,sub-07_ses-02_row-0435,3,83,3,svm,32,42,3,5,subject_specific,documented_152
7,2,sub-07_ses-02_row-0455,3,87,1,svm,32,42,3,5,subject_specific,documented_152
7,2,sub-07_ses-02_row-0497,3,95,1,svm,32,42,3,5,subject_specific,documented_152
7,2,sub-07_ses-02_row-0507,1,97,3,svm,32,42,3,5,subject_specific,documented_152
7,2,sub-07_ses-02_row-0517,1,99,3,svm,32,42,3,5,subject_specific,documented_152
7,2,sub-07_ses-02_row-0527,0,101,3,svm,32,42,3,5,subject_specific,documented_152
7,2,sub-07_ses-02_row-0589,3,113,3,svm,32,42,3,5,subject_specific,documented_152
7,2,sub-07_ses-02_row-0594,2,114,1,svm,32,42,3,5,subject_specific,documented_152
7,3,sub-07_ses-03_row-0230,2,44,0,svm,32,42,3,5,subject_specific,documented_152
7,3,sub-07_ses-03_row-0240,2,46,3,svm,32,42,3,5,subject_specific,documented_152
7,3,sub-07_ses-03_row-0255,0,49,2,svm,32,42,3,5,subject_specific,documented_152
7,3,sub-07_ses-03_row-0297,2,57,2,svm,32,42,3,5,subject_specific,documented_152
7,3,sub-07_ses-03_row-0334,0,64,0,svm,32,42,3,5,subject_specific,documented_152
7,3,sub-07_ses-03_row-0359,3,69,3,svm,32,42,3,5,subject_specific,documented_152
7,3,sub-07_ses-03_row-0391,1,75,0,svm,32,42,3,5,subject_specific,documented_152
7,3,sub-07_ses-03_row-0427,1,81,0,svm,32,42,3,5,subject_specific,documented_152
7,3,sub-07_ses-03_row-0442,1,84,0,svm,32,42,3,5,subject_specific,documented_152
7,3,sub-07_ses-03_row-0462,2,88,3,svm,32,42,3,5,subject_specific,documented_152
7,3,sub-07_ses-03_row-0494,2,94,3,svm,32,42,3,5,subject_specific,documented_152
7,3,sub-07_ses-03_row-0514,0,98,0,svm,32,42,3,5,subject_specific,documented_152
7,3,sub-07_ses-03_row-0521,0,99,1,svm,32,42,3,5,subject_specific,documented_152
7,3,sub-07_ses-03_row-0567,1,108,1,svm,32,42,3,5,subject_specific,documented_152
7,3,sub-07_ses-03_row-0577,3,110,1,svm,32,42,3,5,subject_specific,documented_152
7,3,sub-07_ses-03_row-0597,0,114,1,svm,32,42,3,5,subject_specific,documented_152
7,3,sub-07_ses-03_row-0614,1,117,1,svm,32,42,3,5,subject_specific,documented_152
7,1,sub-07_ses-01_row-0240,1,46,3,svm,32,42,4,5,subject_specific,documented_152
7,1,sub-07_ses-01_row-0245,2,47,1,svm,32,42,4,5,subject_specific,documented_152
7,1,sub-07_ses-01_row-0255,3,49,2,svm,32,42,4,5,subject_specific,documented_152
7,1,sub-07_ses-01_row-0277,2,53,0,svm,32,42,4,5,subject_specific,documented_152
7,1,sub-07_ses-01_row-0287,1,55,0,svm,32,42,4,5,subject_specific,documented_152
7,1,sub-07_ses-01_row-0302,3,58,3,svm,32,42,4,5,subject_specific,documented_152
7,1,sub-07_ses-01_row-0317,2,61,2,svm,32,42,4,5,subject_specific,documented_152
7,1,sub-07_ses-01_row-0322,1,62,0,svm,32,42,4,5,subject_specific,documented_152
7,1,sub-07_ses-01_row-0359,1,69,2,svm,32,42,4,5,subject_specific,documented_152
7,1,sub-07_ses-01_row-0369,0,71,3,svm,32,42,4,5,subject_specific,documented_152
7,1,sub-07_ses-01_row-0420,0,80,2,svm,32,42,4,5,subject_specific,documented_152
7,1,sub-07_ses-01_row-0475,0,91,0,svm,32,42,4,5,subject_specific,documented_152
7,1,sub-07_ses-01_row-0480,3,92,0,svm,32,42,4,5,subject_specific,documented_152
7,1,sub-07_ses-01_row-0527,1,101,0,svm,32,42,4,5,subject_specific,documented_152
7,1,sub-07_ses-01_row-0594,3,114,0,svm,32,42,4,5,subject_specific,documented_152
7,1,sub-07_ses-01_row-0616,1,118,3,svm,32,42,4,5,subject_specific,documented_152
7,2,sub-07_ses-02_row-0215,3,41,0,svm,32,42,4,5,subject_specific,documented_152
7,2,sub-07_ses-02_row-0225,2,43,0,svm,32,42,4,5,subject_specific,documented_152
7,2,sub-07_ses-02_row-0245,2,47,0,svm,32,42,4,5,subject_specific,documented_152
7,2,sub-07_ses-02_row-0262,2,50,0,svm,32,42,4,5,subject_specific,documented_152
7,2,sub-07_ses-02_row-0359,2,69,1,svm,32,42,4,5,subject_specific,documented_152
7,2,sub-07_ses-02_row-0369,1,71,1,svm,32,42,4,5,subject_specific,documented_152
7,2,sub-07_ses-02_row-0470,0,90,0,svm,32,42,4,5,subject_specific,documented_152
7,2,sub-07_ses-02_row-0487,0,93,0,svm,32,42,4,5,subject_specific,documented_152
7,2,sub-07_ses-02_row-0502,1,96,0,svm,32,42,4,5,subject_specific,documented_152
7,2,sub-07_ses-02_row-0522,2,100,0,svm,32,42,4,5,subject_specific,documented_152
7,2,sub-07_ses-02_row-0554,0,106,3,svm,32,42,4,5,subject_specific,documented_152
7,2,sub-07_ses-02_row-0569,3,109,1,svm,32,42,4,5,subject_specific,documented_152
7,2,sub-07_ses-02_row-0574,3,110,3,svm,32,42,4,5,subject_specific,documented_152
7,2,sub-07_ses-02_row-0601,1,115,3,svm,32,42,4,5,subject_specific,documented_152
7,3,sub-07_ses-03_row-0210,0,40,0,svm,32,42,4,5,subject_specific,documented_152
7,3,sub-07_ses-03_row-0235,3,45,2,svm,32,42,4,5,subject_specific,documented_152
7,3,sub-07_ses-03_row-0307,0,59,3,svm,32,42,4,5,subject_specific,documented_152
7,3,sub-07_ses-03_row-0314,0,60,3,svm,32,42,4,5,subject_specific,documented_152
7,3,sub-07_ses-03_row-0319,2,61,0,svm,32,42,4,5,subject_specific,documented_152
7,3,sub-07_ses-03_row-0339,3,65,0,svm,32,42,4,5,subject_specific,documented_152
7,3,sub-07_ses-03_row-0344,0,66,0,svm,32,42,4,5,subject_specific,documented_152
7,3,sub-07_ses-03_row-0349,3,67,0,svm,32,42,4,5,subject_specific,documented_152
7,3,sub-07_ses-03_row-0371,1,71,0,svm,32,42,4,5,subject_specific,documented_152
7,3,sub-07_ses-03_row-0422,2,80,2,svm,32,42,4,5,subject_specific,documented_152
7,3,sub-07_ses-03_row-0437,1,83,1,svm,32,42,4,5,subject_specific,documented_152
7,3,sub-07_ses-03_row-0457,0,87,3,svm,32,42,4,5,subject_specific,documented_152
7,3,sub-07_ses-03_row-0504,2,96,3,svm,32,42,4,5,subject_specific,documented_152
7,3,sub-07_ses-03_row-0536,3,102,0,svm,32,42,4,5,subject_specific,documented_152
7,3,sub-07_ses-03_row-0556,2,106,3,svm,32,42,4,5,subject_specific,documented_152
7,3,sub-07_ses-03_row-0592,1,113,3,svm,32,42,4,5,subject_specific,documented_152
7,3,sub-07_ses-03_row-0609,3,116,1,svm,32,42,4,5,subject_specific,documented_152
7,3,sub-07_ses-03_row-0624,0,119,2,svm,32,42,4,5,subject_specific,documented_152
7,1,sub-07_ses-01_row-0235,0,45,1,svm,32,42,5,5,subject_specific,documented_152
7,1,sub-07_ses-01_row-0260,0,50,1,svm,32,42,5,5,subject_specific,documented_152
7,1,sub-07_ses-01_row-0265,0,51,3,svm,32,42,5,5,subject_specific,documented_152
7,1,sub-07_ses-01_row-0270,1,52,1,svm,32,42,5,5,subject_specific,documented_152
7,1,sub-07_ses-01_row-0307,2,59,2,svm,32,42,5,5,subject_specific,documented_152
7,1,sub-07_ses-01_row-0332,3,64,3,svm,32,42,5,5,subject_specific,documented_152
7,1,sub-07_ses-01_row-0354,3,68,1,svm,32,42,5,5,subject_specific,documented_152
7,1,sub-07_ses-01_row-0374,0,72,3,svm,32,42,5,5,subject_specific,documented_152
7,1,sub-07_ses-01_row-0401,2,77,3,svm,32,42,5,5,subject_specific,documented_152
7,1,sub-07_ses-01_row-0406,3,78,3,svm,32,42,5,5,subject_specific,documented_152
7,1,sub-07_ses-01_row-0430,2,82,2,svm,32,42,5,5,subject_specific,documented_152
7,1,sub-07_ses-01_row-0450,0,86,1,svm,32,42,5,5,subject_specific,documented_152
7,1,sub-07_ses-01_row-0460,1,88,3,svm,32,42,5,5,subject_specific,documented_152
7,1,sub-07_ses-01_row-0465,0,89,2,svm,32,42,5,5,subject_specific,documented_152
7,1,sub-07_ses-01_row-0492,2,94,0,svm,32,42,5,5,subject_specific,documented_152
7,1,sub-07_ses-01_row-0502,3,96,0,svm,32,42,5,5,subject_specific,documented_152
7,1,sub-07_ses-01_row-0537,3,103,1,svm,32,42,5,5,subject_specific,documented_152
7,1,sub-07_ses-01_row-0554,1,106,2,svm,32,42,5,5,subject_specific,documented_152
7,1,sub-07_ses-01_row-0564,2,108,1,svm,32,42,5,5,subject_specific,documented_152
7,1,sub-07_ses-01_row-0569,0,109,3,svm,32,42,5,5,subject_specific,documented_152
7,1,sub-07_ses-01_row-0584,1,112,3,svm,32,42,5,5,subject_specific,documented_152
7,1,sub-07_ses-01_row-0599,2,115,0,svm,32,42,5,5,subject_specific,documented_152
7,2,sub-07_ses-02_row-0282,1,54,1,svm,32,42,5,5,subject_specific,documented_152
7,2,sub-07_ses-02_row-0292,0,56,1,svm,32,42,5,5,subject_specific,documented_152
7,2,sub-07_ses-02_row-0302,1,58,3,svm,32,42,5,5,subject_specific,documented_152
7,2,sub-07_ses-02_row-0339,3,65,2,svm,32,42,5,5,subject_specific,documented_152
7,2,sub-07_ses-02_row-0354,3,68,1,svm,32,42,5,5,subject_specific,documented_152
7,2,sub-07_ses-02_row-0379,2,73,1,svm,32,42,5,5,subject_specific,documented_152
7,2,sub-07_ses-02_row-0394,0,76,1,svm,32,42,5,5,subject_specific,documented_152
7,2,sub-07_ses-02_row-0460,0,88,0,svm,32,42,5,5,subject_specific,documented_152
7,2,sub-07_ses-02_row-0465,3,89,0,svm,32,42,5,5,subject_specific,documented_152
7,2,sub-07_ses-02_row-0482,1,92,1,svm,32,42,5,5,subject_specific,documented_152
7,2,sub-07_ses-02_row-0537,3,103,0,svm,32,42,5,5,subject_specific,documented_152
7,2,sub-07_ses-02_row-0544,2,104,1,svm,32,42,5,5,subject_specific,documented_152
7,2,sub-07_ses-02_row-0584,1,112,1,svm,32,42,5,5,subject_specific,documented_152
7,2,sub-07_ses-02_row-0611,0,117,3,svm,32,42,5,5,subject_specific,documented_152
7,2,sub-07_ses-02_row-0616,2,118,1,svm,32,42,5,5,subject_specific,documented_152
7,2,sub-07_ses-02_row-0621,2,119,0,svm,32,42,5,5,subject_specific,documented_152
7,3,sub-07_ses-03_row-0225,0,43,2,svm,32,42,5,5,subject_specific,documented_152
7,3,sub-07_ses-03_row-0272,1,52,0,svm,32,42,5,5,subject_specific,documented_152
7,3,sub-07_ses-03_row-0302,2,58,3,svm,32,42,5,5,subject_specific,documented_152
7,3,sub-07_ses-03_row-0324,1,62,3,svm,32,42,5,5,subject_specific,documented_152
7,3,sub-07_ses-03_row-0396,3,76,3,svm,32,42,5,5,subject_specific,documented_152
7,3,sub-07_ses-03_row-0432,2,82,2,svm,32,42,5,5,subject_specific,documented_152
7,3,sub-07_ses-03_row-0447,1,85,0,svm,32,42,5,5,subject_specific,documented_152
7,3,sub-07_ses-03_row-0489,3,93,0,svm,32,42,5,5,subject_specific,documented_152
7,3,sub-07_ses-03_row-0587,1,112,0,svm,32,42,5,5,subject_specific,documented_152
7,3,sub-07_ses-03_row-0602,3,115,1,svm,32,42,5,5,subject_specific,documented_152
7,1,sub-07_ses-01_row-0210,3,40,2,svm,16,42,1,5,subject_specific,documented_152
7,1,sub-07_ses-01_row-0215,3,41,2,svm,16,42,1,5,subject_specific,documented_152
7,1,sub-07_ses-01_row-0312,2,60,1,svm,16,42,1,5,subject_specific,documented_152
7,1,sub-07_ses-01_row-0394,0,76,0,svm,16,42,1,5,subject_specific,documented_152
7,1,sub-07_ses-01_row-0411,0,79,0,svm,16,42,1,5,subject_specific,documented_152
7,1,sub-07_ses-01_row-0425,1,81,1,svm,16,42,1,5,subject_specific,documented_152
7,1,sub-07_ses-01_row-0435,2,83,0,svm,16,42,1,5,subject_specific,documented_152
7,1,sub-07_ses-01_row-0440,2,84,2,svm,16,42,1,5,subject_specific,documented_152
7,1,sub-07_ses-01_row-0487,1,93,3,svm,16,42,1,5,subject_specific,documented_152
7,1,sub-07_ses-01_row-0512,3,98,3,svm,16,42,1,5,subject_specific,documented_152
7,1,sub-07_ses-01_row-0517,0,99,0,svm,16,42,1,5,subject_specific,documented_152
7,1,sub-07_ses-01_row-0522,2,100,0,svm,16,42,1,5,subject_specific,documented_152
7,1,sub-07_ses-01_row-0559,3,107,3,svm,16,42,1,5,subject_specific,documented_152
7,1,sub-07_ses-01_row-0589,3,113,0,svm,16,42,1,5,subject_specific,documented_152
7,1,sub-07_ses-01_row-0611,3,117,1,svm,16,42,1,5,subject_specific,documented_152
7,1,sub-07_ses-01_row-0621,2,119,1,svm,16,42,1,5,subject_specific,documented_152
7,2,sub-07_ses-02_row-0235,2,45,3,svm,16,42,1,5,subject_specific,documented_152
7,2,sub-07_ses-02_row-0240,0,46,0,svm,16,42,1,5,subject_specific,documented_152
7,2,sub-07_ses-02_row-0322,1,62,2,svm,16,42,1,5,subject_specific,documented_152
7,2,sub-07_ses-02_row-0349,0,67,2,svm,16,42,1,5,subject_specific,documented_152
7,2,sub-07_ses-02_row-0389,1,75,0,svm,16,42,1,5,subject_specific,documented_152
7,2,sub-07_ses-02_row-0404,3,78,0,svm,16,42,1,5,subject_specific,documented_152
7,2,sub-07_ses-02_row-0420,1,80,2,svm,16,42,1,5,subject_specific,documented_152
7,2,sub-07_ses-02_row-0477,3,91,1,svm,16,42,1,5,subject_specific,documented_152
7,2,sub-07_ses-02_row-0492,1,94,0,svm,16,42,1,5,subject_specific,documented_152
7,2,sub-07_ses-02_row-0549,0,105,3,svm,16,42,1,5,subject_specific,documented_152
7,2,sub-07_ses-02_row-0564,0,108,3,svm,16,42,1,5,subject_specific,documented_152
7,3,sub-07_ses-03_row-0215,2,41,2,svm,16,42,1,5,subject_specific,documented_152
7,3,sub-07_ses-03_row-0220,0,42,2,svm,16,42,1,5,subject_specific,documented_152
7,3,sub-07_ses-03_row-0245,3,47,3,svm,16,42,1,5,subject_specific,documented_152
7,3,sub-07_ses-03_row-0250,1,48,3,svm,16,42,1,5,subject_specific,documented_152
7,3,sub-07_ses-03_row-0267,3,51,2,svm,16,42,1,5,subject_specific,documented_152
7,3,sub-07_ses-03_row-0277,1,53,2,svm,16,42,1,5,subject_specific,documented_152
7,3,sub-07_ses-03_row-0282,1,54,3,svm,16,42,1,5,subject_specific,documented_152
7,3,sub-07_ses-03_row-0329,2,63,0,svm,16,42,1,5,subject_specific,documented_152
7,3,sub-07_ses-03_row-0354,1,68,2,svm,16,42,1,5,subject_specific,documented_152
7,3,sub-07_ses-03_row-0366,2,70,2,svm,16,42,1,5,subject_specific,documented_152
7,3,sub-07_ses-03_row-0376,2,72,3,svm,16,42,1,5,subject_specific,documented_152
7,3,sub-07_ses-03_row-0406,1,78,0,svm,16,42,1,5,subject_specific,documented_152
7,3,sub-07_ses-03_row-0411,3,79,2,svm,16,42,1,5,subject_specific,documented_152
7,3,sub-07_ses-03_row-0509,2,97,3,svm,16,42,1,5,subject_specific,documented_152
7,3,sub-07_ses-03_row-0526,3,100,0,svm,16,42,1,5,subject_specific,documented_152
7,3,sub-07_ses-03_row-0531,0,101,0,svm,16,42,1,5,subject_specific,documented_152
7,3,sub-07_ses-03_row-0541,0,103,0,svm,16,42,1,5,subject_specific,documented_152
7,3,sub-07_ses-03_row-0546,0,104,3,svm,16,42,1,5,subject_specific,documented_152
7,3,sub-07_ses-03_row-0551,0,105,3,svm,16,42,1,5,subject_specific,documented_152
7,3,sub-07_ses-03_row-0562,1,107,2,svm,16,42,1,5,subject_specific,documented_152
7,3,sub-07_ses-03_row-0619,2,118,3,svm,16,42,1,5,subject_specific,documented_152
7,1,sub-07_ses-01_row-0220,2,42,2,svm,16,42,2,5,subject_specific,documented_152
7,1,sub-07_ses-01_row-0225,0,43,2,svm,16,42,2,5,subject_specific,documented_152
7,1,sub-07_ses-01_row-0230,1,44,2,svm,16,42,2,5,subject_specific,documented_152
7,1,sub-07_ses-01_row-0250,1,48,0,svm,16,42,2,5,subject_specific,documented_152
7,1,sub-07_ses-01_row-0282,1,54,1,svm,16,42,2,5,subject_specific,documented_152
7,1,sub-07_ses-01_row-0292,1,56,2,svm,16,42,2,5,subject_specific,documented_152
7,1,sub-07_ses-01_row-0327,3,63,0,svm,16,42,2,5,subject_specific,documented_152
7,1,sub-07_ses-01_row-0379,3,73,0,svm,16,42,2,5,subject_specific,documented_152
7,1,sub-07_ses-01_row-0384,0,74,3,svm,16,42,2,5,subject_specific,documented_152
7,1,sub-07_ses-01_row-0445,2,85,0,svm,16,42,2,5,subject_specific,documented_152
7,1,sub-07_ses-01_row-0470,0,90,1,svm,16,42,2,5,subject_specific,documented_152
7,1,sub-07_ses-01_row-0532,2,102,3,svm,16,42,2,5,subject_specific,documented_152
7,1,sub-07_ses-01_row-0544,3,104,0,svm,16,42,2,5,subject_specific,documented_152
7,1,sub-07_ses-01_row-0574,1,110,3,svm,16,42,2,5,subject_specific,documented_152
7,1,sub-07_ses-01_row-0579,1,111,0,svm,16,42,2,5,subject_specific,documented_152
7,2,sub-07_ses-02_row-0220,3,42,2,svm,16,42,2,5,subject_specific,documented_152
7,2,sub-07_ses-02_row-0255,0,49,2,svm,16,42,2,5,subject_specific,documented_152
7,2,sub-07_ses-02_row-0267,1,51,2,svm,16,42,2,5,subject_specific,documented_152
7,2,sub-07_ses-02_row-0277,0,53,1,svm,16,42,2,5,subject_specific,documented_152
7,2,sub-07_ses-02_row-0312,2,60,2,svm,16,42,2,5,subject_specific,documented_152
7,2,sub-07_ses-02_row-0317,0,61,2,svm,16,42,2,5,subject_specific,documented_152
7,2,sub-07_ses-02_row-0327,0,63,1,svm,16,42,2,5,subject_specific,documented_152
7,2,sub-07_ses-02_row-0364,1,70,0,svm,16,42,2,5,subject_specific,documented_152
7,2,sub-07_ses-02_row-0374,3,72,0,svm,16,42,2,5,subject_specific,documented_152
7,2,sub-07_ses-02_row-0425,2,81,2,svm,16,42,2,5,subject_specific,documented_152
7,2,sub-07_ses-02_row-0430,2,82,0,svm,16,42,2,5,subject_specific,documented_152
7,2,sub-07_ses-02_row-0440,2,84,2,svm,16,42,2,5,subject_specific,documented_152
7,2,sub-07_ses-02_row-0445,3,85,0,svm,16,42,2,5,subject_specific,documented_152
7,2,sub-07_ses-02_row-0450,0,86,3,svm,16,42,2,5,subject_specific,documented_152
7,2,sub-07_ses-02_row-0512,2,98,0,svm,16,42,2,5,subject_specific,documented_152
7,2,sub-07_ses-02_row-0532,1,102,3,svm,16,42,2,5,subject_specific,documented_152
7,2,sub-07_ses-02_row-0559,2,107,0,svm,16,42,2,5,subject_specific,documented_152
7,2,sub-07_ses-02_row-0579,1,111,3,svm,16,42,2,5,subject_specific,documented_152
7,2,sub-07_ses-02_row-0606,0,116,3,svm,16,42,2,5,subject_specific,documented_152
7,3,sub-07_ses-03_row-0262,3,50,0,svm,16,42,2,5,subject_specific,documented_152
7,3,sub-07_ses-03_row-0287,2,55,1,svm,16,42,2,5,subject_specific,documented_152
7,3,sub-07_ses-03_row-0292,0,56,2,svm,16,42,2,5,subject_specific,documented_152
7,3,sub-07_ses-03_row-0381,1,73,2,svm,16,42,2,5,subject_specific,documented_152
7,3,sub-07_ses-03_row-0386,3,74,0,svm,16,42,2,5,subject_specific,documented_152
7,3,sub-07_ses-03_row-0401,0,77,0,svm,16,42,2,5,subject_specific,documented_152
7,3,sub-07_ses-03_row-0452,0,86,0,svm,16,42,2,5,subject_specific,documented_152
7,3,sub-07_ses-03_row-0467,2,89,2,svm,16,42,2,5,subject_specific,documented_152
7,3,sub-07_ses-03_row-0474,2,90,0,svm,16,42,2,5,subject_specific,documented_152
7,3,sub-07_ses-03_row-0479,3,91,3,svm,16,42,2,5,subject_specific,documented_152
7,3,sub-07_ses-03_row-0484,3,92,2,svm,16,42,2,5,subject_specific,documented_152
7,3,sub-07_ses-03_row-0499,3,95,3,svm,16,42,2,5,subject_specific,documented_152
7,3,sub-07_ses-03_row-0572,3,109,1,svm,16,42,2,5,subject_specific,documented_152
7,3,sub-07_ses-03_row-0582,1,111,0,svm,16,42,2,5,subject_specific,documented_152
7,1,sub-07_ses-01_row-0297,1,57,1,svm,16,42,3,5,subject_specific,documented_152
7,1,sub-07_ses-01_row-0337,2,65,1,svm,16,42,3,5,subject_specific,documented_152
7,1,sub-07_ses-01_row-0342,3,66,1,svm,16,42,3,5,subject_specific,documented_152
7,1,sub-07_ses-01_row-0349,2,67,3,svm,16,42,3,5,subject_specific,documented_152
7,1,sub-07_ses-01_row-0364,2,70,2,svm,16,42,3,5,subject_specific,documented_152
7,1,sub-07_ses-01_row-0389,0,75,3,svm,16,42,3,5,subject_specific,documented_152
7,1,sub-07_ses-01_row-0455,1,87,2,svm,16,42,3,5,subject_specific,documented_152
7,1,sub-07_ses-01_row-0497,0,95,0,svm,16,42,3,5,subject_specific,documented_152
7,1,sub-07_ses-01_row-0507,3,97,2,svm,16,42,3,5,subject_specific,documented_152
7,1,sub-07_ses-01_row-0549,0,105,2,svm,16,42,3,5,subject_specific,documented_152
7,1,sub-07_ses-01_row-0604,0,116,3,svm,16,42,3,5,subject_specific,documented_152
7,2,sub-07_ses-02_row-0210,2,40,0,svm,16,42,3,5,subject_specific,documented_152
7,2,sub-07_ses-02_row-0230,0,44,2,svm,16,42,3,5,subject_specific,documented_152
7,2,sub-07_ses-02_row-0250,2,48,0,svm,16,42,3,5,subject_specific,documented_152
7,2,sub-07_ses-02_row-0272,1,52,2,svm,16,42,3,5,subject_specific,documented_152
7,2,sub-07_ses-02_row-0287,1,55,0,svm,16,42,3,5,subject_specific,documented_152
7,2,sub-07_ses-02_row-0297,1,57,0,svm,16,42,3,5,subject_specific,documented_152
7,2,sub-07_ses-02_row-0307,3,59,1,svm,16,42,3,5,subject_specific,documented_152
7,2,sub-07_ses-02_row-0332,2,64,2,svm,16,42,3,5,subject_specific,documented_152
7,2,sub-07_ses-02_row-0344,3,66,0,svm,16,42,3,5,subject_specific,documented_152
7,2,sub-07_ses-02_row-0384,3,74,0,svm,16,42,3,5,subject_specific,documented_152
7,2,sub-07_ses-02_row-0399,0,77,0,svm,16,42,3,5,subject_specific,documented_152
7,2,sub-07_ses-02_row-0411,3,79,0,svm,16,42,3,5,subject_specific,documented_152
7,2,sub-07_ses-02_row-0435,3,83,3,svm,16,42,3,5,subject_specific,documented_152
7,2,sub-07_ses-02_row-0455,3,87,3,svm,16,42,3,5,subject_specific,documented_152
7,2,sub-07_ses-02_row-0497,3,95,1,svm,16,42,3,5,subject_specific,documented_152
7,2,sub-07_ses-02_row-0507,1,97,3,svm,16,42,3,5,subject_specific,documented_152
7,2,sub-07_ses-02_row-0517,1,99,3,svm,16,42,3,5,subject_specific,documented_152
7,2,sub-07_ses-02_row-0527,0,101,3,svm,16,42,3,5,subject_specific,documented_152
7,2,sub-07_ses-02_row-0589,3,113,3,svm,16,42,3,5,subject_specific,documented_152
7,2,sub-07_ses-02_row-0594,2,114,0,svm,16,42,3,5,subject_specific,documented_152
7,3,sub-07_ses-03_row-0230,2,44,0,svm,16,42,3,5,subject_specific,documented_152
7,3,sub-07_ses-03_row-0240,2,46,3,svm,16,42,3,5,subject_specific,documented_152
7,3,sub-07_ses-03_row-0255,0,49,2,svm,16,42,3,5,subject_specific,documented_152
7,3,sub-07_ses-03_row-0297,2,57,1,svm,16,42,3,5,subject_specific,documented_152
7,3,sub-07_ses-03_row-0334,0,64,0,svm,16,42,3,5,subject_specific,documented_152
7,3,sub-07_ses-03_row-0359,3,69,3,svm,16,42,3,5,subject_specific,documented_152
7,3,sub-07_ses-03_row-0391,1,75,0,svm,16,42,3,5,subject_specific,documented_152
7,3,sub-07_ses-03_row-0427,1,81,0,svm,16,42,3,5,subject_specific,documented_152
7,3,sub-07_ses-03_row-0442,1,84,2,svm,16,42,3,5,subject_specific,documented_152
7,3,sub-07_ses-03_row-0462,2,88,3,svm,16,42,3,5,subject_specific,documented_152
7,3,sub-07_ses-03_row-0494,2,94,3,svm,16,42,3,5,subject_specific,documented_152
7,3,sub-07_ses-03_row-0514,0,98,0,svm,16,42,3,5,subject_specific,documented_152
7,3,sub-07_ses-03_row-0521,0,99,0,svm,16,42,3,5,subject_specific,documented_152
7,3,sub-07_ses-03_row-0567,1,108,1,svm,16,42,3,5,subject_specific,documented_152
7,3,sub-07_ses-03_row-0577,3,110,1,svm,16,42,3,5,subject_specific,documented_152
7,3,sub-07_ses-03_row-0597,0,114,1,svm,16,42,3,5,subject_specific,documented_152
7,3,sub-07_ses-03_row-0614,1,117,2,svm,16,42,3,5,subject_specific,documented_152
7,1,sub-07_ses-01_row-0240,1,46,1,svm,16,42,4,5,subject_specific,documented_152
7,1,sub-07_ses-01_row-0245,2,47,0,svm,16,42,4,5,subject_specific,documented_152
7,1,sub-07_ses-01_row-0255,3,49,0,svm,16,42,4,5,subject_specific,documented_152
7,1,sub-07_ses-01_row-0277,2,53,1,svm,16,42,4,5,subject_specific,documented_152
7,1,sub-07_ses-01_row-0287,1,55,1,svm,16,42,4,5,subject_specific,documented_152
7,1,sub-07_ses-01_row-0302,3,58,3,svm,16,42,4,5,subject_specific,documented_152
7,1,sub-07_ses-01_row-0317,2,61,1,svm,16,42,4,5,subject_specific,documented_152
7,1,sub-07_ses-01_row-0322,1,62,3,svm,16,42,4,5,subject_specific,documented_152
7,1,sub-07_ses-01_row-0359,1,69,2,svm,16,42,4,5,subject_specific,documented_152
7,1,sub-07_ses-01_row-0369,0,71,3,svm,16,42,4,5,subject_specific,documented_152
7,1,sub-07_ses-01_row-0420,0,80,2,svm,16,42,4,5,subject_specific,documented_152
7,1,sub-07_ses-01_row-0475,0,91,0,svm,16,42,4,5,subject_specific,documented_152
7,1,sub-07_ses-01_row-0480,3,92,0,svm,16,42,4,5,subject_specific,documented_152
7,1,sub-07_ses-01_row-0527,1,101,1,svm,16,42,4,5,subject_specific,documented_152
7,1,sub-07_ses-01_row-0594,3,114,0,svm,16,42,4,5,subject_specific,documented_152
7,1,sub-07_ses-01_row-0616,1,118,3,svm,16,42,4,5,subject_specific,documented_152
7,2,sub-07_ses-02_row-0215,3,41,0,svm,16,42,4,5,subject_specific,documented_152
7,2,sub-07_ses-02_row-0225,2,43,0,svm,16,42,4,5,subject_specific,documented_152
7,2,sub-07_ses-02_row-0245,2,47,0,svm,16,42,4,5,subject_specific,documented_152
7,2,sub-07_ses-02_row-0262,2,50,0,svm,16,42,4,5,subject_specific,documented_152
7,2,sub-07_ses-02_row-0359,2,69,0,svm,16,42,4,5,subject_specific,documented_152
7,2,sub-07_ses-02_row-0369,1,71,1,svm,16,42,4,5,subject_specific,documented_152
7,2,sub-07_ses-02_row-0470,0,90,0,svm,16,42,4,5,subject_specific,documented_152
7,2,sub-07_ses-02_row-0487,0,93,3,svm,16,42,4,5,subject_specific,documented_152
7,2,sub-07_ses-02_row-0502,1,96,2,svm,16,42,4,5,subject_specific,documented_152
7,2,sub-07_ses-02_row-0522,2,100,0,svm,16,42,4,5,subject_specific,documented_152
7,2,sub-07_ses-02_row-0554,0,106,3,svm,16,42,4,5,subject_specific,documented_152
7,2,sub-07_ses-02_row-0569,3,109,1,svm,16,42,4,5,subject_specific,documented_152
7,2,sub-07_ses-02_row-0574,3,110,3,svm,16,42,4,5,subject_specific,documented_152
7,2,sub-07_ses-02_row-0601,1,115,3,svm,16,42,4,5,subject_specific,documented_152
7,3,sub-07_ses-03_row-0210,0,40,2,svm,16,42,4,5,subject_specific,documented_152
7,3,sub-07_ses-03_row-0235,3,45,2,svm,16,42,4,5,subject_specific,documented_152
7,3,sub-07_ses-03_row-0307,0,59,3,svm,16,42,4,5,subject_specific,documented_152
7,3,sub-07_ses-03_row-0314,0,60,3,svm,16,42,4,5,subject_specific,documented_152
7,3,sub-07_ses-03_row-0319,2,61,2,svm,16,42,4,5,subject_specific,documented_152
7,3,sub-07_ses-03_row-0339,3,65,0,svm,16,42,4,5,subject_specific,documented_152
7,3,sub-07_ses-03_row-0344,0,66,0,svm,16,42,4,5,subject_specific,documented_152
7,3,sub-07_ses-03_row-0349,3,67,0,svm,16,42,4,5,subject_specific,documented_152
7,3,sub-07_ses-03_row-0371,1,71,0,svm,16,42,4,5,subject_specific,documented_152
7,3,sub-07_ses-03_row-0422,2,80,0,svm,16,42,4,5,subject_specific,documented_152
7,3,sub-07_ses-03_row-0437,1,83,1,svm,16,42,4,5,subject_specific,documented_152
7,3,sub-07_ses-03_row-0457,0,87,3,svm,16,42,4,5,subject_specific,documented_152
7,3,sub-07_ses-03_row-0504,2,96,3,svm,16,42,4,5,subject_specific,documented_152
7,3,sub-07_ses-03_row-0536,3,102,2,svm,16,42,4,5,subject_specific,documented_152
7,3,sub-07_ses-03_row-0556,2,106,1,svm,16,42,4,5,subject_specific,documented_152
7,3,sub-07_ses-03_row-0592,1,113,3,svm,16,42,4,5,subject_specific,documented_152
7,3,sub-07_ses-03_row-0609,3,116,1,svm,16,42,4,5,subject_specific,documented_152
7,3,sub-07_ses-03_row-0624,0,119,2,svm,16,42,4,5,subject_specific,documented_152
7,1,sub-07_ses-01_row-0235,0,45,1,svm,16,42,5,5,subject_specific,documented_152
7,1,sub-07_ses-01_row-0260,0,50,1,svm,16,42,5,5,subject_specific,documented_152
7,1,sub-07_ses-01_row-0265,0,51,3,svm,16,42,5,5,subject_specific,documented_152
7,1,sub-07_ses-01_row-0270,1,52,1,svm,16,42,5,5,subject_specific,documented_152
7,1,sub-07_ses-01_row-0307,2,59,2,svm,16,42,5,5,subject_specific,documented_152
7,1,sub-07_ses-01_row-0332,3,64,1,svm,16,42,5,5,subject_specific,documented_152
7,1,sub-07_ses-01_row-0354,3,68,3,svm,16,42,5,5,subject_specific,documented_152
7,1,sub-07_ses-01_row-0374,0,72,3,svm,16,42,5,5,subject_specific,documented_152
7,1,sub-07_ses-01_row-0401,2,77,3,svm,16,42,5,5,subject_specific,documented_152
7,1,sub-07_ses-01_row-0406,3,78,3,svm,16,42,5,5,subject_specific,documented_152
7,1,sub-07_ses-01_row-0430,2,82,0,svm,16,42,5,5,subject_specific,documented_152
7,1,sub-07_ses-01_row-0450,0,86,0,svm,16,42,5,5,subject_specific,documented_152
7,1,sub-07_ses-01_row-0460,1,88,3,svm,16,42,5,5,subject_specific,documented_152
7,1,sub-07_ses-01_row-0465,0,89,0,svm,16,42,5,5,subject_specific,documented_152
7,1,sub-07_ses-01_row-0492,2,94,0,svm,16,42,5,5,subject_specific,documented_152
7,1,sub-07_ses-01_row-0502,3,96,0,svm,16,42,5,5,subject_specific,documented_152
7,1,sub-07_ses-01_row-0537,3,103,1,svm,16,42,5,5,subject_specific,documented_152
7,1,sub-07_ses-01_row-0554,1,106,2,svm,16,42,5,5,subject_specific,documented_152
7,1,sub-07_ses-01_row-0564,2,108,1,svm,16,42,5,5,subject_specific,documented_152
7,1,sub-07_ses-01_row-0569,0,109,3,svm,16,42,5,5,subject_specific,documented_152
7,1,sub-07_ses-01_row-0584,1,112,3,svm,16,42,5,5,subject_specific,documented_152
7,1,sub-07_ses-01_row-0599,2,115,0,svm,16,42,5,5,subject_specific,documented_152
7,2,sub-07_ses-02_row-0282,1,54,1,svm,16,42,5,5,subject_specific,documented_152
7,2,sub-07_ses-02_row-0292,0,56,1,svm,16,42,5,5,subject_specific,documented_152
7,2,sub-07_ses-02_row-0302,1,58,3,svm,16,42,5,5,subject_specific,documented_152
7,2,sub-07_ses-02_row-0339,3,65,1,svm,16,42,5,5,subject_specific,documented_152
7,2,sub-07_ses-02_row-0354,3,68,1,svm,16,42,5,5,subject_specific,documented_152
7,2,sub-07_ses-02_row-0379,2,73,3,svm,16,42,5,5,subject_specific,documented_152
7,2,sub-07_ses-02_row-0394,0,76,1,svm,16,42,5,5,subject_specific,documented_152
7,2,sub-07_ses-02_row-0460,0,88,1,svm,16,42,5,5,subject_specific,documented_152
7,2,sub-07_ses-02_row-0465,3,89,0,svm,16,42,5,5,subject_specific,documented_152
7,2,sub-07_ses-02_row-0482,1,92,1,svm,16,42,5,5,subject_specific,documented_152
7,2,sub-07_ses-02_row-0537,3,103,0,svm,16,42,5,5,subject_specific,documented_152
7,2,sub-07_ses-02_row-0544,2,104,3,svm,16,42,5,5,subject_specific,documented_152
7,2,sub-07_ses-02_row-0584,1,112,1,svm,16,42,5,5,subject_specific,documented_152
7,2,sub-07_ses-02_row-0611,0,117,3,svm,16,42,5,5,subject_specific,documented_152
7,2,sub-07_ses-02_row-0616,2,118,1,svm,16,42,5,5,subject_specific,documented_152
7,2,sub-07_ses-02_row-0621,2,119,1,svm,16,42,5,5,subject_specific,documented_152
7,3,sub-07_ses-03_row-0225,0,43,2,svm,16,42,5,5,subject_specific,documented_152
7,3,sub-07_ses-03_row-0272,1,52,2,svm,16,42,5,5,subject_specific,documented_152
7,3,sub-07_ses-03_row-0302,2,58,3,svm,16,42,5,5,subject_specific,documented_152
7,3,sub-07_ses-03_row-0324,1,62,3,svm,16,42,5,5,subject_specific,documented_152
7,3,sub-07_ses-03_row-0396,3,76,3,svm,16,42,5,5,subject_specific,documented_152
7,3,sub-07_ses-03_row-0432,2,82,2,svm,16,42,5,5,subject_specific,documented_152
7,3,sub-07_ses-03_row-0447,1,85,0,svm,16,42,5,5,subject_specific,documented_152
7,3,sub-07_ses-03_row-0489,3,93,0,svm,16,42,5,5,subject_specific,documented_152
7,3,sub-07_ses-03_row-0587,1,112,0,svm,16,42,5,5,subject_specific,documented_152
7,3,sub-07_ses-03_row-0602,3,115,1,svm,16,42,5,5,subject_specific,documented_152
8,1,sub-08_ses-01_row-0225,3,43,2,svm,128,42,1,5,subject_specific,documented_152
8,1,sub-08_ses-01_row-0255,2,49,3,svm,128,42,1,5,subject_specific,documented_152
8,1,sub-08_ses-01_row-0302,1,58,3,svm,128,42,1,5,subject_specific,documented_152
8,1,sub-08_ses-01_row-0317,3,61,1,svm,128,42,1,5,subject_specific,documented_152
8,1,sub-08_ses-01_row-0384,3,74,0,svm,128,42,1,5,subject_specific,documented_152
8,1,sub-08_ses-01_row-0401,2,77,3,svm,128,42,1,5,subject_specific,documented_152
8,1,sub-08_ses-01_row-0450,0,86,1,svm,128,42,1,5,subject_specific,documented_152
8,1,sub-08_ses-01_row-0460,3,88,2,svm,128,42,1,5,subject_specific,documented_152
8,1,sub-08_ses-01_row-0475,0,91,1,svm,128,42,1,5,subject_specific,documented_152
8,1,sub-08_ses-01_row-0485,0,93,2,svm,128,42,1,5,subject_specific,documented_152
8,1,sub-08_ses-01_row-0512,0,98,0,svm,128,42,1,5,subject_specific,documented_152
8,1,sub-08_ses-01_row-0537,1,103,0,svm,128,42,1,5,subject_specific,documented_152
8,1,sub-08_ses-01_row-0559,1,107,0,svm,128,42,1,5,subject_specific,documented_152
8,1,sub-08_ses-01_row-0569,2,109,1,svm,128,42,1,5,subject_specific,documented_152
8,1,sub-08_ses-01_row-0606,1,116,3,svm,128,42,1,5,subject_specific,documented_152
8,2,sub-08_ses-02_row-0210,0,40,2,svm,128,42,1,5,subject_specific,documented_152
8,2,sub-08_ses-02_row-0245,3,47,2,svm,128,42,1,5,subject_specific,documented_152
8,2,sub-08_ses-02_row-0297,0,57,2,svm,128,42,1,5,subject_specific,documented_152
8,2,sub-08_ses-02_row-0322,1,62,1,svm,128,42,1,5,subject_specific,documented_152
8,2,sub-08_ses-02_row-0327,1,63,2,svm,128,42,1,5,subject_specific,documented_152
8,2,sub-08_ses-02_row-0379,2,73,2,svm,128,42,1,5,subject_specific,documented_152
8,2,sub-08_ses-02_row-0394,1,76,2,svm,128,42,1,5,subject_specific,documented_152
8,2,sub-08_ses-02_row-0409,0,79,2,svm,128,42,1,5,subject_specific,documented_152
8,2,sub-08_ses-02_row-0425,3,81,2,svm,128,42,1,5,subject_specific,documented_152
8,2,sub-08_ses-02_row-0512,0,98,1,svm,128,42,1,5,subject_specific,documented_152
8,2,sub-08_ses-02_row-0532,2,102,0,svm,128,42,1,5,subject_specific,documented_152
8,2,sub-08_ses-02_row-0542,2,104,2,svm,128,42,1,5,subject_specific,documented_152
8,2,sub-08_ses-02_row-0547,0,105,2,svm,128,42,1,5,subject_specific,documented_152
8,2,sub-08_ses-02_row-0609,3,117,2,svm,128,42,1,5,subject_specific,documented_152
8,2,sub-08_ses-02_row-0616,1,118,1,svm,128,42,1,5,subject_specific,documented_152
8,2,sub-08_ses-02_row-0621,3,119,3,svm,128,42,1,5,subject_specific,documented_152
8,3,sub-08_ses-03_row-0120,1,22,1,svm,128,42,1,5,subject_specific,documented_152
8,3,sub-08_ses-03_row-0140,2,26,0,svm,128,42,1,5,subject_specific,documented_152
8,3,sub-08_ses-03_row-0187,1,35,0,svm,128,42,1,5,subject_specific,documented_152
8,3,sub-08_ses-03_row-0199,3,37,1,svm,128,42,1,5,subject_specific,documented_152
8,3,sub-08_ses-03_row-0204,2,38,3,svm,128,42,1,5,subject_specific,documented_152
8,3,sub-08_ses-03_row-0228,0,42,3,svm,128,42,1,5,subject_specific,documented_152
8,3,sub-08_ses-03_row-0270,2,50,0,svm,128,42,1,5,subject_specific,documented_152
8,3,sub-08_ses-03_row-0285,3,53,0,svm,128,42,1,5,subject_specific,documented_152
8,3,sub-08_ses-03_row-0317,2,59,0,svm,128,42,1,5,subject_specific,documented_152
8,1,sub-08_ses-01_row-0210,0,40,1,svm,128,42,2,5,subject_specific,documented_152
8,1,sub-08_ses-01_row-0240,1,46,0,svm,128,42,2,5,subject_specific,documented_152
8,1,sub-08_ses-01_row-0272,1,52,1,svm,128,42,2,5,subject_specific,documented_152
8,1,sub-08_ses-01_row-0292,0,56,1,svm,128,42,2,5,subject_specific,documented_152
8,1,sub-08_ses-01_row-0297,1,57,0,svm,128,42,2,5,subject_specific,documented_152
8,1,sub-08_ses-01_row-0312,1,60,2,svm,128,42,2,5,subject_specific,documented_152
8,1,sub-08_ses-01_row-0374,0,72,0,svm,128,42,2,5,subject_specific,documented_152
8,1,sub-08_ses-01_row-0379,3,73,0,svm,128,42,2,5,subject_specific,documented_152
8,1,sub-08_ses-01_row-0396,2,76,3,svm,128,42,2,5,subject_specific,documented_152
8,1,sub-08_ses-01_row-0406,3,78,1,svm,128,42,2,5,subject_specific,documented_152
8,1,sub-08_ses-01_row-0411,3,79,1,svm,128,42,2,5,subject_specific,documented_152
8,1,sub-08_ses-01_row-0425,0,81,2,svm,128,42,2,5,subject_specific,documented_152
8,1,sub-08_ses-01_row-0430,2,82,3,svm,128,42,2,5,subject_specific,documented_152
8,1,sub-08_ses-01_row-0435,3,83,3,svm,128,42,2,5,subject_specific,documented_152
8,1,sub-08_ses-01_row-0445,3,85,3,svm,128,42,2,5,subject_specific,documented_152
8,1,sub-08_ses-01_row-0492,3,94,3,svm,128,42,2,5,subject_specific,documented_152
8,1,sub-08_ses-01_row-0497,1,95,3,svm,128,42,2,5,subject_specific,documented_152
8,1,sub-08_ses-01_row-0507,1,97,0,svm,128,42,2,5,subject_specific,documented_152
8,1,sub-08_ses-01_row-0564,0,108,0,svm,128,42,2,5,subject_specific,documented_152
8,1,sub-08_ses-01_row-0601,2,115,3,svm,128,42,2,5,subject_specific,documented_152
8,2,sub-08_ses-02_row-0220,3,42,1,svm,128,42,2,5,subject_specific,documented_152
8,2,sub-08_ses-02_row-0225,0,43,0,svm,128,42,2,5,subject_specific,documented_152
8,2,sub-08_ses-02_row-0230,3,44,2,svm,128,42,2,5,subject_specific,documented_152
8,2,sub-08_ses-02_row-0307,2,59,0,svm,128,42,2,5,subject_specific,documented_152
8,2,sub-08_ses-02_row-0317,2,61,0,svm,128,42,2,5,subject_specific,documented_152
8,2,sub-08_ses-02_row-0420,2,80,0,svm,128,42,2,5,subject_specific,documented_152
8,2,sub-08_ses-02_row-0460,1,88,1,svm,128,42,2,5,subject_specific,documented_152
8,2,sub-08_ses-02_row-0475,0,91,3,svm,128,42,2,5,subject_specific,documented_152
8,2,sub-08_ses-02_row-0497,1,95,1,svm,128,42,2,5,subject_specific,documented_152
8,2,sub-08_ses-02_row-0507,2,97,2,svm,128,42,2,5,subject_specific,documented_152
8,2,sub-08_ses-02_row-0584,3,112,2,svm,128,42,2,5,subject_specific,documented_152
8,2,sub-08_ses-02_row-0604,2,116,1,svm,128,42,2,5,subject_specific,documented_152
8,3,sub-08_ses-03_row-0110,2,20,0,svm,128,42,2,5,subject_specific,documented_152
8,3,sub-08_ses-03_row-0115,0,21,2,svm,128,42,2,5,subject_specific,documented_152
8,3,sub-08_ses-03_row-0150,0,28,1,svm,128,42,2,5,subject_specific,documented_152
8,3,sub-08_ses-03_row-0218,1,40,0,svm,128,42,2,5,subject_specific,documented_152
8,3,sub-08_ses-03_row-0248,0,46,0,svm,128,42,2,5,subject_specific,documented_152
8,3,sub-08_ses-03_row-0265,2,49,2,svm,128,42,2,5,subject_specific,documented_152
8,3,sub-08_ses-03_row-0300,3,56,2,svm,128,42,2,5,subject_specific,documented_152
8,3,sub-08_ses-03_row-0307,1,57,3,svm,128,42,2,5,subject_specific,documented_152
8,1,sub-08_ses-01_row-0215,2,41,0,svm,128,42,3,5,subject_specific,documented_152
8,1,sub-08_ses-01_row-0245,1,47,3,svm,128,42,3,5,subject_specific,documented_152
8,1,sub-08_ses-01_row-0329,0,63,1,svm,128,42,3,5,subject_specific,documented_152
8,1,sub-08_ses-01_row-0334,2,64,1,svm,128,42,3,5,subject_specific,documented_152
8,1,sub-08_ses-01_row-0339,0,65,0,svm,128,42,3,5,subject_specific,documented_152
8,1,sub-08_ses-01_row-0349,1,67,0,svm,128,42,3,5,subject_specific,documented_152
8,1,sub-08_ses-01_row-0359,3,69,2,svm,128,42,3,5,subject_specific,documented_152
8,1,sub-08_ses-01_row-0364,3,70,3,svm,128,42,3,5,subject_specific,documented_152
8,1,sub-08_ses-01_row-0389,1,75,2,svm,128,42,3,5,subject_specific,documented_152
8,1,sub-08_ses-01_row-0522,3,100,1,svm,128,42,3,5,subject_specific,documented_152
8,1,sub-08_ses-01_row-0549,2,105,1,svm,128,42,3,5,subject_specific,documented_152
8,1,sub-08_ses-01_row-0579,2,111,3,svm,128,42,3,5,subject_specific,documented_152
8,1,sub-08_ses-01_row-0584,1,112,0,svm,128,42,3,5,subject_specific,documented_152
8,1,sub-08_ses-01_row-0594,3,114,2,svm,128,42,3,5,subject_specific,documented_152
8,2,sub-08_ses-02_row-0215,2,41,0,svm,128,42,3,5,subject_specific,documented_152
8,2,sub-08_ses-02_row-0240,3,46,1,svm,128,42,3,5,subject_specific,documented_152
8,2,sub-08_ses-02_row-0250,0,48,0,svm,128,42,3,5,subject_specific,documented_152
8,2,sub-08_ses-02_row-0275,2,53,1,svm,128,42,3,5,subject_specific,documented_152
8,2,sub-08_ses-02_row-0280,3,54,1,svm,128,42,3,5,subject_specific,documented_152
8,2,sub-08_ses-02_row-0287,2,55,3,svm,128,42,3,5,subject_specific,documented_152
8,2,sub-08_ses-02_row-0292,3,56,1,svm,128,42,3,5,subject_specific,documented_152
8,2,sub-08_ses-02_row-0354,0,68,1,svm,128,42,3,5,subject_specific,documented_152
8,2,sub-08_ses-02_row-0364,1,70,2,svm,128,42,3,5,subject_specific,documented_152
8,2,sub-08_ses-02_row-0445,1,85,0,svm,128,42,3,5,subject_specific,documented_152
8,2,sub-08_ses-02_row-0455,0,87,1,svm,128,42,3,5,subject_specific,documented_152
8,2,sub-08_ses-02_row-0470,3,90,0,svm,128,42,3,5,subject_specific,documented_152
8,2,sub-08_ses-02_row-0480,3,92,3,svm,128,42,3,5,subject_specific,documented_152
8,2,sub-08_ses-02_row-0485,1,93,0,svm,128,42,3,5,subject_specific,documented_152
8,2,sub-08_ses-02_row-0517,0,99,1,svm,128,42,3,5,subject_specific,documented_152
8,2,sub-08_ses-02_row-0522,2,100,1,svm,128,42,3,5,subject_specific,documented_152
8,2,sub-08_ses-02_row-0589,0,113,3,svm,128,42,3,5,subject_specific,documented_152
8,3,sub-08_ses-03_row-0125,3,23,3,svm,128,42,3,5,subject_specific,documented_152
8,3,sub-08_ses-03_row-0135,0,25,3,svm,128,42,3,5,subject_specific,documented_152
8,3,sub-08_ses-03_row-0167,1,31,3,svm,128,42,3,5,subject_specific,documented_152
8,3,sub-08_ses-03_row-0182,1,34,2,svm,128,42,3,5,subject_specific,documented_152
8,3,sub-08_ses-03_row-0194,0,36,3,svm,128,42,3,5,subject_specific,documented_152
8,3,sub-08_ses-03_row-0233,2,43,0,svm,128,42,3,5,subject_specific,documented_152
8,3,sub-08_ses-03_row-0253,0,47,0,svm,128,42,3,5,subject_specific,documented_152
8,3,sub-08_ses-03_row-0275,1,51,0,svm,128,42,3,5,subject_specific,documented_152
8,3,sub-08_ses-03_row-0295,2,55,3,svm,128,42,3,5,subject_specific,documented_152
8,1,sub-08_ses-01_row-0220,0,42,3,svm,128,42,4,5,subject_specific,documented_152
8,1,sub-08_ses-01_row-0230,0,44,3,svm,128,42,4,5,subject_specific,documented_152
8,1,sub-08_ses-01_row-0250,2,48,3,svm,128,42,4,5,subject_specific,documented_152
8,1,sub-08_ses-01_row-0322,2,62,3,svm,128,42,4,5,subject_specific,documented_152
8,1,sub-08_ses-01_row-0369,0,71,0,svm,128,42,4,5,subject_specific,documented_152
8,1,sub-08_ses-01_row-0420,1,80,0,svm,128,42,4,5,subject_specific,documented_152
8,1,sub-08_ses-01_row-0440,2,84,3,svm,128,42,4,5,subject_specific,documented_152
8,1,sub-08_ses-01_row-0455,0,87,2,svm,128,42,4,5,subject_specific,documented_152
8,1,sub-08_ses-01_row-0480,2,92,0,svm,128,42,4,5,subject_specific,documented_152
8,1,sub-08_ses-01_row-0502,3,96,0,svm,128,42,4,5,subject_specific,documented_152
8,1,sub-08_ses-01_row-0574,3,110,3,svm,128,42,4,5,subject_specific,documented_152
8,1,sub-08_ses-01_row-0589,2,113,3,svm,128,42,4,5,subject_specific,documented_152
8,1,sub-08_ses-01_row-0611,2,117,0,svm,128,42,4,5,subject_specific,documented_152
8,1,sub-08_ses-01_row-0616,1,118,1,svm,128,42,4,5,subject_specific,documented_152
8,2,sub-08_ses-02_row-0235,3,45,3,svm,128,42,4,5,subject_specific,documented_152
8,2,sub-08_ses-02_row-0255,0,49,1,svm,128,42,4,5,subject_specific,documented_152
8,2,sub-08_ses-02_row-0260,0,50,1,svm,128,42,4,5,subject_specific,documented_152
8,2,sub-08_ses-02_row-0270,3,52,0,svm,128,42,4,5,subject_specific,documented_152
8,2,sub-08_ses-02_row-0337,1,65,3,svm,128,42,4,5,subject_specific,documented_152
8,2,sub-08_ses-02_row-0344,1,66,0,svm,128,42,4,5,subject_specific,documented_152
8,2,sub-08_ses-02_row-0359,0,69,2,svm,128,42,4,5,subject_specific,documented_152
8,2,sub-08_ses-02_row-0369,1,71,1,svm,128,42,4,5,subject_specific,documented_152
8,2,sub-08_ses-02_row-0384,3,74,1,svm,128,42,4,5,subject_specific,documented_152
8,2,sub-08_ses-02_row-0389,1,75,1,svm,128,42,4,5,subject_specific,documented_152
8,2,sub-08_ses-02_row-0399,2,77,2,svm,128,42,4,5,subject_specific,documented_152
8,2,sub-08_ses-02_row-0404,3,78,0,svm,128,42,4,5,subject_specific,documented_152
8,2,sub-08_ses-02_row-0450,1,86,2,svm,128,42,4,5,subject_specific,documented_152
8,2,sub-08_ses-02_row-0490,0,94,3,svm,128,42,4,5,subject_specific,documented_152
8,2,sub-08_ses-02_row-0502,1,96,1,svm,128,42,4,5,subject_specific,documented_152
8,2,sub-08_ses-02_row-0527,2,101,2,svm,128,42,4,5,subject_specific,documented_152
8,2,sub-08_ses-02_row-0552,2,106,0,svm,128,42,4,5,subject_specific,documented_152
8,2,sub-08_ses-02_row-0564,3,108,1,svm,128,42,4,5,subject_specific,documented_152
8,2,sub-08_ses-02_row-0574,0,110,2,svm,128,42,4,5,subject_specific,documented_152
8,3,sub-08_ses-03_row-0130,2,24,1,svm,128,42,4,5,subject_specific,documented_152
8,3,sub-08_ses-03_row-0162,3,30,3,svm,128,42,4,5,subject_specific,documented_152
8,3,sub-08_ses-03_row-0209,1,39,0,svm,128,42,4,5,subject_specific,documented_152
8,3,sub-08_ses-03_row-0223,1,41,1,svm,128,42,4,5,subject_specific,documented_152
8,3,sub-08_ses-03_row-0243,3,45,3,svm,128,42,4,5,subject_specific,documented_152
8,3,sub-08_ses-03_row-0280,3,52,0,svm,128,42,4,5,subject_specific,documented_152
8,3,sub-08_ses-03_row-0312,0,58,1,svm,128,42,4,5,subject_specific,documented_152
8,1,sub-08_ses-01_row-0235,1,45,0,svm,128,42,5,5,subject_specific,documented_152
8,1,sub-08_ses-01_row-0260,1,50,0,svm,128,42,5,5,subject_specific,documented_152
8,1,sub-08_ses-01_row-0265,2,51,2,svm,128,42,5,5,subject_specific,documented_152
8,1,sub-08_ses-01_row-0277,3,53,2,svm,128,42,5,5,subject_specific,documented_152
8,1,sub-08_ses-01_row-0282,0,54,2,svm,128,42,5,5,subject_specific,documented_152
8,1,sub-08_ses-01_row-0287,2,55,3,svm,128,42,5,5,subject_specific,documented_152
8,1,sub-08_ses-01_row-0307,0,59,1,svm,128,42,5,5,subject_specific,documented_152
8,1,sub-08_ses-01_row-0344,2,66,1,svm,128,42,5,5,subject_specific,documented_152
8,1,sub-08_ses-01_row-0354,3,68,3,svm,128,42,5,5,subject_specific,documented_152
8,1,sub-08_ses-01_row-0465,2,89,3,svm,128,42,5,5,subject_specific,documented_152
8,1,sub-08_ses-01_row-0470,3,90,3,svm,128,42,5,5,subject_specific,documented_152
8,1,sub-08_ses-01_row-0517,0,99,2,svm,128,42,5,5,subject_specific,documented_152
8,1,sub-08_ses-01_row-0527,0,101,1,svm,128,42,5,5,subject_specific,documented_152
8,1,sub-08_ses-01_row-0532,0,102,2,svm,128,42,5,5,subject_specific,documented_152
8,1,sub-08_ses-01_row-0542,1,104,1,svm,128,42,5,5,subject_specific,documented_152
8,1,sub-08_ses-01_row-0554,1,106,3,svm,128,42,5,5,subject_specific,documented_152
8,1,sub-08_ses-01_row-0621,3,119,3,svm,128,42,5,5,subject_specific,documented_152
8,2,sub-08_ses-02_row-0265,1,51,0,svm,128,42,5,5,subject_specific,documented_152
8,2,sub-08_ses-02_row-0302,2,58,3,svm,128,42,5,5,subject_specific,documented_152
8,2,sub-08_ses-02_row-0312,0,60,0,svm,128,42,5,5,subject_specific,documented_152
8,2,sub-08_ses-02_row-0332,1,64,0,svm,128,42,5,5,subject_specific,documented_152
8,2,sub-08_ses-02_row-0349,2,67,3,svm,128,42,5,5,subject_specific,documented_152
8,2,sub-08_ses-02_row-0374,2,72,2,svm,128,42,5,5,subject_specific,documented_152
8,2,sub-08_ses-02_row-0430,1,82,2,svm,128,42,5,5,subject_specific,documented_152
8,2,sub-08_ses-02_row-0435,3,83,2,svm,128,42,5,5,subject_specific,documented_152
8,2,sub-08_ses-02_row-0440,1,84,0,svm,128,42,5,5,subject_specific,documented_152
8,2,sub-08_ses-02_row-0465,2,89,2,svm,128,42,5,5,subject_specific,documented_152
8,2,sub-08_ses-02_row-0537,2,103,0,svm,128,42,5,5,subject_specific,documented_152
8,2,sub-08_ses-02_row-0557,3,107,3,svm,128,42,5,5,subject_specific,documented_152
8,2,sub-08_ses-02_row-0569,0,109,2,svm,128,42,5,5,subject_specific,documented_152
8,2,sub-08_ses-02_row-0579,1,111,2,svm,128,42,5,5,subject_specific,documented_152
8,2,sub-08_ses-02_row-0594,0,114,2,svm,128,42,5,5,subject_specific,documented_152
8,2,sub-08_ses-02_row-0599,3,115,1,svm,128,42,5,5,subject_specific,documented_152
8,3,sub-08_ses-03_row-0145,3,27,0,svm,128,42,5,5,subject_specific,documented_152
8,3,sub-08_ses-03_row-0157,0,29,2,svm,128,42,5,5,subject_specific,documented_152
8,3,sub-08_ses-03_row-0172,3,32,1,svm,128,42,5,5,subject_specific,documented_152
8,3,sub-08_ses-03_row-0177,2,33,0,svm,128,42,5,5,subject_specific,documented_152
8,3,sub-08_ses-03_row-0238,0,44,1,svm,128,42,5,5,subject_specific,documented_152
8,3,sub-08_ses-03_row-0258,3,48,1,svm,128,42,5,5,subject_specific,documented_152
8,3,sub-08_ses-03_row-0290,1,54,0,svm,128,42,5,5,subject_specific,documented_152
8,1,sub-08_ses-01_row-0225,3,43,2,svm,64,42,1,5,subject_specific,documented_152
8,1,sub-08_ses-01_row-0255,2,49,3,svm,64,42,1,5,subject_specific,documented_152
8,1,sub-08_ses-01_row-0302,1,58,3,svm,64,42,1,5,subject_specific,documented_152
8,1,sub-08_ses-01_row-0317,3,61,3,svm,64,42,1,5,subject_specific,documented_152
8,1,sub-08_ses-01_row-0384,3,74,2,svm,64,42,1,5,subject_specific,documented_152
8,1,sub-08_ses-01_row-0401,2,77,3,svm,64,42,1,5,subject_specific,documented_152
8,1,sub-08_ses-01_row-0450,0,86,0,svm,64,42,1,5,subject_specific,documented_152
8,1,sub-08_ses-01_row-0460,3,88,3,svm,64,42,1,5,subject_specific,documented_152
8,1,sub-08_ses-01_row-0475,0,91,1,svm,64,42,1,5,subject_specific,documented_152
8,1,sub-08_ses-01_row-0485,0,93,2,svm,64,42,1,5,subject_specific,documented_152
8,1,sub-08_ses-01_row-0512,0,98,0,svm,64,42,1,5,subject_specific,documented_152
8,1,sub-08_ses-01_row-0537,1,103,0,svm,64,42,1,5,subject_specific,documented_152
8,1,sub-08_ses-01_row-0559,1,107,0,svm,64,42,1,5,subject_specific,documented_152
8,1,sub-08_ses-01_row-0569,2,109,1,svm,64,42,1,5,subject_specific,documented_152
8,1,sub-08_ses-01_row-0606,1,116,3,svm,64,42,1,5,subject_specific,documented_152
8,2,sub-08_ses-02_row-0210,0,40,2,svm,64,42,1,5,subject_specific,documented_152
8,2,sub-08_ses-02_row-0245,3,47,2,svm,64,42,1,5,subject_specific,documented_152
8,2,sub-08_ses-02_row-0297,0,57,2,svm,64,42,1,5,subject_specific,documented_152
8,2,sub-08_ses-02_row-0322,1,62,1,svm,64,42,1,5,subject_specific,documented_152
8,2,sub-08_ses-02_row-0327,1,63,2,svm,64,42,1,5,subject_specific,documented_152
8,2,sub-08_ses-02_row-0379,2,73,2,svm,64,42,1,5,subject_specific,documented_152
8,2,sub-08_ses-02_row-0394,1,76,0,svm,64,42,1,5,subject_specific,documented_152
8,2,sub-08_ses-02_row-0409,0,79,0,svm,64,42,1,5,subject_specific,documented_152
8,2,sub-08_ses-02_row-0425,3,81,2,svm,64,42,1,5,subject_specific,documented_152
8,2,sub-08_ses-02_row-0512,0,98,2,svm,64,42,1,5,subject_specific,documented_152
8,2,sub-08_ses-02_row-0532,2,102,0,svm,64,42,1,5,subject_specific,documented_152
8,2,sub-08_ses-02_row-0542,2,104,2,svm,64,42,1,5,subject_specific,documented_152
8,2,sub-08_ses-02_row-0547,0,105,2,svm,64,42,1,5,subject_specific,documented_152
8,2,sub-08_ses-02_row-0609,3,117,2,svm,64,42,1,5,subject_specific,documented_152
8,2,sub-08_ses-02_row-0616,1,118,1,svm,64,42,1,5,subject_specific,documented_152
8,2,sub-08_ses-02_row-0621,3,119,3,svm,64,42,1,5,subject_specific,documented_152
8,3,sub-08_ses-03_row-0120,1,22,1,svm,64,42,1,5,subject_specific,documented_152
8,3,sub-08_ses-03_row-0140,2,26,0,svm,64,42,1,5,subject_specific,documented_152
8,3,sub-08_ses-03_row-0187,1,35,0,svm,64,42,1,5,subject_specific,documented_152
8,3,sub-08_ses-03_row-0199,3,37,0,svm,64,42,1,5,subject_specific,documented_152
8,3,sub-08_ses-03_row-0204,2,38,0,svm,64,42,1,5,subject_specific,documented_152
8,3,sub-08_ses-03_row-0228,0,42,0,svm,64,42,1,5,subject_specific,documented_152
8,3,sub-08_ses-03_row-0270,2,50,0,svm,64,42,1,5,subject_specific,documented_152
8,3,sub-08_ses-03_row-0285,3,53,0,svm,64,42,1,5,subject_specific,documented_152
8,3,sub-08_ses-03_row-0317,2,59,0,svm,64,42,1,5,subject_specific,documented_152
8,1,sub-08_ses-01_row-0210,0,40,1,svm,64,42,2,5,subject_specific,documented_152
8,1,sub-08_ses-01_row-0240,1,46,0,svm,64,42,2,5,subject_specific,documented_152
8,1,sub-08_ses-01_row-0272,1,52,1,svm,64,42,2,5,subject_specific,documented_152
8,1,sub-08_ses-01_row-0292,0,56,1,svm,64,42,2,5,subject_specific,documented_152
8,1,sub-08_ses-01_row-0297,1,57,0,svm,64,42,2,5,subject_specific,documented_152
8,1,sub-08_ses-01_row-0312,1,60,1,svm,64,42,2,5,subject_specific,documented_152
8,1,sub-08_ses-01_row-0374,0,72,1,svm,64,42,2,5,subject_specific,documented_152
8,1,sub-08_ses-01_row-0379,3,73,3,svm,64,42,2,5,subject_specific,documented_152
8,1,sub-08_ses-01_row-0396,2,76,3,svm,64,42,2,5,subject_specific,documented_152
8,1,sub-08_ses-01_row-0406,3,78,1,svm,64,42,2,5,subject_specific,documented_152
8,1,sub-08_ses-01_row-0411,3,79,1,svm,64,42,2,5,subject_specific,documented_152
8,1,sub-08_ses-01_row-0425,0,81,2,svm,64,42,2,5,subject_specific,documented_152
8,1,sub-08_ses-01_row-0430,2,82,3,svm,64,42,2,5,subject_specific,documented_152
8,1,sub-08_ses-01_row-0435,3,83,3,svm,64,42,2,5,subject_specific,documented_152
8,1,sub-08_ses-01_row-0445,3,85,3,svm,64,42,2,5,subject_specific,documented_152
8,1,sub-08_ses-01_row-0492,3,94,3,svm,64,42,2,5,subject_specific,documented_152
8,1,sub-08_ses-01_row-0497,1,95,3,svm,64,42,2,5,subject_specific,documented_152
8,1,sub-08_ses-01_row-0507,1,97,2,svm,64,42,2,5,subject_specific,documented_152
8,1,sub-08_ses-01_row-0564,0,108,0,svm,64,42,2,5,subject_specific,documented_152
8,1,sub-08_ses-01_row-0601,2,115,3,svm,64,42,2,5,subject_specific,documented_152
8,2,sub-08_ses-02_row-0220,3,42,0,svm,64,42,2,5,subject_specific,documented_152
8,2,sub-08_ses-02_row-0225,0,43,1,svm,64,42,2,5,subject_specific,documented_152
8,2,sub-08_ses-02_row-0230,3,44,1,svm,64,42,2,5,subject_specific,documented_152
8,2,sub-08_ses-02_row-0307,2,59,0,svm,64,42,2,5,subject_specific,documented_152
8,2,sub-08_ses-02_row-0317,2,61,0,svm,64,42,2,5,subject_specific,documented_152
8,2,sub-08_ses-02_row-0420,2,80,3,svm,64,42,2,5,subject_specific,documented_152
8,2,sub-08_ses-02_row-0460,1,88,1,svm,64,42,2,5,subject_specific,documented_152
8,2,sub-08_ses-02_row-0475,0,91,3,svm,64,42,2,5,subject_specific,documented_152
8,2,sub-08_ses-02_row-0497,1,95,0,svm,64,42,2,5,subject_specific,documented_152
8,2,sub-08_ses-02_row-0507,2,97,2,svm,64,42,2,5,subject_specific,documented_152
8,2,sub-08_ses-02_row-0584,3,112,2,svm,64,42,2,5,subject_specific,documented_152
8,2,sub-08_ses-02_row-0604,2,116,2,svm,64,42,2,5,subject_specific,documented_152
8,3,sub-08_ses-03_row-0110,2,20,0,svm,64,42,2,5,subject_specific,documented_152
8,3,sub-08_ses-03_row-0115,0,21,2,svm,64,42,2,5,subject_specific,documented_152
8,3,sub-08_ses-03_row-0150,0,28,1,svm,64,42,2,5,subject_specific,documented_152
8,3,sub-08_ses-03_row-0218,1,40,0,svm,64,42,2,5,subject_specific,documented_152
8,3,sub-08_ses-03_row-0248,0,46,0,svm,64,42,2,5,subject_specific,documented_152
8,3,sub-08_ses-03_row-0265,2,49,1,svm,64,42,2,5,subject_specific,documented_152
8,3,sub-08_ses-03_row-0300,3,56,1,svm,64,42,2,5,subject_specific,documented_152
8,3,sub-08_ses-03_row-0307,1,57,3,svm,64,42,2,5,subject_specific,documented_152
8,1,sub-08_ses-01_row-0215,2,41,1,svm,64,42,3,5,subject_specific,documented_152
8,1,sub-08_ses-01_row-0245,1,47,3,svm,64,42,3,5,subject_specific,documented_152
8,1,sub-08_ses-01_row-0329,0,63,1,svm,64,42,3,5,subject_specific,documented_152
8,1,sub-08_ses-01_row-0334,2,64,1,svm,64,42,3,5,subject_specific,documented_152
8,1,sub-08_ses-01_row-0339,0,65,3,svm,64,42,3,5,subject_specific,documented_152
8,1,sub-08_ses-01_row-0349,1,67,0,svm,64,42,3,5,subject_specific,documented_152
8,1,sub-08_ses-01_row-0359,3,69,2,svm,64,42,3,5,subject_specific,documented_152
8,1,sub-08_ses-01_row-0364,3,70,3,svm,64,42,3,5,subject_specific,documented_152
8,1,sub-08_ses-01_row-0389,1,75,3,svm,64,42,3,5,subject_specific,documented_152
8,1,sub-08_ses-01_row-0522,3,100,1,svm,64,42,3,5,subject_specific,documented_152
8,1,sub-08_ses-01_row-0549,2,105,1,svm,64,42,3,5,subject_specific,documented_152
8,1,sub-08_ses-01_row-0579,2,111,3,svm,64,42,3,5,subject_specific,documented_152
8,1,sub-08_ses-01_row-0584,1,112,0,svm,64,42,3,5,subject_specific,documented_152
8,1,sub-08_ses-01_row-0594,3,114,2,svm,64,42,3,5,subject_specific,documented_152
8,2,sub-08_ses-02_row-0215,2,41,0,svm,64,42,3,5,subject_specific,documented_152
8,2,sub-08_ses-02_row-0240,3,46,1,svm,64,42,3,5,subject_specific,documented_152
8,2,sub-08_ses-02_row-0250,0,48,0,svm,64,42,3,5,subject_specific,documented_152
8,2,sub-08_ses-02_row-0275,2,53,1,svm,64,42,3,5,subject_specific,documented_152
8,2,sub-08_ses-02_row-0280,3,54,3,svm,64,42,3,5,subject_specific,documented_152
8,2,sub-08_ses-02_row-0287,2,55,0,svm,64,42,3,5,subject_specific,documented_152
8,2,sub-08_ses-02_row-0292,3,56,1,svm,64,42,3,5,subject_specific,documented_152
8,2,sub-08_ses-02_row-0354,0,68,2,svm,64,42,3,5,subject_specific,documented_152
8,2,sub-08_ses-02_row-0364,1,70,2,svm,64,42,3,5,subject_specific,documented_152
8,2,sub-08_ses-02_row-0445,1,85,3,svm,64,42,3,5,subject_specific,documented_152
8,2,sub-08_ses-02_row-0455,0,87,3,svm,64,42,3,5,subject_specific,documented_152
8,2,sub-08_ses-02_row-0470,3,90,3,svm,64,42,3,5,subject_specific,documented_152
8,2,sub-08_ses-02_row-0480,3,92,2,svm,64,42,3,5,subject_specific,documented_152
8,2,sub-08_ses-02_row-0485,1,93,0,svm,64,42,3,5,subject_specific,documented_152
8,2,sub-08_ses-02_row-0517,0,99,1,svm,64,42,3,5,subject_specific,documented_152
8,2,sub-08_ses-02_row-0522,2,100,1,svm,64,42,3,5,subject_specific,documented_152
8,2,sub-08_ses-02_row-0589,0,113,3,svm,64,42,3,5,subject_specific,documented_152
8,3,sub-08_ses-03_row-0125,3,23,3,svm,64,42,3,5,subject_specific,documented_152
8,3,sub-08_ses-03_row-0135,0,25,3,svm,64,42,3,5,subject_specific,documented_152
8,3,sub-08_ses-03_row-0167,1,31,3,svm,64,42,3,5,subject_specific,documented_152
8,3,sub-08_ses-03_row-0182,1,34,1,svm,64,42,3,5,subject_specific,documented_152
8,3,sub-08_ses-03_row-0194,0,36,3,svm,64,42,3,5,subject_specific,documented_152
8,3,sub-08_ses-03_row-0233,2,43,0,svm,64,42,3,5,subject_specific,documented_152
8,3,sub-08_ses-03_row-0253,0,47,3,svm,64,42,3,5,subject_specific,documented_152
8,3,sub-08_ses-03_row-0275,1,51,0,svm,64,42,3,5,subject_specific,documented_152
8,3,sub-08_ses-03_row-0295,2,55,3,svm,64,42,3,5,subject_specific,documented_152
8,1,sub-08_ses-01_row-0220,0,42,3,svm,64,42,4,5,subject_specific,documented_152
8,1,sub-08_ses-01_row-0230,0,44,3,svm,64,42,4,5,subject_specific,documented_152
8,1,sub-08_ses-01_row-0250,2,48,3,svm,64,42,4,5,subject_specific,documented_152
8,1,sub-08_ses-01_row-0322,2,62,3,svm,64,42,4,5,subject_specific,documented_152
8,1,sub-08_ses-01_row-0369,0,71,0,svm,64,42,4,5,subject_specific,documented_152
8,1,sub-08_ses-01_row-0420,1,80,0,svm,64,42,4,5,subject_specific,documented_152
8,1,sub-08_ses-01_row-0440,2,84,3,svm,64,42,4,5,subject_specific,documented_152
8,1,sub-08_ses-01_row-0455,0,87,2,svm,64,42,4,5,subject_specific,documented_152
8,1,sub-08_ses-01_row-0480,2,92,0,svm,64,42,4,5,subject_specific,documented_152
8,1,sub-08_ses-01_row-0502,3,96,0,svm,64,42,4,5,subject_specific,documented_152
8,1,sub-08_ses-01_row-0574,3,110,3,svm,64,42,4,5,subject_specific,documented_152
8,1,sub-08_ses-01_row-0589,2,113,3,svm,64,42,4,5,subject_specific,documented_152
8,1,sub-08_ses-01_row-0611,2,117,0,svm,64,42,4,5,subject_specific,documented_152
8,1,sub-08_ses-01_row-0616,1,118,0,svm,64,42,4,5,subject_specific,documented_152
8,2,sub-08_ses-02_row-0235,3,45,3,svm,64,42,4,5,subject_specific,documented_152
8,2,sub-08_ses-02_row-0255,0,49,2,svm,64,42,4,5,subject_specific,documented_152
8,2,sub-08_ses-02_row-0260,0,50,0,svm,64,42,4,5,subject_specific,documented_152
8,2,sub-08_ses-02_row-0270,3,52,1,svm,64,42,4,5,subject_specific,documented_152
8,2,sub-08_ses-02_row-0337,1,65,1,svm,64,42,4,5,subject_specific,documented_152
8,2,sub-08_ses-02_row-0344,1,66,3,svm,64,42,4,5,subject_specific,documented_152
8,2,sub-08_ses-02_row-0359,0,69,2,svm,64,42,4,5,subject_specific,documented_152
8,2,sub-08_ses-02_row-0369,1,71,1,svm,64,42,4,5,subject_specific,documented_152
8,2,sub-08_ses-02_row-0384,3,74,1,svm,64,42,4,5,subject_specific,documented_152
8,2,sub-08_ses-02_row-0389,1,75,1,svm,64,42,4,5,subject_specific,documented_152
8,2,sub-08_ses-02_row-0399,2,77,2,svm,64,42,4,5,subject_specific,documented_152
8,2,sub-08_ses-02_row-0404,3,78,0,svm,64,42,4,5,subject_specific,documented_152
8,2,sub-08_ses-02_row-0450,1,86,2,svm,64,42,4,5,subject_specific,documented_152
8,2,sub-08_ses-02_row-0490,0,94,3,svm,64,42,4,5,subject_specific,documented_152
8,2,sub-08_ses-02_row-0502,1,96,1,svm,64,42,4,5,subject_specific,documented_152
8,2,sub-08_ses-02_row-0527,2,101,2,svm,64,42,4,5,subject_specific,documented_152
8,2,sub-08_ses-02_row-0552,2,106,0,svm,64,42,4,5,subject_specific,documented_152
8,2,sub-08_ses-02_row-0564,3,108,0,svm,64,42,4,5,subject_specific,documented_152
8,2,sub-08_ses-02_row-0574,0,110,2,svm,64,42,4,5,subject_specific,documented_152
8,3,sub-08_ses-03_row-0130,2,24,1,svm,64,42,4,5,subject_specific,documented_152
8,3,sub-08_ses-03_row-0162,3,30,2,svm,64,42,4,5,subject_specific,documented_152
8,3,sub-08_ses-03_row-0209,1,39,0,svm,64,42,4,5,subject_specific,documented_152
8,3,sub-08_ses-03_row-0223,1,41,1,svm,64,42,4,5,subject_specific,documented_152
8,3,sub-08_ses-03_row-0243,3,45,0,svm,64,42,4,5,subject_specific,documented_152
8,3,sub-08_ses-03_row-0280,3,52,0,svm,64,42,4,5,subject_specific,documented_152
8,3,sub-08_ses-03_row-0312,0,58,1,svm,64,42,4,5,subject_specific,documented_152
8,1,sub-08_ses-01_row-0235,1,45,0,svm,64,42,5,5,subject_specific,documented_152
8,1,sub-08_ses-01_row-0260,1,50,1,svm,64,42,5,5,subject_specific,documented_152
8,1,sub-08_ses-01_row-0265,2,51,1,svm,64,42,5,5,subject_specific,documented_152
8,1,sub-08_ses-01_row-0277,3,53,2,svm,64,42,5,5,subject_specific,documented_152
8,1,sub-08_ses-01_row-0282,0,54,0,svm,64,42,5,5,subject_specific,documented_152
8,1,sub-08_ses-01_row-0287,2,55,3,svm,64,42,5,5,subject_specific,documented_152
8,1,sub-08_ses-01_row-0307,0,59,1,svm,64,42,5,5,subject_specific,documented_152
8,1,sub-08_ses-01_row-0344,2,66,0,svm,64,42,5,5,subject_specific,documented_152
8,1,sub-08_ses-01_row-0354,3,68,3,svm,64,42,5,5,subject_specific,documented_152
8,1,sub-08_ses-01_row-0465,2,89,3,svm,64,42,5,5,subject_specific,documented_152
8,1,sub-08_ses-01_row-0470,3,90,3,svm,64,42,5,5,subject_specific,documented_152
8,1,sub-08_ses-01_row-0517,0,99,2,svm,64,42,5,5,subject_specific,documented_152
8,1,sub-08_ses-01_row-0527,0,101,1,svm,64,42,5,5,subject_specific,documented_152
8,1,sub-08_ses-01_row-0532,0,102,2,svm,64,42,5,5,subject_specific,documented_152
8,1,sub-08_ses-01_row-0542,1,104,0,svm,64,42,5,5,subject_specific,documented_152
8,1,sub-08_ses-01_row-0554,1,106,2,svm,64,42,5,5,subject_specific,documented_152
8,1,sub-08_ses-01_row-0621,3,119,0,svm,64,42,5,5,subject_specific,documented_152
8,2,sub-08_ses-02_row-0265,1,51,0,svm,64,42,5,5,subject_specific,documented_152
8,2,sub-08_ses-02_row-0302,2,58,3,svm,64,42,5,5,subject_specific,documented_152
8,2,sub-08_ses-02_row-0312,0,60,0,svm,64,42,5,5,subject_specific,documented_152
8,2,sub-08_ses-02_row-0332,1,64,1,svm,64,42,5,5,subject_specific,documented_152
8,2,sub-08_ses-02_row-0349,2,67,3,svm,64,42,5,5,subject_specific,documented_152
8,2,sub-08_ses-02_row-0374,2,72,2,svm,64,42,5,5,subject_specific,documented_152
8,2,sub-08_ses-02_row-0430,1,82,2,svm,64,42,5,5,subject_specific,documented_152
8,2,sub-08_ses-02_row-0435,3,83,2,svm,64,42,5,5,subject_specific,documented_152
8,2,sub-08_ses-02_row-0440,1,84,0,svm,64,42,5,5,subject_specific,documented_152
8,2,sub-08_ses-02_row-0465,2,89,2,svm,64,42,5,5,subject_specific,documented_152
8,2,sub-08_ses-02_row-0537,2,103,0,svm,64,42,5,5,subject_specific,documented_152
8,2,sub-08_ses-02_row-0557,3,107,3,svm,64,42,5,5,subject_specific,documented_152
8,2,sub-08_ses-02_row-0569,0,109,2,svm,64,42,5,5,subject_specific,documented_152
8,2,sub-08_ses-02_row-0579,1,111,3,svm,64,42,5,5,subject_specific,documented_152
8,2,sub-08_ses-02_row-0594,0,114,3,svm,64,42,5,5,subject_specific,documented_152
8,2,sub-08_ses-02_row-0599,3,115,3,svm,64,42,5,5,subject_specific,documented_152
8,3,sub-08_ses-03_row-0145,3,27,0,svm,64,42,5,5,subject_specific,documented_152
8,3,sub-08_ses-03_row-0157,0,29,2,svm,64,42,5,5,subject_specific,documented_152
8,3,sub-08_ses-03_row-0172,3,32,1,svm,64,42,5,5,subject_specific,documented_152
8,3,sub-08_ses-03_row-0177,2,33,0,svm,64,42,5,5,subject_specific,documented_152
8,3,sub-08_ses-03_row-0238,0,44,1,svm,64,42,5,5,subject_specific,documented_152
8,3,sub-08_ses-03_row-0258,3,48,0,svm,64,42,5,5,subject_specific,documented_152
8,3,sub-08_ses-03_row-0290,1,54,0,svm,64,42,5,5,subject_specific,documented_152
8,1,sub-08_ses-01_row-0225,3,43,2,svm,32,42,1,5,subject_specific,documented_152
8,1,sub-08_ses-01_row-0255,2,49,1,svm,32,42,1,5,subject_specific,documented_152
8,1,sub-08_ses-01_row-0302,1,58,3,svm,32,42,1,5,subject_specific,documented_152
8,1,sub-08_ses-01_row-0317,3,61,2,svm,32,42,1,5,subject_specific,documented_152
8,1,sub-08_ses-01_row-0384,3,74,1,svm,32,42,1,5,subject_specific,documented_152
8,1,sub-08_ses-01_row-0401,2,77,0,svm,32,42,1,5,subject_specific,documented_152
8,1,sub-08_ses-01_row-0450,0,86,1,svm,32,42,1,5,subject_specific,documented_152
8,1,sub-08_ses-01_row-0460,3,88,3,svm,32,42,1,5,subject_specific,documented_152
8,1,sub-08_ses-01_row-0475,0,91,1,svm,32,42,1,5,subject_specific,documented_152
8,1,sub-08_ses-01_row-0485,0,93,1,svm,32,42,1,5,subject_specific,documented_152
8,1,sub-08_ses-01_row-0512,0,98,2,svm,32,42,1,5,subject_specific,documented_152
8,1,sub-08_ses-01_row-0537,1,103,0,svm,32,42,1,5,subject_specific,documented_152
8,1,sub-08_ses-01_row-0559,1,107,0,svm,32,42,1,5,subject_specific,documented_152
8,1,sub-08_ses-01_row-0569,2,109,1,svm,32,42,1,5,subject_specific,documented_152
8,1,sub-08_ses-01_row-0606,1,116,3,svm,32,42,1,5,subject_specific,documented_152
8,2,sub-08_ses-02_row-0210,0,40,2,svm,32,42,1,5,subject_specific,documented_152
8,2,sub-08_ses-02_row-0245,3,47,2,svm,32,42,1,5,subject_specific,documented_152
8,2,sub-08_ses-02_row-0297,0,57,2,svm,32,42,1,5,subject_specific,documented_152
8,2,sub-08_ses-02_row-0322,1,62,1,svm,32,42,1,5,subject_specific,documented_152
8,2,sub-08_ses-02_row-0327,1,63,2,svm,32,42,1,5,subject_specific,documented_152
8,2,sub-08_ses-02_row-0379,2,73,2,svm,32,42,1,5,subject_specific,documented_152
8,2,sub-08_ses-02_row-0394,1,76,0,svm,32,42,1,5,subject_specific,documented_152
8,2,sub-08_ses-02_row-0409,0,79,3,svm,32,42,1,5,subject_specific,documented_152
8,2,sub-08_ses-02_row-0425,3,81,3,svm,32,42,1,5,subject_specific,documented_152
8,2,sub-08_ses-02_row-0512,0,98,2,svm,32,42,1,5,subject_specific,documented_152
8,2,sub-08_ses-02_row-0532,2,102,0,svm,32,42,1,5,subject_specific,documented_152
8,2,sub-08_ses-02_row-0542,2,104,2,svm,32,42,1,5,subject_specific,documented_152
8,2,sub-08_ses-02_row-0547,0,105,2,svm,32,42,1,5,subject_specific,documented_152
8,2,sub-08_ses-02_row-0609,3,117,2,svm,32,42,1,5,subject_specific,documented_152
8,2,sub-08_ses-02_row-0616,1,118,1,svm,32,42,1,5,subject_specific,documented_152
8,2,sub-08_ses-02_row-0621,3,119,2,svm,32,42,1,5,subject_specific,documented_152
8,3,sub-08_ses-03_row-0120,1,22,0,svm,32,42,1,5,subject_specific,documented_152
8,3,sub-08_ses-03_row-0140,2,26,0,svm,32,42,1,5,subject_specific,documented_152
8,3,sub-08_ses-03_row-0187,1,35,0,svm,32,42,1,5,subject_specific,documented_152
8,3,sub-08_ses-03_row-0199,3,37,0,svm,32,42,1,5,subject_specific,documented_152
8,3,sub-08_ses-03_row-0204,2,38,0,svm,32,42,1,5,subject_specific,documented_152
8,3,sub-08_ses-03_row-0228,0,42,0,svm,32,42,1,5,subject_specific,documented_152
8,3,sub-08_ses-03_row-0270,2,50,0,svm,32,42,1,5,subject_specific,documented_152
8,3,sub-08_ses-03_row-0285,3,53,0,svm,32,42,1,5,subject_specific,documented_152
8,3,sub-08_ses-03_row-0317,2,59,0,svm,32,42,1,5,subject_specific,documented_152
8,1,sub-08_ses-01_row-0210,0,40,1,svm,32,42,2,5,subject_specific,documented_152
8,1,sub-08_ses-01_row-0240,1,46,0,svm,32,42,2,5,subject_specific,documented_152
8,1,sub-08_ses-01_row-0272,1,52,1,svm,32,42,2,5,subject_specific,documented_152
8,1,sub-08_ses-01_row-0292,0,56,1,svm,32,42,2,5,subject_specific,documented_152
8,1,sub-08_ses-01_row-0297,1,57,0,svm,32,42,2,5,subject_specific,documented_152
8,1,sub-08_ses-01_row-0312,1,60,1,svm,32,42,2,5,subject_specific,documented_152
8,1,sub-08_ses-01_row-0374,0,72,1,svm,32,42,2,5,subject_specific,documented_152
8,1,sub-08_ses-01_row-0379,3,73,3,svm,32,42,2,5,subject_specific,documented_152
8,1,sub-08_ses-01_row-0396,2,76,2,svm,32,42,2,5,subject_specific,documented_152
8,1,sub-08_ses-01_row-0406,3,78,1,svm,32,42,2,5,subject_specific,documented_152
8,1,sub-08_ses-01_row-0411,3,79,2,svm,32,42,2,5,subject_specific,documented_152
8,1,sub-08_ses-01_row-0425,0,81,2,svm,32,42,2,5,subject_specific,documented_152
8,1,sub-08_ses-01_row-0430,2,82,3,svm,32,42,2,5,subject_specific,documented_152
8,1,sub-08_ses-01_row-0435,3,83,3,svm,32,42,2,5,subject_specific,documented_152
8,1,sub-08_ses-01_row-0445,3,85,3,svm,32,42,2,5,subject_specific,documented_152
8,1,sub-08_ses-01_row-0492,3,94,0,svm,32,42,2,5,subject_specific,documented_152
8,1,sub-08_ses-01_row-0497,1,95,0,svm,32,42,2,5,subject_specific,documented_152
8,1,sub-08_ses-01_row-0507,1,97,0,svm,32,42,2,5,subject_specific,documented_152
8,1,sub-08_ses-01_row-0564,0,108,0,svm,32,42,2,5,subject_specific,documented_152
8,1,sub-08_ses-01_row-0601,2,115,3,svm,32,42,2,5,subject_specific,documented_152
8,2,sub-08_ses-02_row-0220,3,42,1,svm,32,42,2,5,subject_specific,documented_152
8,2,sub-08_ses-02_row-0225,0,43,1,svm,32,42,2,5,subject_specific,documented_152
8,2,sub-08_ses-02_row-0230,3,44,1,svm,32,42,2,5,subject_specific,documented_152
8,2,sub-08_ses-02_row-0307,2,59,0,svm,32,42,2,5,subject_specific,documented_152
8,2,sub-08_ses-02_row-0317,2,61,1,svm,32,42,2,5,subject_specific,documented_152
8,2,sub-08_ses-02_row-0420,2,80,3,svm,32,42,2,5,subject_specific,documented_152
8,2,sub-08_ses-02_row-0460,1,88,1,svm,32,42,2,5,subject_specific,documented_152
8,2,sub-08_ses-02_row-0475,0,91,3,svm,32,42,2,5,subject_specific,documented_152
8,2,sub-08_ses-02_row-0497,1,95,0,svm,32,42,2,5,subject_specific,documented_152
8,2,sub-08_ses-02_row-0507,2,97,1,svm,32,42,2,5,subject_specific,documented_152
8,2,sub-08_ses-02_row-0584,3,112,2,svm,32,42,2,5,subject_specific,documented_152
8,2,sub-08_ses-02_row-0604,2,116,2,svm,32,42,2,5,subject_specific,documented_152
8,3,sub-08_ses-03_row-0110,2,20,0,svm,32,42,2,5,subject_specific,documented_152
8,3,sub-08_ses-03_row-0115,0,21,0,svm,32,42,2,5,subject_specific,documented_152
8,3,sub-08_ses-03_row-0150,0,28,1,svm,32,42,2,5,subject_specific,documented_152
8,3,sub-08_ses-03_row-0218,1,40,0,svm,32,42,2,5,subject_specific,documented_152
8,3,sub-08_ses-03_row-0248,0,46,0,svm,32,42,2,5,subject_specific,documented_152
8,3,sub-08_ses-03_row-0265,2,49,2,svm,32,42,2,5,subject_specific,documented_152
8,3,sub-08_ses-03_row-0300,3,56,3,svm,32,42,2,5,subject_specific,documented_152
8,3,sub-08_ses-03_row-0307,1,57,3,svm,32,42,2,5,subject_specific,documented_152
8,1,sub-08_ses-01_row-0215,2,41,1,svm,32,42,3,5,subject_specific,documented_152
8,1,sub-08_ses-01_row-0245,1,47,3,svm,32,42,3,5,subject_specific,documented_152
8,1,sub-08_ses-01_row-0329,0,63,1,svm,32,42,3,5,subject_specific,documented_152
8,1,sub-08_ses-01_row-0334,2,64,1,svm,32,42,3,5,subject_specific,documented_152
8,1,sub-08_ses-01_row-0339,0,65,0,svm,32,42,3,5,subject_specific,documented_152
8,1,sub-08_ses-01_row-0349,1,67,2,svm,32,42,3,5,subject_specific,documented_152
8,1,sub-08_ses-01_row-0359,3,69,2,svm,32,42,3,5,subject_specific,documented_152
8,1,sub-08_ses-01_row-0364,3,70,3,svm,32,42,3,5,subject_specific,documented_152
8,1,sub-08_ses-01_row-0389,1,75,0,svm,32,42,3,5,subject_specific,documented_152
8,1,sub-08_ses-01_row-0522,3,100,2,svm,32,42,3,5,subject_specific,documented_152
8,1,sub-08_ses-01_row-0549,2,105,1,svm,32,42,3,5,subject_specific,documented_152
8,1,sub-08_ses-01_row-0579,2,111,0,svm,32,42,3,5,subject_specific,documented_152
8,1,sub-08_ses-01_row-0584,1,112,2,svm,32,42,3,5,subject_specific,documented_152
8,1,sub-08_ses-01_row-0594,3,114,1,svm,32,42,3,5,subject_specific,documented_152
8,2,sub-08_ses-02_row-0215,2,41,1,svm,32,42,3,5,subject_specific,documented_152
8,2,sub-08_ses-02_row-0240,3,46,1,svm,32,42,3,5,subject_specific,documented_152
8,2,sub-08_ses-02_row-0250,0,48,2,svm,32,42,3,5,subject_specific,documented_152
8,2,sub-08_ses-02_row-0275,2,53,1,svm,32,42,3,5,subject_specific,documented_152
8,2,sub-08_ses-02_row-0280,3,54,1,svm,32,42,3,5,subject_specific,documented_152
8,2,sub-08_ses-02_row-0287,2,55,0,svm,32,42,3,5,subject_specific,documented_152
8,2,sub-08_ses-02_row-0292,3,56,0,svm,32,42,3,5,subject_specific,documented_152
8,2,sub-08_ses-02_row-0354,0,68,1,svm,32,42,3,5,subject_specific,documented_152
8,2,sub-08_ses-02_row-0364,1,70,2,svm,32,42,3,5,subject_specific,documented_152
8,2,sub-08_ses-02_row-0445,1,85,0,svm,32,42,3,5,subject_specific,documented_152
8,2,sub-08_ses-02_row-0455,0,87,1,svm,32,42,3,5,subject_specific,documented_152
8,2,sub-08_ses-02_row-0470,3,90,0,svm,32,42,3,5,subject_specific,documented_152
8,2,sub-08_ses-02_row-0480,3,92,2,svm,32,42,3,5,subject_specific,documented_152
8,2,sub-08_ses-02_row-0485,1,93,0,svm,32,42,3,5,subject_specific,documented_152
8,2,sub-08_ses-02_row-0517,0,99,1,svm,32,42,3,5,subject_specific,documented_152
8,2,sub-08_ses-02_row-0522,2,100,1,svm,32,42,3,5,subject_specific,documented_152
8,2,sub-08_ses-02_row-0589,0,113,0,svm,32,42,3,5,subject_specific,documented_152
8,3,sub-08_ses-03_row-0125,3,23,0,svm,32,42,3,5,subject_specific,documented_152
8,3,sub-08_ses-03_row-0135,0,25,2,svm,32,42,3,5,subject_specific,documented_152
8,3,sub-08_ses-03_row-0167,1,31,3,svm,32,42,3,5,subject_specific,documented_152
8,3,sub-08_ses-03_row-0182,1,34,0,svm,32,42,3,5,subject_specific,documented_152
8,3,sub-08_ses-03_row-0194,0,36,3,svm,32,42,3,5,subject_specific,documented_152
8,3,sub-08_ses-03_row-0233,2,43,0,svm,32,42,3,5,subject_specific,documented_152
8,3,sub-08_ses-03_row-0253,0,47,3,svm,32,42,3,5,subject_specific,documented_152
8,3,sub-08_ses-03_row-0275,1,51,0,svm,32,42,3,5,subject_specific,documented_152
8,3,sub-08_ses-03_row-0295,2,55,0,svm,32,42,3,5,subject_specific,documented_152
8,1,sub-08_ses-01_row-0220,0,42,3,svm,32,42,4,5,subject_specific,documented_152
8,1,sub-08_ses-01_row-0230,0,44,3,svm,32,42,4,5,subject_specific,documented_152
8,1,sub-08_ses-01_row-0250,2,48,3,svm,32,42,4,5,subject_specific,documented_152
8,1,sub-08_ses-01_row-0322,2,62,3,svm,32,42,4,5,subject_specific,documented_152
8,1,sub-08_ses-01_row-0369,0,71,0,svm,32,42,4,5,subject_specific,documented_152
8,1,sub-08_ses-01_row-0420,1,80,0,svm,32,42,4,5,subject_specific,documented_152
8,1,sub-08_ses-01_row-0440,2,84,3,svm,32,42,4,5,subject_specific,documented_152
8,1,sub-08_ses-01_row-0455,0,87,0,svm,32,42,4,5,subject_specific,documented_152
8,1,sub-08_ses-01_row-0480,2,92,0,svm,32,42,4,5,subject_specific,documented_152
8,1,sub-08_ses-01_row-0502,3,96,0,svm,32,42,4,5,subject_specific,documented_152
8,1,sub-08_ses-01_row-0574,3,110,3,svm,32,42,4,5,subject_specific,documented_152
8,1,sub-08_ses-01_row-0589,2,113,3,svm,32,42,4,5,subject_specific,documented_152
8,1,sub-08_ses-01_row-0611,2,117,0,svm,32,42,4,5,subject_specific,documented_152
8,1,sub-08_ses-01_row-0616,1,118,1,svm,32,42,4,5,subject_specific,documented_152
8,2,sub-08_ses-02_row-0235,3,45,3,svm,32,42,4,5,subject_specific,documented_152
8,2,sub-08_ses-02_row-0255,0,49,2,svm,32,42,4,5,subject_specific,documented_152
8,2,sub-08_ses-02_row-0260,0,50,1,svm,32,42,4,5,subject_specific,documented_152
8,2,sub-08_ses-02_row-0270,3,52,1,svm,32,42,4,5,subject_specific,documented_152
8,2,sub-08_ses-02_row-0337,1,65,3,svm,32,42,4,5,subject_specific,documented_152
8,2,sub-08_ses-02_row-0344,1,66,2,svm,32,42,4,5,subject_specific,documented_152
8,2,sub-08_ses-02_row-0359,0,69,2,svm,32,42,4,5,subject_specific,documented_152
8,2,sub-08_ses-02_row-0369,1,71,2,svm,32,42,4,5,subject_specific,documented_152
8,2,sub-08_ses-02_row-0384,3,74,3,svm,32,42,4,5,subject_specific,documented_152
8,2,sub-08_ses-02_row-0389,1,75,1,svm,32,42,4,5,subject_specific,documented_152
8,2,sub-08_ses-02_row-0399,2,77,2,svm,32,42,4,5,subject_specific,documented_152
8,2,sub-08_ses-02_row-0404,3,78,0,svm,32,42,4,5,subject_specific,documented_152
8,2,sub-08_ses-02_row-0450,1,86,2,svm,32,42,4,5,subject_specific,documented_152
8,2,sub-08_ses-02_row-0490,0,94,3,svm,32,42,4,5,subject_specific,documented_152
8,2,sub-08_ses-02_row-0502,1,96,1,svm,32,42,4,5,subject_specific,documented_152
8,2,sub-08_ses-02_row-0527,2,101,2,svm,32,42,4,5,subject_specific,documented_152
8,2,sub-08_ses-02_row-0552,2,106,0,svm,32,42,4,5,subject_specific,documented_152
8,2,sub-08_ses-02_row-0564,3,108,2,svm,32,42,4,5,subject_specific,documented_152
8,2,sub-08_ses-02_row-0574,0,110,2,svm,32,42,4,5,subject_specific,documented_152
8,3,sub-08_ses-03_row-0130,2,24,1,svm,32,42,4,5,subject_specific,documented_152
8,3,sub-08_ses-03_row-0162,3,30,2,svm,32,42,4,5,subject_specific,documented_152
8,3,sub-08_ses-03_row-0209,1,39,0,svm,32,42,4,5,subject_specific,documented_152
8,3,sub-08_ses-03_row-0223,1,41,1,svm,32,42,4,5,subject_specific,documented_152
8,3,sub-08_ses-03_row-0243,3,45,3,svm,32,42,4,5,subject_specific,documented_152
8,3,sub-08_ses-03_row-0280,3,52,0,svm,32,42,4,5,subject_specific,documented_152
8,3,sub-08_ses-03_row-0312,0,58,1,svm,32,42,4,5,subject_specific,documented_152
8,1,sub-08_ses-01_row-0235,1,45,1,svm,32,42,5,5,subject_specific,documented_152
8,1,sub-08_ses-01_row-0260,1,50,1,svm,32,42,5,5,subject_specific,documented_152
8,1,sub-08_ses-01_row-0265,2,51,1,svm,32,42,5,5,subject_specific,documented_152
8,1,sub-08_ses-01_row-0277,3,53,1,svm,32,42,5,5,subject_specific,documented_152
8,1,sub-08_ses-01_row-0282,0,54,0,svm,32,42,5,5,subject_specific,documented_152
8,1,sub-08_ses-01_row-0287,2,55,3,svm,32,42,5,5,subject_specific,documented_152
8,1,sub-08_ses-01_row-0307,0,59,3,svm,32,42,5,5,subject_specific,documented_152
8,1,sub-08_ses-01_row-0344,2,66,0,svm,32,42,5,5,subject_specific,documented_152
8,1,sub-08_ses-01_row-0354,3,68,3,svm,32,42,5,5,subject_specific,documented_152
8,1,sub-08_ses-01_row-0465,2,89,2,svm,32,42,5,5,subject_specific,documented_152
8,1,sub-08_ses-01_row-0470,3,90,3,svm,32,42,5,5,subject_specific,documented_152
8,1,sub-08_ses-01_row-0517,0,99,2,svm,32,42,5,5,subject_specific,documented_152
8,1,sub-08_ses-01_row-0527,0,101,1,svm,32,42,5,5,subject_specific,documented_152
8,1,sub-08_ses-01_row-0532,0,102,2,svm,32,42,5,5,subject_specific,documented_152
8,1,sub-08_ses-01_row-0542,1,104,1,svm,32,42,5,5,subject_specific,documented_152
8,1,sub-08_ses-01_row-0554,1,106,1,svm,32,42,5,5,subject_specific,documented_152
8,1,sub-08_ses-01_row-0621,3,119,0,svm,32,42,5,5,subject_specific,documented_152
8,2,sub-08_ses-02_row-0265,1,51,0,svm,32,42,5,5,subject_specific,documented_152
8,2,sub-08_ses-02_row-0302,2,58,3,svm,32,42,5,5,subject_specific,documented_152
8,2,sub-08_ses-02_row-0312,0,60,0,svm,32,42,5,5,subject_specific,documented_152
8,2,sub-08_ses-02_row-0332,1,64,1,svm,32,42,5,5,subject_specific,documented_152
8,2,sub-08_ses-02_row-0349,2,67,1,svm,32,42,5,5,subject_specific,documented_152
8,2,sub-08_ses-02_row-0374,2,72,2,svm,32,42,5,5,subject_specific,documented_152
8,2,sub-08_ses-02_row-0430,1,82,3,svm,32,42,5,5,subject_specific,documented_152
8,2,sub-08_ses-02_row-0435,3,83,2,svm,32,42,5,5,subject_specific,documented_152
8,2,sub-08_ses-02_row-0440,1,84,0,svm,32,42,5,5,subject_specific,documented_152
8,2,sub-08_ses-02_row-0465,2,89,2,svm,32,42,5,5,subject_specific,documented_152
8,2,sub-08_ses-02_row-0537,2,103,0,svm,32,42,5,5,subject_specific,documented_152
8,2,sub-08_ses-02_row-0557,3,107,3,svm,32,42,5,5,subject_specific,documented_152
8,2,sub-08_ses-02_row-0569,0,109,2,svm,32,42,5,5,subject_specific,documented_152
8,2,sub-08_ses-02_row-0579,1,111,1,svm,32,42,5,5,subject_specific,documented_152
8,2,sub-08_ses-02_row-0594,0,114,3,svm,32,42,5,5,subject_specific,documented_152
8,2,sub-08_ses-02_row-0599,3,115,0,svm,32,42,5,5,subject_specific,documented_152
8,3,sub-08_ses-03_row-0145,3,27,0,svm,32,42,5,5,subject_specific,documented_152
8,3,sub-08_ses-03_row-0157,0,29,2,svm,32,42,5,5,subject_specific,documented_152
8,3,sub-08_ses-03_row-0172,3,32,1,svm,32,42,5,5,subject_specific,documented_152
8,3,sub-08_ses-03_row-0177,2,33,0,svm,32,42,5,5,subject_specific,documented_152
8,3,sub-08_ses-03_row-0238,0,44,1,svm,32,42,5,5,subject_specific,documented_152
8,3,sub-08_ses-03_row-0258,3,48,2,svm,32,42,5,5,subject_specific,documented_152
8,3,sub-08_ses-03_row-0290,1,54,0,svm,32,42,5,5,subject_specific,documented_152
8,1,sub-08_ses-01_row-0225,3,43,2,svm,16,42,1,5,subject_specific,documented_152
8,1,sub-08_ses-01_row-0255,2,49,1,svm,16,42,1,5,subject_specific,documented_152
8,1,sub-08_ses-01_row-0302,1,58,3,svm,16,42,1,5,subject_specific,documented_152
8,1,sub-08_ses-01_row-0317,3,61,3,svm,16,42,1,5,subject_specific,documented_152
8,1,sub-08_ses-01_row-0384,3,74,2,svm,16,42,1,5,subject_specific,documented_152
8,1,sub-08_ses-01_row-0401,2,77,0,svm,16,42,1,5,subject_specific,documented_152
8,1,sub-08_ses-01_row-0450,0,86,0,svm,16,42,1,5,subject_specific,documented_152
8,1,sub-08_ses-01_row-0460,3,88,3,svm,16,42,1,5,subject_specific,documented_152
8,1,sub-08_ses-01_row-0475,0,91,1,svm,16,42,1,5,subject_specific,documented_152
8,1,sub-08_ses-01_row-0485,0,93,2,svm,16,42,1,5,subject_specific,documented_152
8,1,sub-08_ses-01_row-0512,0,98,0,svm,16,42,1,5,subject_specific,documented_152
8,1,sub-08_ses-01_row-0537,1,103,0,svm,16,42,1,5,subject_specific,documented_152
8,1,sub-08_ses-01_row-0559,1,107,0,svm,16,42,1,5,subject_specific,documented_152
8,1,sub-08_ses-01_row-0569,2,109,1,svm,16,42,1,5,subject_specific,documented_152
8,1,sub-08_ses-01_row-0606,1,116,3,svm,16,42,1,5,subject_specific,documented_152
8,2,sub-08_ses-02_row-0210,0,40,3,svm,16,42,1,5,subject_specific,documented_152
8,2,sub-08_ses-02_row-0245,3,47,1,svm,16,42,1,5,subject_specific,documented_152
8,2,sub-08_ses-02_row-0297,0,57,2,svm,16,42,1,5,subject_specific,documented_152
8,2,sub-08_ses-02_row-0322,1,62,1,svm,16,42,1,5,subject_specific,documented_152
8,2,sub-08_ses-02_row-0327,1,63,2,svm,16,42,1,5,subject_specific,documented_152
8,2,sub-08_ses-02_row-0379,2,73,1,svm,16,42,1,5,subject_specific,documented_152
8,2,sub-08_ses-02_row-0394,1,76,0,svm,16,42,1,5,subject_specific,documented_152
8,2,sub-08_ses-02_row-0409,0,79,2,svm,16,42,1,5,subject_specific,documented_152
8,2,sub-08_ses-02_row-0425,3,81,3,svm,16,42,1,5,subject_specific,documented_152
8,2,sub-08_ses-02_row-0512,0,98,1,svm,16,42,1,5,subject_specific,documented_152
8,2,sub-08_ses-02_row-0532,2,102,0,svm,16,42,1,5,subject_specific,documented_152
8,2,sub-08_ses-02_row-0542,2,104,2,svm,16,42,1,5,subject_specific,documented_152
8,2,sub-08_ses-02_row-0547,0,105,2,svm,16,42,1,5,subject_specific,documented_152
8,2,sub-08_ses-02_row-0609,3,117,2,svm,16,42,1,5,subject_specific,documented_152
8,2,sub-08_ses-02_row-0616,1,118,1,svm,16,42,1,5,subject_specific,documented_152
8,2,sub-08_ses-02_row-0621,3,119,2,svm,16,42,1,5,subject_specific,documented_152
8,3,sub-08_ses-03_row-0120,1,22,0,svm,16,42,1,5,subject_specific,documented_152
8,3,sub-08_ses-03_row-0140,2,26,0,svm,16,42,1,5,subject_specific,documented_152
8,3,sub-08_ses-03_row-0187,1,35,3,svm,16,42,1,5,subject_specific,documented_152
8,3,sub-08_ses-03_row-0199,3,37,3,svm,16,42,1,5,subject_specific,documented_152
8,3,sub-08_ses-03_row-0204,2,38,3,svm,16,42,1,5,subject_specific,documented_152
8,3,sub-08_ses-03_row-0228,0,42,0,svm,16,42,1,5,subject_specific,documented_152
8,3,sub-08_ses-03_row-0270,2,50,0,svm,16,42,1,5,subject_specific,documented_152
8,3,sub-08_ses-03_row-0285,3,53,3,svm,16,42,1,5,subject_specific,documented_152
8,3,sub-08_ses-03_row-0317,2,59,0,svm,16,42,1,5,subject_specific,documented_152
8,1,sub-08_ses-01_row-0210,0,40,1,svm,16,42,2,5,subject_specific,documented_152
8,1,sub-08_ses-01_row-0240,1,46,3,svm,16,42,2,5,subject_specific,documented_152
8,1,sub-08_ses-01_row-0272,1,52,1,svm,16,42,2,5,subject_specific,documented_152
8,1,sub-08_ses-01_row-0292,0,56,1,svm,16,42,2,5,subject_specific,documented_152
8,1,sub-08_ses-01_row-0297,1,57,0,svm,16,42,2,5,subject_specific,documented_152
8,1,sub-08_ses-01_row-0312,1,60,1,svm,16,42,2,5,subject_specific,documented_152
8,1,sub-08_ses-01_row-0374,0,72,0,svm,16,42,2,5,subject_specific,documented_152
8,1,sub-08_ses-01_row-0379,3,73,3,svm,16,42,2,5,subject_specific,documented_152
8,1,sub-08_ses-01_row-0396,2,76,2,svm,16,42,2,5,subject_specific,documented_152
8,1,sub-08_ses-01_row-0406,3,78,1,svm,16,42,2,5,subject_specific,documented_152
8,1,sub-08_ses-01_row-0411,3,79,2,svm,16,42,2,5,subject_specific,documented_152
8,1,sub-08_ses-01_row-0425,0,81,2,svm,16,42,2,5,subject_specific,documented_152
8,1,sub-08_ses-01_row-0430,2,82,3,svm,16,42,2,5,subject_specific,documented_152
8,1,sub-08_ses-01_row-0435,3,83,0,svm,16,42,2,5,subject_specific,documented_152
8,1,sub-08_ses-01_row-0445,3,85,3,svm,16,42,2,5,subject_specific,documented_152
8,1,sub-08_ses-01_row-0492,3,94,3,svm,16,42,2,5,subject_specific,documented_152
8,1,sub-08_ses-01_row-0497,1,95,0,svm,16,42,2,5,subject_specific,documented_152
8,1,sub-08_ses-01_row-0507,1,97,3,svm,16,42,2,5,subject_specific,documented_152
8,1,sub-08_ses-01_row-0564,0,108,0,svm,16,42,2,5,subject_specific,documented_152
8,1,sub-08_ses-01_row-0601,2,115,3,svm,16,42,2,5,subject_specific,documented_152
8,2,sub-08_ses-02_row-0220,3,42,0,svm,16,42,2,5,subject_specific,documented_152
8,2,sub-08_ses-02_row-0225,0,43,1,svm,16,42,2,5,subject_specific,documented_152
8,2,sub-08_ses-02_row-0230,3,44,1,svm,16,42,2,5,subject_specific,documented_152
8,2,sub-08_ses-02_row-0307,2,59,0,svm,16,42,2,5,subject_specific,documented_152
8,2,sub-08_ses-02_row-0317,2,61,1,svm,16,42,2,5,subject_specific,documented_152
8,2,sub-08_ses-02_row-0420,2,80,3,svm,16,42,2,5,subject_specific,documented_152
8,2,sub-08_ses-02_row-0460,1,88,1,svm,16,42,2,5,subject_specific,documented_152
8,2,sub-08_ses-02_row-0475,0,91,3,svm,16,42,2,5,subject_specific,documented_152
8,2,sub-08_ses-02_row-0497,1,95,0,svm,16,42,2,5,subject_specific,documented_152
8,2,sub-08_ses-02_row-0507,2,97,3,svm,16,42,2,5,subject_specific,documented_152
8,2,sub-08_ses-02_row-0584,3,112,0,svm,16,42,2,5,subject_specific,documented_152
8,2,sub-08_ses-02_row-0604,2,116,2,svm,16,42,2,5,subject_specific,documented_152
8,3,sub-08_ses-03_row-0110,2,20,0,svm,16,42,2,5,subject_specific,documented_152
8,3,sub-08_ses-03_row-0115,0,21,0,svm,16,42,2,5,subject_specific,documented_152
8,3,sub-08_ses-03_row-0150,0,28,1,svm,16,42,2,5,subject_specific,documented_152
8,3,sub-08_ses-03_row-0218,1,40,0,svm,16,42,2,5,subject_specific,documented_152
8,3,sub-08_ses-03_row-0248,0,46,0,svm,16,42,2,5,subject_specific,documented_152
8,3,sub-08_ses-03_row-0265,2,49,2,svm,16,42,2,5,subject_specific,documented_152
8,3,sub-08_ses-03_row-0300,3,56,1,svm,16,42,2,5,subject_specific,documented_152
8,3,sub-08_ses-03_row-0307,1,57,1,svm,16,42,2,5,subject_specific,documented_152
8,1,sub-08_ses-01_row-0215,2,41,0,svm,16,42,3,5,subject_specific,documented_152
8,1,sub-08_ses-01_row-0245,1,47,0,svm,16,42,3,5,subject_specific,documented_152
8,1,sub-08_ses-01_row-0329,0,63,1,svm,16,42,3,5,subject_specific,documented_152
8,1,sub-08_ses-01_row-0334,2,64,0,svm,16,42,3,5,subject_specific,documented_152
8,1,sub-08_ses-01_row-0339,0,65,0,svm,16,42,3,5,subject_specific,documented_152
8,1,sub-08_ses-01_row-0349,1,67,3,svm,16,42,3,5,subject_specific,documented_152
8,1,sub-08_ses-01_row-0359,3,69,0,svm,16,42,3,5,subject_specific,documented_152
8,1,sub-08_ses-01_row-0364,3,70,3,svm,16,42,3,5,subject_specific,documented_152
8,1,sub-08_ses-01_row-0389,1,75,0,svm,16,42,3,5,subject_specific,documented_152
8,1,sub-08_ses-01_row-0522,3,100,2,svm,16,42,3,5,subject_specific,documented_152
8,1,sub-08_ses-01_row-0549,2,105,0,svm,16,42,3,5,subject_specific,documented_152
8,1,sub-08_ses-01_row-0579,2,111,3,svm,16,42,3,5,subject_specific,documented_152
8,1,sub-08_ses-01_row-0584,1,112,0,svm,16,42,3,5,subject_specific,documented_152
8,1,sub-08_ses-01_row-0594,3,114,2,svm,16,42,3,5,subject_specific,documented_152
8,2,sub-08_ses-02_row-0215,2,41,1,svm,16,42,3,5,subject_specific,documented_152
8,2,sub-08_ses-02_row-0240,3,46,1,svm,16,42,3,5,subject_specific,documented_152
8,2,sub-08_ses-02_row-0250,0,48,2,svm,16,42,3,5,subject_specific,documented_152
8,2,sub-08_ses-02_row-0275,2,53,1,svm,16,42,3,5,subject_specific,documented_152
8,2,sub-08_ses-02_row-0280,3,54,1,svm,16,42,3,5,subject_specific,documented_152
8,2,sub-08_ses-02_row-0287,2,55,2,svm,16,42,3,5,subject_specific,documented_152
8,2,sub-08_ses-02_row-0292,3,56,1,svm,16,42,3,5,subject_specific,documented_152
8,2,sub-08_ses-02_row-0354,0,68,2,svm,16,42,3,5,subject_specific,documented_152
8,2,sub-08_ses-02_row-0364,1,70,2,svm,16,42,3,5,subject_specific,documented_152
8,2,sub-08_ses-02_row-0445,1,85,1,svm,16,42,3,5,subject_specific,documented_152
8,2,sub-08_ses-02_row-0455,0,87,1,svm,16,42,3,5,subject_specific,documented_152
8,2,sub-08_ses-02_row-0470,3,90,0,svm,16,42,3,5,subject_specific,documented_152
8,2,sub-08_ses-02_row-0480,3,92,0,svm,16,42,3,5,subject_specific,documented_152
8,2,sub-08_ses-02_row-0485,1,93,0,svm,16,42,3,5,subject_specific,documented_152
8,2,sub-08_ses-02_row-0517,0,99,2,svm,16,42,3,5,subject_specific,documented_152
8,2,sub-08_ses-02_row-0522,2,100,2,svm,16,42,3,5,subject_specific,documented_152
8,2,sub-08_ses-02_row-0589,0,113,0,svm,16,42,3,5,subject_specific,documented_152
8,3,sub-08_ses-03_row-0125,3,23,0,svm,16,42,3,5,subject_specific,documented_152
8,3,sub-08_ses-03_row-0135,0,25,2,svm,16,42,3,5,subject_specific,documented_152
8,3,sub-08_ses-03_row-0167,1,31,0,svm,16,42,3,5,subject_specific,documented_152
8,3,sub-08_ses-03_row-0182,1,34,1,svm,16,42,3,5,subject_specific,documented_152
8,3,sub-08_ses-03_row-0194,0,36,0,svm,16,42,3,5,subject_specific,documented_152
8,3,sub-08_ses-03_row-0233,2,43,0,svm,16,42,3,5,subject_specific,documented_152
8,3,sub-08_ses-03_row-0253,0,47,0,svm,16,42,3,5,subject_specific,documented_152
8,3,sub-08_ses-03_row-0275,1,51,0,svm,16,42,3,5,subject_specific,documented_152
8,3,sub-08_ses-03_row-0295,2,55,0,svm,16,42,3,5,subject_specific,documented_152
8,1,sub-08_ses-01_row-0220,0,42,3,svm,16,42,4,5,subject_specific,documented_152
8,1,sub-08_ses-01_row-0230,0,44,3,svm,16,42,4,5,subject_specific,documented_152
8,1,sub-08_ses-01_row-0250,2,48,3,svm,16,42,4,5,subject_specific,documented_152
8,1,sub-08_ses-01_row-0322,2,62,1,svm,16,42,4,5,subject_specific,documented_152
8,1,sub-08_ses-01_row-0369,0,71,3,svm,16,42,4,5,subject_specific,documented_152
8,1,sub-08_ses-01_row-0420,1,80,0,svm,16,42,4,5,subject_specific,documented_152
8,1,sub-08_ses-01_row-0440,2,84,3,svm,16,42,4,5,subject_specific,documented_152
8,1,sub-08_ses-01_row-0455,0,87,2,svm,16,42,4,5,subject_specific,documented_152
8,1,sub-08_ses-01_row-0480,2,92,3,svm,16,42,4,5,subject_specific,documented_152
8,1,sub-08_ses-01_row-0502,3,96,2,svm,16,42,4,5,subject_specific,documented_152
8,1,sub-08_ses-01_row-0574,3,110,3,svm,16,42,4,5,subject_specific,documented_152
8,1,sub-08_ses-01_row-0589,2,113,3,svm,16,42,4,5,subject_specific,documented_152
8,1,sub-08_ses-01_row-0611,2,117,0,svm,16,42,4,5,subject_specific,documented_152
8,1,sub-08_ses-01_row-0616,1,118,1,svm,16,42,4,5,subject_specific,documented_152
8,2,sub-08_ses-02_row-0235,3,45,3,svm,16,42,4,5,subject_specific,documented_152
8,2,sub-08_ses-02_row-0255,0,49,2,svm,16,42,4,5,subject_specific,documented_152
8,2,sub-08_ses-02_row-0260,0,50,1,svm,16,42,4,5,subject_specific,documented_152
8,2,sub-08_ses-02_row-0270,3,52,2,svm,16,42,4,5,subject_specific,documented_152
8,2,sub-08_ses-02_row-0337,1,65,2,svm,16,42,4,5,subject_specific,documented_152
8,2,sub-08_ses-02_row-0344,1,66,1,svm,16,42,4,5,subject_specific,documented_152
8,2,sub-08_ses-02_row-0359,0,69,2,svm,16,42,4,5,subject_specific,documented_152
8,2,sub-08_ses-02_row-0369,1,71,0,svm,16,42,4,5,subject_specific,documented_152
8,2,sub-08_ses-02_row-0384,3,74,3,svm,16,42,4,5,subject_specific,documented_152
8,2,sub-08_ses-02_row-0389,1,75,1,svm,16,42,4,5,subject_specific,documented_152
8,2,sub-08_ses-02_row-0399,2,77,2,svm,16,42,4,5,subject_specific,documented_152
8,2,sub-08_ses-02_row-0404,3,78,0,svm,16,42,4,5,subject_specific,documented_152
8,2,sub-08_ses-02_row-0450,1,86,2,svm,16,42,4,5,subject_specific,documented_152
8,2,sub-08_ses-02_row-0490,0,94,3,svm,16,42,4,5,subject_specific,documented_152
8,2,sub-08_ses-02_row-0502,1,96,1,svm,16,42,4,5,subject_specific,documented_152
8,2,sub-08_ses-02_row-0527,2,101,2,svm,16,42,4,5,subject_specific,documented_152
8,2,sub-08_ses-02_row-0552,2,106,0,svm,16,42,4,5,subject_specific,documented_152
8,2,sub-08_ses-02_row-0564,3,108,2,svm,16,42,4,5,subject_specific,documented_152
8,2,sub-08_ses-02_row-0574,0,110,2,svm,16,42,4,5,subject_specific,documented_152
8,3,sub-08_ses-03_row-0130,2,24,0,svm,16,42,4,5,subject_specific,documented_152
8,3,sub-08_ses-03_row-0162,3,30,2,svm,16,42,4,5,subject_specific,documented_152
8,3,sub-08_ses-03_row-0209,1,39,0,svm,16,42,4,5,subject_specific,documented_152
8,3,sub-08_ses-03_row-0223,1,41,2,svm,16,42,4,5,subject_specific,documented_152
8,3,sub-08_ses-03_row-0243,3,45,0,svm,16,42,4,5,subject_specific,documented_152
8,3,sub-08_ses-03_row-0280,3,52,0,svm,16,42,4,5,subject_specific,documented_152
8,3,sub-08_ses-03_row-0312,0,58,0,svm,16,42,4,5,subject_specific,documented_152
8,1,sub-08_ses-01_row-0235,1,45,1,svm,16,42,5,5,subject_specific,documented_152
8,1,sub-08_ses-01_row-0260,1,50,1,svm,16,42,5,5,subject_specific,documented_152
8,1,sub-08_ses-01_row-0265,2,51,2,svm,16,42,5,5,subject_specific,documented_152
8,1,sub-08_ses-01_row-0277,3,53,2,svm,16,42,5,5,subject_specific,documented_152
8,1,sub-08_ses-01_row-0282,0,54,3,svm,16,42,5,5,subject_specific,documented_152
8,1,sub-08_ses-01_row-0287,2,55,3,svm,16,42,5,5,subject_specific,documented_152
8,1,sub-08_ses-01_row-0307,0,59,3,svm,16,42,5,5,subject_specific,documented_152
8,1,sub-08_ses-01_row-0344,2,66,0,svm,16,42,5,5,subject_specific,documented_152
8,1,sub-08_ses-01_row-0354,3,68,3,svm,16,42,5,5,subject_specific,documented_152
8,1,sub-08_ses-01_row-0465,2,89,0,svm,16,42,5,5,subject_specific,documented_152
8,1,sub-08_ses-01_row-0470,3,90,3,svm,16,42,5,5,subject_specific,documented_152
8,1,sub-08_ses-01_row-0517,0,99,2,svm,16,42,5,5,subject_specific,documented_152
8,1,sub-08_ses-01_row-0527,0,101,0,svm,16,42,5,5,subject_specific,documented_152
8,1,sub-08_ses-01_row-0532,0,102,2,svm,16,42,5,5,subject_specific,documented_152
8,1,sub-08_ses-01_row-0542,1,104,2,svm,16,42,5,5,subject_specific,documented_152
8,1,sub-08_ses-01_row-0554,1,106,0,svm,16,42,5,5,subject_specific,documented_152
8,1,sub-08_ses-01_row-0621,3,119,0,svm,16,42,5,5,subject_specific,documented_152
8,2,sub-08_ses-02_row-0265,1,51,3,svm,16,42,5,5,subject_specific,documented_152
8,2,sub-08_ses-02_row-0302,2,58,1,svm,16,42,5,5,subject_specific,documented_152
8,2,sub-08_ses-02_row-0312,0,60,0,svm,16,42,5,5,subject_specific,documented_152
8,2,sub-08_ses-02_row-0332,1,64,1,svm,16,42,5,5,subject_specific,documented_152
8,2,sub-08_ses-02_row-0349,2,67,0,svm,16,42,5,5,subject_specific,documented_152
8,2,sub-08_ses-02_row-0374,2,72,2,svm,16,42,5,5,subject_specific,documented_152
8,2,sub-08_ses-02_row-0430,1,82,3,svm,16,42,5,5,subject_specific,documented_152
8,2,sub-08_ses-02_row-0435,3,83,0,svm,16,42,5,5,subject_specific,documented_152
8,2,sub-08_ses-02_row-0440,1,84,3,svm,16,42,5,5,subject_specific,documented_152
8,2,sub-08_ses-02_row-0465,2,89,3,svm,16,42,5,5,subject_specific,documented_152
8,2,sub-08_ses-02_row-0537,2,103,0,svm,16,42,5,5,subject_specific,documented_152
8,2,sub-08_ses-02_row-0557,3,107,3,svm,16,42,5,5,subject_specific,documented_152
8,2,sub-08_ses-02_row-0569,0,109,2,svm,16,42,5,5,subject_specific,documented_152
8,2,sub-08_ses-02_row-0579,1,111,3,svm,16,42,5,5,subject_specific,documented_152
8,2,sub-08_ses-02_row-0594,0,114,2,svm,16,42,5,5,subject_specific,documented_152
8,2,sub-08_ses-02_row-0599,3,115,1,svm,16,42,5,5,subject_specific,documented_152
8,3,sub-08_ses-03_row-0145,3,27,0,svm,16,42,5,5,subject_specific,documented_152
8,3,sub-08_ses-03_row-0157,0,29,0,svm,16,42,5,5,subject_specific,documented_152
8,3,sub-08_ses-03_row-0172,3,32,1,svm,16,42,5,5,subject_specific,documented_152
8,3,sub-08_ses-03_row-0177,2,33,0,svm,16,42,5,5,subject_specific,documented_152
8,3,sub-08_ses-03_row-0238,0,44,1,svm,16,42,5,5,subject_specific,documented_152
8,3,sub-08_ses-03_row-0258,3,48,0,svm,16,42,5,5,subject_specific,documented_152
8,3,sub-08_ses-03_row-0290,1,54,0,svm,16,42,5,5,subject_specific,documented_152
9,1,sub-09_ses-01_row-0210,2,40,1,svm,128,42,1,5,subject_specific,documented_152
9,1,sub-09_ses-01_row-0225,2,43,3,svm,128,42,1,5,subject_specific,documented_152
9,1,sub-09_ses-01_row-0282,3,54,0,svm,128,42,1,5,subject_specific,documented_152
9,1,sub-09_ses-01_row-0396,0,76,2,svm,128,42,1,5,subject_specific,documented_152
9,1,sub-09_ses-01_row-0401,0,77,0,svm,128,42,1,5,subject_specific,documented_152
9,1,sub-09_ses-01_row-0420,1,80,1,svm,128,42,1,5,subject_specific,documented_152
9,1,sub-09_ses-01_row-0440,2,84,0,svm,128,42,1,5,subject_specific,documented_152
9,1,sub-09_ses-01_row-0455,3,87,3,svm,128,42,1,5,subject_specific,documented_152
9,1,sub-09_ses-01_row-0460,3,88,3,svm,128,42,1,5,subject_specific,documented_152
9,1,sub-09_ses-01_row-0507,2,97,3,svm,128,42,1,5,subject_specific,documented_152
9,1,sub-09_ses-01_row-0512,1,98,0,svm,128,42,1,5,subject_specific,documented_152
9,1,sub-09_ses-01_row-0527,3,101,1,svm,128,42,1,5,subject_specific,documented_152
9,1,sub-09_ses-01_row-0539,0,103,2,svm,128,42,1,5,subject_specific,documented_152
9,1,sub-09_ses-01_row-0591,2,113,3,svm,128,42,1,5,subject_specific,documented_152
9,1,sub-09_ses-01_row-0606,3,116,1,svm,128,42,1,5,subject_specific,documented_152
9,1,sub-09_ses-01_row-0621,2,119,1,svm,128,42,1,5,subject_specific,documented_152
9,2,sub-09_ses-02_row-0265,0,51,2,svm,128,42,1,5,subject_specific,documented_152
9,2,sub-09_ses-02_row-0282,3,54,3,svm,128,42,1,5,subject_specific,documented_152
9,2,sub-09_ses-02_row-0354,1,68,1,svm,128,42,1,5,subject_specific,documented_152
9,2,sub-09_ses-02_row-0359,0,69,3,svm,128,42,1,5,subject_specific,documented_152
9,2,sub-09_ses-02_row-0389,2,75,3,svm,128,42,1,5,subject_specific,documented_152
9,2,sub-09_ses-02_row-0409,1,79,2,svm,128,42,1,5,subject_specific,documented_152
9,2,sub-09_ses-02_row-0453,1,87,2,svm,128,42,1,5,subject_specific,documented_152
9,2,sub-09_ses-02_row-0473,1,91,1,svm,128,42,1,5,subject_specific,documented_152
9,2,sub-09_ses-02_row-0505,2,97,1,svm,128,42,1,5,subject_specific,documented_152
9,2,sub-09_ses-02_row-0555,0,107,1,svm,128,42,1,5,subject_specific,documented_152
9,2,sub-09_ses-02_row-0572,0,110,1,svm,128,42,1,5,subject_specific,documented_152
9,3,sub-09_ses-03_row-0215,2,41,0,svm,128,42,1,5,subject_specific,documented_152
9,3,sub-09_ses-03_row-0220,3,42,1,svm,128,42,1,5,subject_specific,documented_152
9,3,sub-09_ses-03_row-0225,1,43,2,svm,128,42,1,5,subject_specific,documented_152
9,3,sub-09_ses-03_row-0235,2,45,3,svm,128,42,1,5,subject_specific,documented_152
9,3,sub-09_ses-03_row-0250,0,48,2,svm,128,42,1,5,subject_specific,documented_152
9,3,sub-09_ses-03_row-0297,1,57,3,svm,128,42,1,5,subject_specific,documented_152
9,3,sub-09_ses-03_row-0307,1,59,1,svm,128,42,1,5,subject_specific,documented_152
9,3,sub-09_ses-03_row-0317,1,61,0,svm,128,42,1,5,subject_specific,documented_152
9,3,sub-09_ses-03_row-0354,2,68,2,svm,128,42,1,5,subject_specific,documented_152
9,3,sub-09_ses-03_row-0381,3,73,1,svm,128,42,1,5,subject_specific,documented_152
9,3,sub-09_ses-03_row-0386,3,74,1,svm,128,42,1,5,subject_specific,documented_152
9,3,sub-09_ses-03_row-0391,1,75,2,svm,128,42,1,5,subject_specific,documented_152
9,3,sub-09_ses-03_row-0401,3,77,1,svm,128,42,1,5,subject_specific,documented_152
9,3,sub-09_ses-03_row-0497,3,95,2,svm,128,42,1,5,subject_specific,documented_152
9,3,sub-09_ses-03_row-0512,1,98,2,svm,128,42,1,5,subject_specific,documented_152
9,3,sub-09_ses-03_row-0519,2,99,0,svm,128,42,1,5,subject_specific,documented_152
9,3,sub-09_ses-03_row-0554,0,106,2,svm,128,42,1,5,subject_specific,documented_152
9,3,sub-09_ses-03_row-0561,0,107,2,svm,128,42,1,5,subject_specific,documented_152
9,3,sub-09_ses-03_row-0591,0,113,1,svm,128,42,1,5,subject_specific,documented_152
9,3,sub-09_ses-03_row-0601,3,115,1,svm,128,42,1,5,subject_specific,documented_152
9,3,sub-09_ses-03_row-0611,0,117,0,svm,128,42,1,5,subject_specific,documented_152
9,1,sub-09_ses-01_row-0215,3,41,3,svm,128,42,2,5,subject_specific,documented_152
9,1,sub-09_ses-01_row-0220,0,42,1,svm,128,42,2,5,subject_specific,documented_152
9,1,sub-09_ses-01_row-0255,1,49,2,svm,128,42,2,5,subject_specific,documented_152
9,1,sub-09_ses-01_row-0260,2,50,2,svm,128,42,2,5,subject_specific,documented_152
9,1,sub-09_ses-01_row-0297,1,57,0,svm,128,42,2,5,subject_specific,documented_152
9,1,sub-09_ses-01_row-0327,1,63,1,svm,128,42,2,5,subject_specific,documented_152
9,1,sub-09_ses-01_row-0349,1,67,1,svm,128,42,2,5,subject_specific,documented_152
9,1,sub-09_ses-01_row-0369,0,71,0,svm,128,42,2,5,subject_specific,documented_152
9,1,sub-09_ses-01_row-0389,2,75,1,svm,128,42,2,5,subject_specific,documented_152
9,1,sub-09_ses-01_row-0465,3,89,0,svm,128,42,2,5,subject_specific,documented_152
9,1,sub-09_ses-01_row-0492,0,94,2,svm,128,42,2,5,subject_specific,documented_152
9,1,sub-09_ses-01_row-0497,2,95,0,svm,128,42,2,5,subject_specific,documented_152
9,1,sub-09_ses-01_row-0554,3,106,2,svm,128,42,2,5,subject_specific,documented_152
9,1,sub-09_ses-01_row-0564,1,108,2,svm,128,42,2,5,subject_specific,documented_152
9,1,sub-09_ses-01_row-0579,1,111,2,svm,128,42,2,5,subject_specific,documented_152
9,2,sub-09_ses-02_row-0215,1,41,2,svm,128,42,2,5,subject_specific,documented_152
9,2,sub-09_ses-02_row-0220,2,42,1,svm,128,42,2,5,subject_specific,documented_152
9,2,sub-09_ses-02_row-0270,0,52,0,svm,128,42,2,5,subject_specific,documented_152
9,2,sub-09_ses-02_row-0292,0,56,1,svm,128,42,2,5,subject_specific,documented_152
9,2,sub-09_ses-02_row-0322,3,62,1,svm,128,42,2,5,subject_specific,documented_152
9,2,sub-09_ses-02_row-0332,0,64,1,svm,128,42,2,5,subject_specific,documented_152
9,2,sub-09_ses-02_row-0342,2,66,1,svm,128,42,2,5,subject_specific,documented_152
9,2,sub-09_ses-02_row-0349,0,67,0,svm,128,42,2,5,subject_specific,documented_152
9,2,sub-09_ses-02_row-0369,1,71,0,svm,128,42,2,5,subject_specific,documented_152
9,2,sub-09_ses-02_row-0418,0,80,2,svm,128,42,2,5,subject_specific,documented_152
9,2,sub-09_ses-02_row-0428,3,82,2,svm,128,42,2,5,subject_specific,documented_152
9,2,sub-09_ses-02_row-0438,3,84,2,svm,128,42,2,5,subject_specific,documented_152
9,2,sub-09_ses-02_row-0443,3,85,0,svm,128,42,2,5,subject_specific,documented_152
9,2,sub-09_ses-02_row-0448,2,86,0,svm,128,42,2,5,subject_specific,documented_152
9,2,sub-09_ses-02_row-0483,3,93,1,svm,128,42,2,5,subject_specific,documented_152
9,2,sub-09_ses-02_row-0515,3,99,0,svm,128,42,2,5,subject_specific,documented_152
9,2,sub-09_ses-02_row-0530,1,102,1,svm,128,42,2,5,subject_specific,documented_152
9,2,sub-09_ses-02_row-0535,1,103,3,svm,128,42,2,5,subject_specific,documented_152
9,2,sub-09_ses-02_row-0577,0,111,3,svm,128,42,2,5,subject_specific,documented_152
9,3,sub-09_ses-03_row-0230,2,44,3,svm,128,42,2,5,subject_specific,documented_152
9,3,sub-09_ses-03_row-0287,3,55,2,svm,128,42,2,5,subject_specific,documented_152
9,3,sub-09_ses-03_row-0292,0,56,1,svm,128,42,2,5,subject_specific,documented_152
9,3,sub-09_ses-03_row-0334,2,64,1,svm,128,42,2,5,subject_specific,documented_152
9,3,sub-09_ses-03_row-0364,1,70,0,svm,128,42,2,5,subject_specific,documented_152
9,3,sub-09_ses-03_row-0411,0,79,1,svm,128,42,2,5,subject_specific,documented_152
9,3,sub-09_ses-03_row-0445,2,85,3,svm,128,42,2,5,subject_specific,documented_152
9,3,sub-09_ses-03_row-0450,0,86,0,svm,128,42,2,5,subject_specific,documented_152
9,3,sub-09_ses-03_row-0460,3,88,1,svm,128,42,2,5,subject_specific,documented_152
9,3,sub-09_ses-03_row-0467,3,89,3,svm,128,42,2,5,subject_specific,documented_152
9,3,sub-09_ses-03_row-0492,2,94,1,svm,128,42,2,5,subject_specific,documented_152
9,3,sub-09_ses-03_row-0507,2,97,2,svm,128,42,2,5,subject_specific,documented_152
9,3,sub-09_ses-03_row-0529,2,101,3,svm,128,42,2,5,subject_specific,documented_152
9,3,sub-09_ses-03_row-0549,1,105,3,svm,128,42,2,5,subject_specific,documented_152
9,1,sub-09_ses-01_row-0317,3,61,1,svm,128,42,3,5,subject_specific,documented_152
9,1,sub-09_ses-01_row-0332,3,64,1,svm,128,42,3,5,subject_specific,documented_152
9,1,sub-09_ses-01_row-0339,2,65,1,svm,128,42,3,5,subject_specific,documented_152
9,1,sub-09_ses-01_row-0354,1,68,2,svm,128,42,3,5,subject_specific,documented_152
9,1,sub-09_ses-01_row-0374,0,72,3,svm,128,42,3,5,subject_specific,documented_152
9,1,sub-09_ses-01_row-0379,3,73,0,svm,128,42,3,5,subject_specific,documented_152
9,1,sub-09_ses-01_row-0435,2,83,3,svm,128,42,3,5,subject_specific,documented_152
9,1,sub-09_ses-01_row-0470,1,90,1,svm,128,42,3,5,subject_specific,documented_152
9,1,sub-09_ses-01_row-0534,0,102,1,svm,128,42,3,5,subject_specific,documented_152
9,1,sub-09_ses-01_row-0549,0,105,1,svm,128,42,3,5,subject_specific,documented_152
9,1,sub-09_ses-01_row-0616,0,118,0,svm,128,42,3,5,subject_specific,documented_152
9,2,sub-09_ses-02_row-0225,1,43,0,svm,128,42,3,5,subject_specific,documented_152
9,2,sub-09_ses-02_row-0230,2,44,1,svm,128,42,3,5,subject_specific,documented_152
9,2,sub-09_ses-02_row-0235,3,45,1,svm,128,42,3,5,subject_specific,documented_152
9,2,sub-09_ses-02_row-0250,0,48,0,svm,128,42,3,5,subject_specific,documented_152
9,2,sub-09_ses-02_row-0255,1,49,0,svm,128,42,3,5,subject_specific,documented_152
9,2,sub-09_ses-02_row-0275,1,53,1,svm,128,42,3,5,subject_specific,documented_152
9,2,sub-09_ses-02_row-0297,3,57,0,svm,128,42,3,5,subject_specific,documented_152
9,2,sub-09_ses-02_row-0312,2,60,2,svm,128,42,3,5,subject_specific,documented_152
9,2,sub-09_ses-02_row-0337,3,65,2,svm,128,42,3,5,subject_specific,documented_152
9,2,sub-09_ses-02_row-0364,2,70,2,svm,128,42,3,5,subject_specific,documented_152
9,2,sub-09_ses-02_row-0379,0,73,0,svm,128,42,3,5,subject_specific,documented_152
9,2,sub-09_ses-02_row-0394,2,76,0,svm,128,42,3,5,subject_specific,documented_152
9,2,sub-09_ses-02_row-0423,2,81,3,svm,128,42,3,5,subject_specific,documented_152
9,2,sub-09_ses-02_row-0458,2,88,0,svm,128,42,3,5,subject_specific,documented_152
9,2,sub-09_ses-02_row-0520,1,100,0,svm,128,42,3,5,subject_specific,documented_152
9,2,sub-09_ses-02_row-0525,1,101,2,svm,128,42,3,5,subject_specific,documented_152
9,2,sub-09_ses-02_row-0540,0,104,1,svm,128,42,3,5,subject_specific,documented_152
9,2,sub-09_ses-02_row-0545,3,105,1,svm,128,42,3,5,subject_specific,documented_152
9,2,sub-09_ses-02_row-0550,2,106,1,svm,128,42,3,5,subject_specific,documented_152
9,2,sub-09_ses-02_row-0619,2,119,1,svm,128,42,3,5,subject_specific,documented_152
9,3,sub-09_ses-03_row-0267,3,51,3,svm,128,42,3,5,subject_specific,documented_152
9,3,sub-09_ses-03_row-0277,3,53,3,svm,128,42,3,5,subject_specific,documented_152
9,3,sub-09_ses-03_row-0282,0,54,0,svm,128,42,3,5,subject_specific,documented_152
9,3,sub-09_ses-03_row-0302,2,58,2,svm,128,42,3,5,subject_specific,documented_152
9,3,sub-09_ses-03_row-0322,3,62,1,svm,128,42,3,5,subject_specific,documented_152
9,3,sub-09_ses-03_row-0369,1,71,0,svm,128,42,3,5,subject_specific,documented_152
9,3,sub-09_ses-03_row-0396,0,76,0,svm,128,42,3,5,subject_specific,documented_152
9,3,sub-09_ses-03_row-0420,1,80,3,svm,128,42,3,5,subject_specific,documented_152
9,3,sub-09_ses-03_row-0440,1,84,3,svm,128,42,3,5,subject_specific,documented_152
9,3,sub-09_ses-03_row-0455,3,87,2,svm,128,42,3,5,subject_specific,documented_152
9,3,sub-09_ses-03_row-0477,3,91,0,svm,128,42,3,5,subject_specific,documented_152
9,3,sub-09_ses-03_row-0534,1,102,3,svm,128,42,3,5,subject_specific,documented_152
9,3,sub-09_ses-03_row-0539,0,103,0,svm,128,42,3,5,subject_specific,documented_152
9,3,sub-09_ses-03_row-0544,0,104,0,svm,128,42,3,5,subject_specific,documented_152
9,3,sub-09_ses-03_row-0576,2,110,1,svm,128,42,3,5,subject_specific,documented_152
9,3,sub-09_ses-03_row-0606,1,116,2,svm,128,42,3,5,subject_specific,documented_152
9,3,sub-09_ses-03_row-0616,0,118,0,svm,128,42,3,5,subject_specific,documented_152
9,1,sub-09_ses-01_row-0235,2,45,3,svm,128,42,4,5,subject_specific,documented_152
9,1,sub-09_ses-01_row-0240,3,46,1,svm,128,42,4,5,subject_specific,documented_152
9,1,sub-09_ses-01_row-0245,2,47,1,svm,128,42,4,5,subject_specific,documented_152
9,1,sub-09_ses-01_row-0250,3,48,3,svm,128,42,4,5,subject_specific,documented_152
9,1,sub-09_ses-01_row-0270,1,52,1,svm,128,42,4,5,subject_specific,documented_152
9,1,sub-09_ses-01_row-0302,0,58,1,svm,128,42,4,5,subject_specific,documented_152
9,1,sub-09_ses-01_row-0307,3,59,3,svm,128,42,4,5,subject_specific,documented_152
9,1,sub-09_ses-01_row-0344,1,66,1,svm,128,42,4,5,subject_specific,documented_152
9,1,sub-09_ses-01_row-0364,1,70,1,svm,128,42,4,5,subject_specific,documented_152
9,1,sub-09_ses-01_row-0384,1,74,0,svm,128,42,4,5,subject_specific,documented_152
9,1,sub-09_ses-01_row-0425,2,81,3,svm,128,42,4,5,subject_specific,documented_152
9,1,sub-09_ses-01_row-0450,0,86,1,svm,128,42,4,5,subject_specific,documented_152
9,1,sub-09_ses-01_row-0517,0,99,2,svm,128,42,4,5,subject_specific,documented_152
9,1,sub-09_ses-01_row-0544,1,104,2,svm,128,42,4,5,subject_specific,documented_152
9,1,sub-09_ses-01_row-0596,2,114,3,svm,128,42,4,5,subject_specific,documented_152
9,1,sub-09_ses-01_row-0611,1,117,1,svm,128,42,4,5,subject_specific,documented_152
9,2,sub-09_ses-02_row-0210,2,40,3,svm,128,42,4,5,subject_specific,documented_152
9,2,sub-09_ses-02_row-0260,3,50,0,svm,128,42,4,5,subject_specific,documented_152
9,2,sub-09_ses-02_row-0287,3,55,0,svm,128,42,4,5,subject_specific,documented_152
9,2,sub-09_ses-02_row-0317,3,61,3,svm,128,42,4,5,subject_specific,documented_152
9,2,sub-09_ses-02_row-0384,1,74,0,svm,128,42,4,5,subject_specific,documented_152
9,2,sub-09_ses-02_row-0399,3,77,0,svm,128,42,4,5,subject_specific,documented_152
9,2,sub-09_ses-02_row-0463,0,89,1,svm,128,42,4,5,subject_specific,documented_152
9,2,sub-09_ses-02_row-0478,1,92,1,svm,128,42,4,5,subject_specific,documented_152
9,2,sub-09_ses-02_row-0490,3,94,3,svm,128,42,4,5,subject_specific,documented_152
9,2,sub-09_ses-02_row-0495,0,95,1,svm,128,42,4,5,subject_specific,documented_152
9,2,sub-09_ses-02_row-0567,0,109,1,svm,128,42,4,5,subject_specific,documented_152
9,2,sub-09_ses-02_row-0592,2,114,0,svm,128,42,4,5,subject_specific,documented_152
9,2,sub-09_ses-02_row-0602,2,116,1,svm,128,42,4,5,subject_specific,documented_152
9,2,sub-09_ses-02_row-0614,1,118,3,svm,128,42,4,5,subject_specific,documented_152
9,3,sub-09_ses-03_row-0210,2,40,3,svm,128,42,4,5,subject_specific,documented_152
9,3,sub-09_ses-03_row-0240,2,46,1,svm,128,42,4,5,subject_specific,documented_152
9,3,sub-09_ses-03_row-0245,0,47,3,svm,128,42,4,5,subject_specific,documented_152
9,3,sub-09_ses-03_row-0255,2,49,3,svm,128,42,4,5,subject_specific,documented_152
9,3,sub-09_ses-03_row-0329,1,63,3,svm,128,42,4,5,subject_specific,documented_152
9,3,sub-09_ses-03_row-0339,0,65,1,svm,128,42,4,5,subject_specific,documented_152
9,3,sub-09_ses-03_row-0359,0,69,1,svm,128,42,4,5,subject_specific,documented_152
9,3,sub-09_ses-03_row-0376,3,72,1,svm,128,42,4,5,subject_specific,documented_152
9,3,sub-09_ses-03_row-0406,0,78,2,svm,128,42,4,5,subject_specific,documented_152
9,3,sub-09_ses-03_row-0425,3,81,3,svm,128,42,4,5,subject_specific,documented_152
9,3,sub-09_ses-03_row-0430,1,82,1,svm,128,42,4,5,subject_specific,documented_152
9,3,sub-09_ses-03_row-0482,0,92,0,svm,128,42,4,5,subject_specific,documented_152
9,3,sub-09_ses-03_row-0487,3,93,3,svm,128,42,4,5,subject_specific,documented_152
9,3,sub-09_ses-03_row-0524,2,100,0,svm,128,42,4,5,subject_specific,documented_152
9,3,sub-09_ses-03_row-0571,3,109,2,svm,128,42,4,5,subject_specific,documented_152
9,3,sub-09_ses-03_row-0581,1,111,0,svm,128,42,4,5,subject_specific,documented_152
9,3,sub-09_ses-03_row-0596,2,114,0,svm,128,42,4,5,subject_specific,documented_152
9,3,sub-09_ses-03_row-0623,0,119,3,svm,128,42,4,5,subject_specific,documented_152
9,1,sub-09_ses-01_row-0230,0,44,2,svm,128,42,5,5,subject_specific,documented_152
9,1,sub-09_ses-01_row-0265,0,51,1,svm,128,42,5,5,subject_specific,documented_152
9,1,sub-09_ses-01_row-0275,3,53,1,svm,128,42,5,5,subject_specific,documented_152
9,1,sub-09_ses-01_row-0287,2,55,1,svm,128,42,5,5,subject_specific,documented_152
9,1,sub-09_ses-01_row-0292,0,56,2,svm,128,42,5,5,subject_specific,documented_152
9,1,sub-09_ses-01_row-0312,1,60,2,svm,128,42,5,5,subject_specific,documented_152
9,1,sub-09_ses-01_row-0322,0,62,2,svm,128,42,5,5,subject_specific,documented_152
9,1,sub-09_ses-01_row-0359,2,69,3,svm,128,42,5,5,subject_specific,documented_152
9,1,sub-09_ses-01_row-0406,2,78,2,svm,128,42,5,5,subject_specific,documented_152
9,1,sub-09_ses-01_row-0411,3,79,0,svm,128,42,5,5,subject_specific,documented_152
9,1,sub-09_ses-01_row-0430,2,82,3,svm,128,42,5,5,subject_specific,documented_152
9,1,sub-09_ses-01_row-0445,3,85,3,svm,128,42,5,5,subject_specific,documented_152
9,1,sub-09_ses-01_row-0477,0,91,2,svm,128,42,5,5,subject_specific,documented_152
9,1,sub-09_ses-01_row-0482,2,92,3,svm,128,42,5,5,subject_specific,documented_152
9,1,sub-09_ses-01_row-0487,0,93,3,svm,128,42,5,5,subject_specific,documented_152
9,1,sub-09_ses-01_row-0502,1,96,3,svm,128,42,5,5,subject_specific,documented_152
9,1,sub-09_ses-01_row-0522,3,100,3,svm,128,42,5,5,subject_specific,documented_152
9,1,sub-09_ses-01_row-0559,1,107,1,svm,128,42,5,5,subject_specific,documented_152
9,1,sub-09_ses-01_row-0569,3,109,2,svm,128,42,5,5,subject_specific,documented_152
9,1,sub-09_ses-01_row-0574,0,110,2,svm,128,42,5,5,subject_specific,documented_152
9,1,sub-09_ses-01_row-0584,3,112,2,svm,128,42,5,5,subject_specific,documented_152
9,1,sub-09_ses-01_row-0601,1,115,0,svm,128,42,5,5,subject_specific,documented_152
9,2,sub-09_ses-02_row-0240,1,46,3,svm,128,42,5,5,subject_specific,documented_152
9,2,sub-09_ses-02_row-0245,2,47,3,svm,128,42,5,5,subject_specific,documented_152
9,2,sub-09_ses-02_row-0302,1,58,0,svm,128,42,5,5,subject_specific,documented_152
9,2,sub-09_ses-02_row-0307,0,59,0,svm,128,42,5,5,subject_specific,documented_152
9,2,sub-09_ses-02_row-0327,2,63,2,svm,128,42,5,5,subject_specific,documented_152
9,2,sub-09_ses-02_row-0374,0,72,0,svm,128,42,5,5,subject_specific,documented_152
9,2,sub-09_ses-02_row-0404,3,78,2,svm,128,42,5,5,subject_specific,documented_152
9,2,sub-09_ses-02_row-0433,0,83,2,svm,128,42,5,5,subject_specific,documented_152
9,2,sub-09_ses-02_row-0468,1,90,2,svm,128,42,5,5,subject_specific,documented_152
9,2,sub-09_ses-02_row-0500,2,96,0,svm,128,42,5,5,subject_specific,documented_152
9,2,sub-09_ses-02_row-0510,3,98,1,svm,128,42,5,5,subject_specific,documented_152
9,2,sub-09_ses-02_row-0562,3,108,3,svm,128,42,5,5,subject_specific,documented_152
9,2,sub-09_ses-02_row-0582,2,112,0,svm,128,42,5,5,subject_specific,documented_152
9,2,sub-09_ses-02_row-0587,0,113,2,svm,128,42,5,5,subject_specific,documented_152
9,2,sub-09_ses-02_row-0597,3,115,0,svm,128,42,5,5,subject_specific,documented_152
9,2,sub-09_ses-02_row-0607,1,117,1,svm,128,42,5,5,subject_specific,documented_152
9,3,sub-09_ses-03_row-0260,1,50,0,svm,128,42,5,5,subject_specific,documented_152
9,3,sub-09_ses-03_row-0272,0,52,3,svm,128,42,5,5,subject_specific,documented_152
9,3,sub-09_ses-03_row-0312,1,60,3,svm,128,42,5,5,subject_specific,documented_152
9,3,sub-09_ses-03_row-0344,3,66,1,svm,128,42,5,5,subject_specific,documented_152
9,3,sub-09_ses-03_row-0349,2,67,0,svm,128,42,5,5,subject_specific,documented_152
9,3,sub-09_ses-03_row-0435,3,83,3,svm,128,42,5,5,subject_specific,documented_152
9,3,sub-09_ses-03_row-0472,1,90,1,svm,128,42,5,5,subject_specific,documented_152
9,3,sub-09_ses-03_row-0502,2,96,2,svm,128,42,5,5,subject_specific,documented_152
9,3,sub-09_ses-03_row-0566,1,108,3,svm,128,42,5,5,subject_specific,documented_152
9,3,sub-09_ses-03_row-0586,2,112,0,svm,128,42,5,5,subject_specific,documented_152
9,1,sub-09_ses-01_row-0210,2,40,0,svm,64,42,1,5,subject_specific,documented_152
9,1,sub-09_ses-01_row-0225,2,43,3,svm,64,42,1,5,subject_specific,documented_152
9,1,sub-09_ses-01_row-0282,3,54,3,svm,64,42,1,5,subject_specific,documented_152
9,1,sub-09_ses-01_row-0396,0,76,2,svm,64,42,1,5,subject_specific,documented_152
9,1,sub-09_ses-01_row-0401,0,77,0,svm,64,42,1,5,subject_specific,documented_152
9,1,sub-09_ses-01_row-0420,1,80,1,svm,64,42,1,5,subject_specific,documented_152
9,1,sub-09_ses-01_row-0440,2,84,0,svm,64,42,1,5,subject_specific,documented_152
9,1,sub-09_ses-01_row-0455,3,87,3,svm,64,42,1,5,subject_specific,documented_152
9,1,sub-09_ses-01_row-0460,3,88,3,svm,64,42,1,5,subject_specific,documented_152
9,1,sub-09_ses-01_row-0507,2,97,3,svm,64,42,1,5,subject_specific,documented_152
9,1,sub-09_ses-01_row-0512,1,98,0,svm,64,42,1,5,subject_specific,documented_152
9,1,sub-09_ses-01_row-0527,3,101,1,svm,64,42,1,5,subject_specific,documented_152
9,1,sub-09_ses-01_row-0539,0,103,2,svm,64,42,1,5,subject_specific,documented_152
9,1,sub-09_ses-01_row-0591,2,113,3,svm,64,42,1,5,subject_specific,documented_152
9,1,sub-09_ses-01_row-0606,3,116,1,svm,64,42,1,5,subject_specific,documented_152
9,1,sub-09_ses-01_row-0621,2,119,1,svm,64,42,1,5,subject_specific,documented_152
9,2,sub-09_ses-02_row-0265,0,51,0,svm,64,42,1,5,subject_specific,documented_152
9,2,sub-09_ses-02_row-0282,3,54,3,svm,64,42,1,5,subject_specific,documented_152
9,2,sub-09_ses-02_row-0354,1,68,1,svm,64,42,1,5,subject_specific,documented_152
9,2,sub-09_ses-02_row-0359,0,69,1,svm,64,42,1,5,subject_specific,documented_152
9,2,sub-09_ses-02_row-0389,2,75,2,svm,64,42,1,5,subject_specific,documented_152
9,2,sub-09_ses-02_row-0409,1,79,2,svm,64,42,1,5,subject_specific,documented_152
9,2,sub-09_ses-02_row-0453,1,87,2,svm,64,42,1,5,subject_specific,documented_152
9,2,sub-09_ses-02_row-0473,1,91,1,svm,64,42,1,5,subject_specific,documented_152
9,2,sub-09_ses-02_row-0505,2,97,0,svm,64,42,1,5,subject_specific,documented_152
9,2,sub-09_ses-02_row-0555,0,107,1,svm,64,42,1,5,subject_specific,documented_152
9,2,sub-09_ses-02_row-0572,0,110,1,svm,64,42,1,5,subject_specific,documented_152
9,3,sub-09_ses-03_row-0215,2,41,0,svm,64,42,1,5,subject_specific,documented_152
9,3,sub-09_ses-03_row-0220,3,42,2,svm,64,42,1,5,subject_specific,documented_152
9,3,sub-09_ses-03_row-0225,1,43,0,svm,64,42,1,5,subject_specific,documented_152
9,3,sub-09_ses-03_row-0235,2,45,3,svm,64,42,1,5,subject_specific,documented_152
9,3,sub-09_ses-03_row-0250,0,48,1,svm,64,42,1,5,subject_specific,documented_152
9,3,sub-09_ses-03_row-0297,1,57,3,svm,64,42,1,5,subject_specific,documented_152
9,3,sub-09_ses-03_row-0307,1,59,1,svm,64,42,1,5,subject_specific,documented_152
9,3,sub-09_ses-03_row-0317,1,61,0,svm,64,42,1,5,subject_specific,documented_152
9,3,sub-09_ses-03_row-0354,2,68,2,svm,64,42,1,5,subject_specific,documented_152
9,3,sub-09_ses-03_row-0381,3,73,1,svm,64,42,1,5,subject_specific,documented_152
9,3,sub-09_ses-03_row-0386,3,74,1,svm,64,42,1,5,subject_specific,documented_152
9,3,sub-09_ses-03_row-0391,1,75,2,svm,64,42,1,5,subject_specific,documented_152
9,3,sub-09_ses-03_row-0401,3,77,1,svm,64,42,1,5,subject_specific,documented_152
9,3,sub-09_ses-03_row-0497,3,95,2,svm,64,42,1,5,subject_specific,documented_152
9,3,sub-09_ses-03_row-0512,1,98,0,svm,64,42,1,5,subject_specific,documented_152
9,3,sub-09_ses-03_row-0519,2,99,0,svm,64,42,1,5,subject_specific,documented_152
9,3,sub-09_ses-03_row-0554,0,106,2,svm,64,42,1,5,subject_specific,documented_152
9,3,sub-09_ses-03_row-0561,0,107,2,svm,64,42,1,5,subject_specific,documented_152
9,3,sub-09_ses-03_row-0591,0,113,1,svm,64,42,1,5,subject_specific,documented_152
9,3,sub-09_ses-03_row-0601,3,115,2,svm,64,42,1,5,subject_specific,documented_152
9,3,sub-09_ses-03_row-0611,0,117,0,svm,64,42,1,5,subject_specific,documented_152
9,1,sub-09_ses-01_row-0215,3,41,2,svm,64,42,2,5,subject_specific,documented_152
9,1,sub-09_ses-01_row-0220,0,42,1,svm,64,42,2,5,subject_specific,documented_152
9,1,sub-09_ses-01_row-0255,1,49,2,svm,64,42,2,5,subject_specific,documented_152
9,1,sub-09_ses-01_row-0260,2,50,2,svm,64,42,2,5,subject_specific,documented_152
9,1,sub-09_ses-01_row-0297,1,57,3,svm,64,42,2,5,subject_specific,documented_152
9,1,sub-09_ses-01_row-0327,1,63,0,svm,64,42,2,5,subject_specific,documented_152
9,1,sub-09_ses-01_row-0349,1,67,1,svm,64,42,2,5,subject_specific,documented_152
9,1,sub-09_ses-01_row-0369,0,71,0,svm,64,42,2,5,subject_specific,documented_152
9,1,sub-09_ses-01_row-0389,2,75,1,svm,64,42,2,5,subject_specific,documented_152
9,1,sub-09_ses-01_row-0465,3,89,0,svm,64,42,2,5,subject_specific,documented_152
9,1,sub-09_ses-01_row-0492,0,94,2,svm,64,42,2,5,subject_specific,documented_152
9,1,sub-09_ses-01_row-0497,2,95,0,svm,64,42,2,5,subject_specific,documented_152
9,1,sub-09_ses-01_row-0554,3,106,2,svm,64,42,2,5,subject_specific,documented_152
9,1,sub-09_ses-01_row-0564,1,108,0,svm,64,42,2,5,subject_specific,documented_152
9,1,sub-09_ses-01_row-0579,1,111,2,svm,64,42,2,5,subject_specific,documented_152
9,2,sub-09_ses-02_row-0215,1,41,2,svm,64,42,2,5,subject_specific,documented_152
9,2,sub-09_ses-02_row-0220,2,42,1,svm,64,42,2,5,subject_specific,documented_152
9,2,sub-09_ses-02_row-0270,0,52,0,svm,64,42,2,5,subject_specific,documented_152
9,2,sub-09_ses-02_row-0292,0,56,1,svm,64,42,2,5,subject_specific,documented_152
9,2,sub-09_ses-02_row-0322,3,62,3,svm,64,42,2,5,subject_specific,documented_152
9,2,sub-09_ses-02_row-0332,0,64,1,svm,64,42,2,5,subject_specific,documented_152
9,2,sub-09_ses-02_row-0342,2,66,1,svm,64,42,2,5,subject_specific,documented_152
9,2,sub-09_ses-02_row-0349,0,67,0,svm,64,42,2,5,subject_specific,documented_152
9,2,sub-09_ses-02_row-0369,1,71,0,svm,64,42,2,5,subject_specific,documented_152
9,2,sub-09_ses-02_row-0418,0,80,2,svm,64,42,2,5,subject_specific,documented_152
9,2,sub-09_ses-02_row-0428,3,82,2,svm,64,42,2,5,subject_specific,documented_152
9,2,sub-09_ses-02_row-0438,3,84,2,svm,64,42,2,5,subject_specific,documented_152
9,2,sub-09_ses-02_row-0443,3,85,0,svm,64,42,2,5,subject_specific,documented_152
9,2,sub-09_ses-02_row-0448,2,86,0,svm,64,42,2,5,subject_specific,documented_152
9,2,sub-09_ses-02_row-0483,3,93,1,svm,64,42,2,5,subject_specific,documented_152
9,2,sub-09_ses-02_row-0515,3,99,0,svm,64,42,2,5,subject_specific,documented_152
9,2,sub-09_ses-02_row-0530,1,102,1,svm,64,42,2,5,subject_specific,documented_152
9,2,sub-09_ses-02_row-0535,1,103,3,svm,64,42,2,5,subject_specific,documented_152
9,2,sub-09_ses-02_row-0577,0,111,3,svm,64,42,2,5,subject_specific,documented_152
9,3,sub-09_ses-03_row-0230,2,44,3,svm,64,42,2,5,subject_specific,documented_152
9,3,sub-09_ses-03_row-0287,3,55,1,svm,64,42,2,5,subject_specific,documented_152
9,3,sub-09_ses-03_row-0292,0,56,1,svm,64,42,2,5,subject_specific,documented_152
9,3,sub-09_ses-03_row-0334,2,64,1,svm,64,42,2,5,subject_specific,documented_152
9,3,sub-09_ses-03_row-0364,1,70,0,svm,64,42,2,5,subject_specific,documented_152
9,3,sub-09_ses-03_row-0411,0,79,1,svm,64,42,2,5,subject_specific,documented_152
9,3,sub-09_ses-03_row-0445,2,85,2,svm,64,42,2,5,subject_specific,documented_152
9,3,sub-09_ses-03_row-0450,0,86,0,svm,64,42,2,5,subject_specific,documented_152
9,3,sub-09_ses-03_row-0460,3,88,1,svm,64,42,2,5,subject_specific,documented_152
9,3,sub-09_ses-03_row-0467,3,89,1,svm,64,42,2,5,subject_specific,documented_152
9,3,sub-09_ses-03_row-0492,2,94,1,svm,64,42,2,5,subject_specific,documented_152
9,3,sub-09_ses-03_row-0507,2,97,2,svm,64,42,2,5,subject_specific,documented_152
9,3,sub-09_ses-03_row-0529,2,101,3,svm,64,42,2,5,subject_specific,documented_152
9,3,sub-09_ses-03_row-0549,1,105,3,svm,64,42,2,5,subject_specific,documented_152
9,1,sub-09_ses-01_row-0317,3,61,1,svm,64,42,3,5,subject_specific,documented_152
9,1,sub-09_ses-01_row-0332,3,64,1,svm,64,42,3,5,subject_specific,documented_152
9,1,sub-09_ses-01_row-0339,2,65,1,svm,64,42,3,5,subject_specific,documented_152
9,1,sub-09_ses-01_row-0354,1,68,2,svm,64,42,3,5,subject_specific,documented_152
9,1,sub-09_ses-01_row-0374,0,72,2,svm,64,42,3,5,subject_specific,documented_152
9,1,sub-09_ses-01_row-0379,3,73,2,svm,64,42,3,5,subject_specific,documented_152
9,1,sub-09_ses-01_row-0435,2,83,2,svm,64,42,3,5,subject_specific,documented_152
9,1,sub-09_ses-01_row-0470,1,90,1,svm,64,42,3,5,subject_specific,documented_152
9,1,sub-09_ses-01_row-0534,0,102,1,svm,64,42,3,5,subject_specific,documented_152
9,1,sub-09_ses-01_row-0549,0,105,0,svm,64,42,3,5,subject_specific,documented_152
9,1,sub-09_ses-01_row-0616,0,118,0,svm,64,42,3,5,subject_specific,documented_152
9,2,sub-09_ses-02_row-0225,1,43,1,svm,64,42,3,5,subject_specific,documented_152
9,2,sub-09_ses-02_row-0230,2,44,0,svm,64,42,3,5,subject_specific,documented_152
9,2,sub-09_ses-02_row-0235,3,45,1,svm,64,42,3,5,subject_specific,documented_152
9,2,sub-09_ses-02_row-0250,0,48,0,svm,64,42,3,5,subject_specific,documented_152
9,2,sub-09_ses-02_row-0255,1,49,0,svm,64,42,3,5,subject_specific,documented_152
9,2,sub-09_ses-02_row-0275,1,53,0,svm,64,42,3,5,subject_specific,documented_152
9,2,sub-09_ses-02_row-0297,3,57,1,svm,64,42,3,5,subject_specific,documented_152
9,2,sub-09_ses-02_row-0312,2,60,0,svm,64,42,3,5,subject_specific,documented_152
9,2,sub-09_ses-02_row-0337,3,65,0,svm,64,42,3,5,subject_specific,documented_152
9,2,sub-09_ses-02_row-0364,2,70,3,svm,64,42,3,5,subject_specific,documented_152
9,2,sub-09_ses-02_row-0379,0,73,0,svm,64,42,3,5,subject_specific,documented_152
9,2,sub-09_ses-02_row-0394,2,76,0,svm,64,42,3,5,subject_specific,documented_152
9,2,sub-09_ses-02_row-0423,2,81,3,svm,64,42,3,5,subject_specific,documented_152
9,2,sub-09_ses-02_row-0458,2,88,0,svm,64,42,3,5,subject_specific,documented_152
9,2,sub-09_ses-02_row-0520,1,100,0,svm,64,42,3,5,subject_specific,documented_152
9,2,sub-09_ses-02_row-0525,1,101,2,svm,64,42,3,5,subject_specific,documented_152
9,2,sub-09_ses-02_row-0540,0,104,1,svm,64,42,3,5,subject_specific,documented_152
9,2,sub-09_ses-02_row-0545,3,105,1,svm,64,42,3,5,subject_specific,documented_152
9,2,sub-09_ses-02_row-0550,2,106,1,svm,64,42,3,5,subject_specific,documented_152
9,2,sub-09_ses-02_row-0619,2,119,0,svm,64,42,3,5,subject_specific,documented_152
9,3,sub-09_ses-03_row-0267,3,51,3,svm,64,42,3,5,subject_specific,documented_152
9,3,sub-09_ses-03_row-0277,3,53,3,svm,64,42,3,5,subject_specific,documented_152
9,3,sub-09_ses-03_row-0282,0,54,2,svm,64,42,3,5,subject_specific,documented_152
9,3,sub-09_ses-03_row-0302,2,58,2,svm,64,42,3,5,subject_specific,documented_152
9,3,sub-09_ses-03_row-0322,3,62,1,svm,64,42,3,5,subject_specific,documented_152
9,3,sub-09_ses-03_row-0369,1,71,0,svm,64,42,3,5,subject_specific,documented_152
9,3,sub-09_ses-03_row-0396,0,76,2,svm,64,42,3,5,subject_specific,documented_152
9,3,sub-09_ses-03_row-0420,1,80,2,svm,64,42,3,5,subject_specific,documented_152
9,3,sub-09_ses-03_row-0440,1,84,3,svm,64,42,3,5,subject_specific,documented_152
9,3,sub-09_ses-03_row-0455,3,87,2,svm,64,42,3,5,subject_specific,documented_152
9,3,sub-09_ses-03_row-0477,3,91,0,svm,64,42,3,5,subject_specific,documented_152
9,3,sub-09_ses-03_row-0534,1,102,2,svm,64,42,3,5,subject_specific,documented_152
9,3,sub-09_ses-03_row-0539,0,103,0,svm,64,42,3,5,subject_specific,documented_152
9,3,sub-09_ses-03_row-0544,0,104,0,svm,64,42,3,5,subject_specific,documented_152
9,3,sub-09_ses-03_row-0576,2,110,1,svm,64,42,3,5,subject_specific,documented_152
9,3,sub-09_ses-03_row-0606,1,116,3,svm,64,42,3,5,subject_specific,documented_152
9,3,sub-09_ses-03_row-0616,0,118,0,svm,64,42,3,5,subject_specific,documented_152
9,1,sub-09_ses-01_row-0235,2,45,3,svm,64,42,4,5,subject_specific,documented_152
9,1,sub-09_ses-01_row-0240,3,46,1,svm,64,42,4,5,subject_specific,documented_152
9,1,sub-09_ses-01_row-0245,2,47,1,svm,64,42,4,5,subject_specific,documented_152
9,1,sub-09_ses-01_row-0250,3,48,3,svm,64,42,4,5,subject_specific,documented_152
9,1,sub-09_ses-01_row-0270,1,52,3,svm,64,42,4,5,subject_specific,documented_152
9,1,sub-09_ses-01_row-0302,0,58,1,svm,64,42,4,5,subject_specific,documented_152
9,1,sub-09_ses-01_row-0307,3,59,3,svm,64,42,4,5,subject_specific,documented_152
9,1,sub-09_ses-01_row-0344,1,66,0,svm,64,42,4,5,subject_specific,documented_152
9,1,sub-09_ses-01_row-0364,1,70,1,svm,64,42,4,5,subject_specific,documented_152
9,1,sub-09_ses-01_row-0384,1,74,0,svm,64,42,4,5,subject_specific,documented_152
9,1,sub-09_ses-01_row-0425,2,81,3,svm,64,42,4,5,subject_specific,documented_152
9,1,sub-09_ses-01_row-0450,0,86,3,svm,64,42,4,5,subject_specific,documented_152
9,1,sub-09_ses-01_row-0517,0,99,1,svm,64,42,4,5,subject_specific,documented_152
9,1,sub-09_ses-01_row-0544,1,104,2,svm,64,42,4,5,subject_specific,documented_152
9,1,sub-09_ses-01_row-0596,2,114,3,svm,64,42,4,5,subject_specific,documented_152
9,1,sub-09_ses-01_row-0611,1,117,1,svm,64,42,4,5,subject_specific,documented_152
9,2,sub-09_ses-02_row-0210,2,40,3,svm,64,42,4,5,subject_specific,documented_152
9,2,sub-09_ses-02_row-0260,3,50,0,svm,64,42,4,5,subject_specific,documented_152
9,2,sub-09_ses-02_row-0287,3,55,0,svm,64,42,4,5,subject_specific,documented_152
9,2,sub-09_ses-02_row-0317,3,61,3,svm,64,42,4,5,subject_specific,documented_152
9,2,sub-09_ses-02_row-0384,1,74,0,svm,64,42,4,5,subject_specific,documented_152
9,2,sub-09_ses-02_row-0399,3,77,0,svm,64,42,4,5,subject_specific,documented_152
9,2,sub-09_ses-02_row-0463,0,89,1,svm,64,42,4,5,subject_specific,documented_152
9,2,sub-09_ses-02_row-0478,1,92,1,svm,64,42,4,5,subject_specific,documented_152
9,2,sub-09_ses-02_row-0490,3,94,3,svm,64,42,4,5,subject_specific,documented_152
9,2,sub-09_ses-02_row-0495,0,95,1,svm,64,42,4,5,subject_specific,documented_152
9,2,sub-09_ses-02_row-0567,0,109,1,svm,64,42,4,5,subject_specific,documented_152
9,2,sub-09_ses-02_row-0592,2,114,0,svm,64,42,4,5,subject_specific,documented_152
9,2,sub-09_ses-02_row-0602,2,116,1,svm,64,42,4,5,subject_specific,documented_152
9,2,sub-09_ses-02_row-0614,1,118,3,svm,64,42,4,5,subject_specific,documented_152
9,3,sub-09_ses-03_row-0210,2,40,3,svm,64,42,4,5,subject_specific,documented_152
9,3,sub-09_ses-03_row-0240,2,46,1,svm,64,42,4,5,subject_specific,documented_152
9,3,sub-09_ses-03_row-0245,0,47,3,svm,64,42,4,5,subject_specific,documented_152
9,3,sub-09_ses-03_row-0255,2,49,3,svm,64,42,4,5,subject_specific,documented_152
9,3,sub-09_ses-03_row-0329,1,63,3,svm,64,42,4,5,subject_specific,documented_152
9,3,sub-09_ses-03_row-0339,0,65,1,svm,64,42,4,5,subject_specific,documented_152
9,3,sub-09_ses-03_row-0359,0,69,1,svm,64,42,4,5,subject_specific,documented_152
9,3,sub-09_ses-03_row-0376,3,72,1,svm,64,42,4,5,subject_specific,documented_152
9,3,sub-09_ses-03_row-0406,0,78,1,svm,64,42,4,5,subject_specific,documented_152
9,3,sub-09_ses-03_row-0425,3,81,3,svm,64,42,4,5,subject_specific,documented_152
9,3,sub-09_ses-03_row-0430,1,82,1,svm,64,42,4,5,subject_specific,documented_152
9,3,sub-09_ses-03_row-0482,0,92,0,svm,64,42,4,5,subject_specific,documented_152
9,3,sub-09_ses-03_row-0487,3,93,1,svm,64,42,4,5,subject_specific,documented_152
9,3,sub-09_ses-03_row-0524,2,100,2,svm,64,42,4,5,subject_specific,documented_152
9,3,sub-09_ses-03_row-0571,3,109,2,svm,64,42,4,5,subject_specific,documented_152
9,3,sub-09_ses-03_row-0581,1,111,0,svm,64,42,4,5,subject_specific,documented_152
9,3,sub-09_ses-03_row-0596,2,114,0,svm,64,42,4,5,subject_specific,documented_152
9,3,sub-09_ses-03_row-0623,0,119,3,svm,64,42,4,5,subject_specific,documented_152
9,1,sub-09_ses-01_row-0230,0,44,2,svm,64,42,5,5,subject_specific,documented_152
9,1,sub-09_ses-01_row-0265,0,51,2,svm,64,42,5,5,subject_specific,documented_152
9,1,sub-09_ses-01_row-0275,3,53,2,svm,64,42,5,5,subject_specific,documented_152
9,1,sub-09_ses-01_row-0287,2,55,0,svm,64,42,5,5,subject_specific,documented_152
9,1,sub-09_ses-01_row-0292,0,56,3,svm,64,42,5,5,subject_specific,documented_152
9,1,sub-09_ses-01_row-0312,1,60,2,svm,64,42,5,5,subject_specific,documented_152
9,1,sub-09_ses-01_row-0322,0,62,2,svm,64,42,5,5,subject_specific,documented_152
9,1,sub-09_ses-01_row-0359,2,69,3,svm,64,42,5,5,subject_specific,documented_152
9,1,sub-09_ses-01_row-0406,2,78,2,svm,64,42,5,5,subject_specific,documented_152
9,1,sub-09_ses-01_row-0411,3,79,0,svm,64,42,5,5,subject_specific,documented_152
9,1,sub-09_ses-01_row-0430,2,82,3,svm,64,42,5,5,subject_specific,documented_152
9,1,sub-09_ses-01_row-0445,3,85,3,svm,64,42,5,5,subject_specific,documented_152
9,1,sub-09_ses-01_row-0477,0,91,3,svm,64,42,5,5,subject_specific,documented_152
9,1,sub-09_ses-01_row-0482,2,92,2,svm,64,42,5,5,subject_specific,documented_152
9,1,sub-09_ses-01_row-0487,0,93,3,svm,64,42,5,5,subject_specific,documented_152
9,1,sub-09_ses-01_row-0502,1,96,3,svm,64,42,5,5,subject_specific,documented_152
9,1,sub-09_ses-01_row-0522,3,100,0,svm,64,42,5,5,subject_specific,documented_152
9,1,sub-09_ses-01_row-0559,1,107,0,svm,64,42,5,5,subject_specific,documented_152
9,1,sub-09_ses-01_row-0569,3,109,2,svm,64,42,5,5,subject_specific,documented_152
9,1,sub-09_ses-01_row-0574,0,110,1,svm,64,42,5,5,subject_specific,documented_152
9,1,sub-09_ses-01_row-0584,3,112,2,svm,64,42,5,5,subject_specific,documented_152
9,1,sub-09_ses-01_row-0601,1,115,0,svm,64,42,5,5,subject_specific,documented_152
9,2,sub-09_ses-02_row-0240,1,46,1,svm,64,42,5,5,subject_specific,documented_152
9,2,sub-09_ses-02_row-0245,2,47,3,svm,64,42,5,5,subject_specific,documented_152
9,2,sub-09_ses-02_row-0302,1,58,0,svm,64,42,5,5,subject_specific,documented_152
9,2,sub-09_ses-02_row-0307,0,59,1,svm,64,42,5,5,subject_specific,documented_152
9,2,sub-09_ses-02_row-0327,2,63,2,svm,64,42,5,5,subject_specific,documented_152
9,2,sub-09_ses-02_row-0374,0,72,0,svm,64,42,5,5,subject_specific,documented_152
9,2,sub-09_ses-02_row-0404,3,78,1,svm,64,42,5,5,subject_specific,documented_152
9,2,sub-09_ses-02_row-0433,0,83,1,svm,64,42,5,5,subject_specific,documented_152
9,2,sub-09_ses-02_row-0468,1,90,2,svm,64,42,5,5,subject_specific,documented_152
9,2,sub-09_ses-02_row-0500,2,96,0,svm,64,42,5,5,subject_specific,documented_152
9,2,sub-09_ses-02_row-0510,3,98,2,svm,64,42,5,5,subject_specific,documented_152
9,2,sub-09_ses-02_row-0562,3,108,3,svm,64,42,5,5,subject_specific,documented_152
9,2,sub-09_ses-02_row-0582,2,112,0,svm,64,42,5,5,subject_specific,documented_152
9,2,sub-09_ses-02_row-0587,0,113,2,svm,64,42,5,5,subject_specific,documented_152
9,2,sub-09_ses-02_row-0597,3,115,0,svm,64,42,5,5,subject_specific,documented_152
9,2,sub-09_ses-02_row-0607,1,117,2,svm,64,42,5,5,subject_specific,documented_152
9,3,sub-09_ses-03_row-0260,1,50,1,svm,64,42,5,5,subject_specific,documented_152
9,3,sub-09_ses-03_row-0272,0,52,2,svm,64,42,5,5,subject_specific,documented_152
9,3,sub-09_ses-03_row-0312,1,60,0,svm,64,42,5,5,subject_specific,documented_152
9,3,sub-09_ses-03_row-0344,3,66,1,svm,64,42,5,5,subject_specific,documented_152
9,3,sub-09_ses-03_row-0349,2,67,0,svm,64,42,5,5,subject_specific,documented_152
9,3,sub-09_ses-03_row-0435,3,83,3,svm,64,42,5,5,subject_specific,documented_152
9,3,sub-09_ses-03_row-0472,1,90,0,svm,64,42,5,5,subject_specific,documented_152
9,3,sub-09_ses-03_row-0502,2,96,3,svm,64,42,5,5,subject_specific,documented_152
9,3,sub-09_ses-03_row-0566,1,108,0,svm,64,42,5,5,subject_specific,documented_152
9,3,sub-09_ses-03_row-0586,2,112,0,svm,64,42,5,5,subject_specific,documented_152
9,1,sub-09_ses-01_row-0210,2,40,0,svm,32,42,1,5,subject_specific,documented_152
9,1,sub-09_ses-01_row-0225,2,43,3,svm,32,42,1,5,subject_specific,documented_152
9,1,sub-09_ses-01_row-0282,3,54,2,svm,32,42,1,5,subject_specific,documented_152
9,1,sub-09_ses-01_row-0396,0,76,3,svm,32,42,1,5,subject_specific,documented_152
9,1,sub-09_ses-01_row-0401,0,77,0,svm,32,42,1,5,subject_specific,documented_152
9,1,sub-09_ses-01_row-0420,1,80,1,svm,32,42,1,5,subject_specific,documented_152
9,1,sub-09_ses-01_row-0440,2,84,0,svm,32,42,1,5,subject_specific,documented_152
9,1,sub-09_ses-01_row-0455,3,87,3,svm,32,42,1,5,subject_specific,documented_152
9,1,sub-09_ses-01_row-0460,3,88,3,svm,32,42,1,5,subject_specific,documented_152
9,1,sub-09_ses-01_row-0507,2,97,3,svm,32,42,1,5,subject_specific,documented_152
9,1,sub-09_ses-01_row-0512,1,98,0,svm,32,42,1,5,subject_specific,documented_152
9,1,sub-09_ses-01_row-0527,3,101,1,svm,32,42,1,5,subject_specific,documented_152
9,1,sub-09_ses-01_row-0539,0,103,2,svm,32,42,1,5,subject_specific,documented_152
9,1,sub-09_ses-01_row-0591,2,113,3,svm,32,42,1,5,subject_specific,documented_152
9,1,sub-09_ses-01_row-0606,3,116,1,svm,32,42,1,5,subject_specific,documented_152
9,1,sub-09_ses-01_row-0621,2,119,1,svm,32,42,1,5,subject_specific,documented_152
9,2,sub-09_ses-02_row-0265,0,51,0,svm,32,42,1,5,subject_specific,documented_152
9,2,sub-09_ses-02_row-0282,3,54,3,svm,32,42,1,5,subject_specific,documented_152
9,2,sub-09_ses-02_row-0354,1,68,1,svm,32,42,1,5,subject_specific,documented_152
9,2,sub-09_ses-02_row-0359,0,69,1,svm,32,42,1,5,subject_specific,documented_152
9,2,sub-09_ses-02_row-0389,2,75,2,svm,32,42,1,5,subject_specific,documented_152
9,2,sub-09_ses-02_row-0409,1,79,2,svm,32,42,1,5,subject_specific,documented_152
9,2,sub-09_ses-02_row-0453,1,87,2,svm,32,42,1,5,subject_specific,documented_152
9,2,sub-09_ses-02_row-0473,1,91,0,svm,32,42,1,5,subject_specific,documented_152
9,2,sub-09_ses-02_row-0505,2,97,0,svm,32,42,1,5,subject_specific,documented_152
9,2,sub-09_ses-02_row-0555,0,107,2,svm,32,42,1,5,subject_specific,documented_152
9,2,sub-09_ses-02_row-0572,0,110,1,svm,32,42,1,5,subject_specific,documented_152
9,3,sub-09_ses-03_row-0215,2,41,2,svm,32,42,1,5,subject_specific,documented_152
9,3,sub-09_ses-03_row-0220,3,42,2,svm,32,42,1,5,subject_specific,documented_152
9,3,sub-09_ses-03_row-0225,1,43,2,svm,32,42,1,5,subject_specific,documented_152
9,3,sub-09_ses-03_row-0235,2,45,3,svm,32,42,1,5,subject_specific,documented_152
9,3,sub-09_ses-03_row-0250,0,48,0,svm,32,42,1,5,subject_specific,documented_152
9,3,sub-09_ses-03_row-0297,1,57,3,svm,32,42,1,5,subject_specific,documented_152
9,3,sub-09_ses-03_row-0307,1,59,1,svm,32,42,1,5,subject_specific,documented_152
9,3,sub-09_ses-03_row-0317,1,61,0,svm,32,42,1,5,subject_specific,documented_152
9,3,sub-09_ses-03_row-0354,2,68,2,svm,32,42,1,5,subject_specific,documented_152
9,3,sub-09_ses-03_row-0381,3,73,1,svm,32,42,1,5,subject_specific,documented_152
9,3,sub-09_ses-03_row-0386,3,74,2,svm,32,42,1,5,subject_specific,documented_152
9,3,sub-09_ses-03_row-0391,1,75,2,svm,32,42,1,5,subject_specific,documented_152
9,3,sub-09_ses-03_row-0401,3,77,2,svm,32,42,1,5,subject_specific,documented_152
9,3,sub-09_ses-03_row-0497,3,95,2,svm,32,42,1,5,subject_specific,documented_152
9,3,sub-09_ses-03_row-0512,1,98,0,svm,32,42,1,5,subject_specific,documented_152
9,3,sub-09_ses-03_row-0519,2,99,0,svm,32,42,1,5,subject_specific,documented_152
9,3,sub-09_ses-03_row-0554,0,106,2,svm,32,42,1,5,subject_specific,documented_152
9,3,sub-09_ses-03_row-0561,0,107,2,svm,32,42,1,5,subject_specific,documented_152
9,3,sub-09_ses-03_row-0591,0,113,1,svm,32,42,1,5,subject_specific,documented_152
9,3,sub-09_ses-03_row-0601,3,115,2,svm,32,42,1,5,subject_specific,documented_152
9,3,sub-09_ses-03_row-0611,0,117,0,svm,32,42,1,5,subject_specific,documented_152
9,1,sub-09_ses-01_row-0215,3,41,2,svm,32,42,2,5,subject_specific,documented_152
9,1,sub-09_ses-01_row-0220,0,42,1,svm,32,42,2,5,subject_specific,documented_152
9,1,sub-09_ses-01_row-0255,1,49,2,svm,32,42,2,5,subject_specific,documented_152
9,1,sub-09_ses-01_row-0260,2,50,2,svm,32,42,2,5,subject_specific,documented_152
9,1,sub-09_ses-01_row-0297,1,57,3,svm,32,42,2,5,subject_specific,documented_152
9,1,sub-09_ses-01_row-0327,1,63,2,svm,32,42,2,5,subject_specific,documented_152
9,1,sub-09_ses-01_row-0349,1,67,1,svm,32,42,2,5,subject_specific,documented_152
9,1,sub-09_ses-01_row-0369,0,71,0,svm,32,42,2,5,subject_specific,documented_152
9,1,sub-09_ses-01_row-0389,2,75,1,svm,32,42,2,5,subject_specific,documented_152
9,1,sub-09_ses-01_row-0465,3,89,0,svm,32,42,2,5,subject_specific,documented_152
9,1,sub-09_ses-01_row-0492,0,94,2,svm,32,42,2,5,subject_specific,documented_152
9,1,sub-09_ses-01_row-0497,2,95,0,svm,32,42,2,5,subject_specific,documented_152
9,1,sub-09_ses-01_row-0554,3,106,2,svm,32,42,2,5,subject_specific,documented_152
9,1,sub-09_ses-01_row-0564,1,108,2,svm,32,42,2,5,subject_specific,documented_152
9,1,sub-09_ses-01_row-0579,1,111,2,svm,32,42,2,5,subject_specific,documented_152
9,2,sub-09_ses-02_row-0215,1,41,3,svm,32,42,2,5,subject_specific,documented_152
9,2,sub-09_ses-02_row-0220,2,42,1,svm,32,42,2,5,subject_specific,documented_152
9,2,sub-09_ses-02_row-0270,0,52,0,svm,32,42,2,5,subject_specific,documented_152
9,2,sub-09_ses-02_row-0292,0,56,1,svm,32,42,2,5,subject_specific,documented_152
9,2,sub-09_ses-02_row-0322,3,62,3,svm,32,42,2,5,subject_specific,documented_152
9,2,sub-09_ses-02_row-0332,0,64,1,svm,32,42,2,5,subject_specific,documented_152
9,2,sub-09_ses-02_row-0342,2,66,1,svm,32,42,2,5,subject_specific,documented_152
9,2,sub-09_ses-02_row-0349,0,67,0,svm,32,42,2,5,subject_specific,documented_152
9,2,sub-09_ses-02_row-0369,1,71,0,svm,32,42,2,5,subject_specific,documented_152
9,2,sub-09_ses-02_row-0418,0,80,2,svm,32,42,2,5,subject_specific,documented_152
9,2,sub-09_ses-02_row-0428,3,82,3,svm,32,42,2,5,subject_specific,documented_152
9,2,sub-09_ses-02_row-0438,3,84,2,svm,32,42,2,5,subject_specific,documented_152
9,2,sub-09_ses-02_row-0443,3,85,0,svm,32,42,2,5,subject_specific,documented_152
9,2,sub-09_ses-02_row-0448,2,86,0,svm,32,42,2,5,subject_specific,documented_152
9,2,sub-09_ses-02_row-0483,3,93,1,svm,32,42,2,5,subject_specific,documented_152
9,2,sub-09_ses-02_row-0515,3,99,0,svm,32,42,2,5,subject_specific,documented_152
9,2,sub-09_ses-02_row-0530,1,102,0,svm,32,42,2,5,subject_specific,documented_152
9,2,sub-09_ses-02_row-0535,1,103,0,svm,32,42,2,5,subject_specific,documented_152
9,2,sub-09_ses-02_row-0577,0,111,1,svm,32,42,2,5,subject_specific,documented_152
9,3,sub-09_ses-03_row-0230,2,44,3,svm,32,42,2,5,subject_specific,documented_152
9,3,sub-09_ses-03_row-0287,3,55,1,svm,32,42,2,5,subject_specific,documented_152
9,3,sub-09_ses-03_row-0292,0,56,1,svm,32,42,2,5,subject_specific,documented_152
9,3,sub-09_ses-03_row-0334,2,64,0,svm,32,42,2,5,subject_specific,documented_152
9,3,sub-09_ses-03_row-0364,1,70,0,svm,32,42,2,5,subject_specific,documented_152
9,3,sub-09_ses-03_row-0411,0,79,1,svm,32,42,2,5,subject_specific,documented_152
9,3,sub-09_ses-03_row-0445,2,85,3,svm,32,42,2,5,subject_specific,documented_152
9,3,sub-09_ses-03_row-0450,0,86,0,svm,32,42,2,5,subject_specific,documented_152
9,3,sub-09_ses-03_row-0460,3,88,1,svm,32,42,2,5,subject_specific,documented_152
9,3,sub-09_ses-03_row-0467,3,89,1,svm,32,42,2,5,subject_specific,documented_152
9,3,sub-09_ses-03_row-0492,2,94,1,svm,32,42,2,5,subject_specific,documented_152
9,3,sub-09_ses-03_row-0507,2,97,0,svm,32,42,2,5,subject_specific,documented_152
9,3,sub-09_ses-03_row-0529,2,101,1,svm,32,42,2,5,subject_specific,documented_152
9,3,sub-09_ses-03_row-0549,1,105,3,svm,32,42,2,5,subject_specific,documented_152
9,1,sub-09_ses-01_row-0317,3,61,1,svm,32,42,3,5,subject_specific,documented_152
9,1,sub-09_ses-01_row-0332,3,64,1,svm,32,42,3,5,subject_specific,documented_152
9,1,sub-09_ses-01_row-0339,2,65,1,svm,32,42,3,5,subject_specific,documented_152
9,1,sub-09_ses-01_row-0354,1,68,2,svm,32,42,3,5,subject_specific,documented_152
9,1,sub-09_ses-01_row-0374,0,72,2,svm,32,42,3,5,subject_specific,documented_152
9,1,sub-09_ses-01_row-0379,3,73,2,svm,32,42,3,5,subject_specific,documented_152
9,1,sub-09_ses-01_row-0435,2,83,3,svm,32,42,3,5,subject_specific,documented_152
9,1,sub-09_ses-01_row-0470,1,90,1,svm,32,42,3,5,subject_specific,documented_152
9,1,sub-09_ses-01_row-0534,0,102,2,svm,32,42,3,5,subject_specific,documented_152
9,1,sub-09_ses-01_row-0549,0,105,0,svm,32,42,3,5,subject_specific,documented_152
9,1,sub-09_ses-01_row-0616,0,118,3,svm,32,42,3,5,subject_specific,documented_152
9,2,sub-09_ses-02_row-0225,1,43,2,svm,32,42,3,5,subject_specific,documented_152
9,2,sub-09_ses-02_row-0230,2,44,0,svm,32,42,3,5,subject_specific,documented_152
9,2,sub-09_ses-02_row-0235,3,45,1,svm,32,42,3,5,subject_specific,documented_152
9,2,sub-09_ses-02_row-0250,0,48,0,svm,32,42,3,5,subject_specific,documented_152
9,2,sub-09_ses-02_row-0255,1,49,0,svm,32,42,3,5,subject_specific,documented_152
9,2,sub-09_ses-02_row-0275,1,53,0,svm,32,42,3,5,subject_specific,documented_152
9,2,sub-09_ses-02_row-0297,3,57,0,svm,32,42,3,5,subject_specific,documented_152
9,2,sub-09_ses-02_row-0312,2,60,2,svm,32,42,3,5,subject_specific,documented_152
9,2,sub-09_ses-02_row-0337,3,65,0,svm,32,42,3,5,subject_specific,documented_152
9,2,sub-09_ses-02_row-0364,2,70,1,svm,32,42,3,5,subject_specific,documented_152
9,2,sub-09_ses-02_row-0379,0,73,0,svm,32,42,3,5,subject_specific,documented_152
9,2,sub-09_ses-02_row-0394,2,76,0,svm,32,42,3,5,subject_specific,documented_152
9,2,sub-09_ses-02_row-0423,2,81,3,svm,32,42,3,5,subject_specific,documented_152
9,2,sub-09_ses-02_row-0458,2,88,1,svm,32,42,3,5,subject_specific,documented_152
9,2,sub-09_ses-02_row-0520,1,100,0,svm,32,42,3,5,subject_specific,documented_152
9,2,sub-09_ses-02_row-0525,1,101,2,svm,32,42,3,5,subject_specific,documented_152
9,2,sub-09_ses-02_row-0540,0,104,0,svm,32,42,3,5,subject_specific,documented_152
9,2,sub-09_ses-02_row-0545,3,105,1,svm,32,42,3,5,subject_specific,documented_152
9,2,sub-09_ses-02_row-0550,2,106,1,svm,32,42,3,5,subject_specific,documented_152
9,2,sub-09_ses-02_row-0619,2,119,0,svm,32,42,3,5,subject_specific,documented_152
9,3,sub-09_ses-03_row-0267,3,51,2,svm,32,42,3,5,subject_specific,documented_152
9,3,sub-09_ses-03_row-0277,3,53,3,svm,32,42,3,5,subject_specific,documented_152
9,3,sub-09_ses-03_row-0282,0,54,2,svm,32,42,3,5,subject_specific,documented_152
9,3,sub-09_ses-03_row-0302,2,58,2,svm,32,42,3,5,subject_specific,documented_152
9,3,sub-09_ses-03_row-0322,3,62,1,svm,32,42,3,5,subject_specific,documented_152
9,3,sub-09_ses-03_row-0369,1,71,3,svm,32,42,3,5,subject_specific,documented_152
9,3,sub-09_ses-03_row-0396,0,76,0,svm,32,42,3,5,subject_specific,documented_152
9,3,sub-09_ses-03_row-0420,1,80,3,svm,32,42,3,5,subject_specific,documented_152
9,3,sub-09_ses-03_row-0440,1,84,3,svm,32,42,3,5,subject_specific,documented_152
9,3,sub-09_ses-03_row-0455,3,87,2,svm,32,42,3,5,subject_specific,documented_152
9,3,sub-09_ses-03_row-0477,3,91,0,svm,32,42,3,5,subject_specific,documented_152
9,3,sub-09_ses-03_row-0534,1,102,2,svm,32,42,3,5,subject_specific,documented_152
9,3,sub-09_ses-03_row-0539,0,103,0,svm,32,42,3,5,subject_specific,documented_152
9,3,sub-09_ses-03_row-0544,0,104,2,svm,32,42,3,5,subject_specific,documented_152
9,3,sub-09_ses-03_row-0576,2,110,0,svm,32,42,3,5,subject_specific,documented_152
9,3,sub-09_ses-03_row-0606,1,116,1,svm,32,42,3,5,subject_specific,documented_152
9,3,sub-09_ses-03_row-0616,0,118,0,svm,32,42,3,5,subject_specific,documented_152
9,1,sub-09_ses-01_row-0235,2,45,3,svm,32,42,4,5,subject_specific,documented_152
9,1,sub-09_ses-01_row-0240,3,46,1,svm,32,42,4,5,subject_specific,documented_152
9,1,sub-09_ses-01_row-0245,2,47,1,svm,32,42,4,5,subject_specific,documented_152
9,1,sub-09_ses-01_row-0250,3,48,3,svm,32,42,4,5,subject_specific,documented_152
9,1,sub-09_ses-01_row-0270,1,52,1,svm,32,42,4,5,subject_specific,documented_152
9,1,sub-09_ses-01_row-0302,0,58,1,svm,32,42,4,5,subject_specific,documented_152
9,1,sub-09_ses-01_row-0307,3,59,2,svm,32,42,4,5,subject_specific,documented_152
9,1,sub-09_ses-01_row-0344,1,66,0,svm,32,42,4,5,subject_specific,documented_152
9,1,sub-09_ses-01_row-0364,1,70,1,svm,32,42,4,5,subject_specific,documented_152
9,1,sub-09_ses-01_row-0384,1,74,0,svm,32,42,4,5,subject_specific,documented_152
9,1,sub-09_ses-01_row-0425,2,81,2,svm,32,42,4,5,subject_specific,documented_152
9,1,sub-09_ses-01_row-0450,0,86,3,svm,32,42,4,5,subject_specific,documented_152
9,1,sub-09_ses-01_row-0517,0,99,1,svm,32,42,4,5,subject_specific,documented_152
9,1,sub-09_ses-01_row-0544,1,104,3,svm,32,42,4,5,subject_specific,documented_152
9,1,sub-09_ses-01_row-0596,2,114,3,svm,32,42,4,5,subject_specific,documented_152
9,1,sub-09_ses-01_row-0611,1,117,1,svm,32,42,4,5,subject_specific,documented_152
9,2,sub-09_ses-02_row-0210,2,40,3,svm,32,42,4,5,subject_specific,documented_152
9,2,sub-09_ses-02_row-0260,3,50,0,svm,32,42,4,5,subject_specific,documented_152
9,2,sub-09_ses-02_row-0287,3,55,0,svm,32,42,4,5,subject_specific,documented_152
9,2,sub-09_ses-02_row-0317,3,61,1,svm,32,42,4,5,subject_specific,documented_152
9,2,sub-09_ses-02_row-0384,1,74,0,svm,32,42,4,5,subject_specific,documented_152
9,2,sub-09_ses-02_row-0399,3,77,0,svm,32,42,4,5,subject_specific,documented_152
9,2,sub-09_ses-02_row-0463,0,89,1,svm,32,42,4,5,subject_specific,documented_152
9,2,sub-09_ses-02_row-0478,1,92,1,svm,32,42,4,5,subject_specific,documented_152
9,2,sub-09_ses-02_row-0490,3,94,3,svm,32,42,4,5,subject_specific,documented_152
9,2,sub-09_ses-02_row-0495,0,95,1,svm,32,42,4,5,subject_specific,documented_152
9,2,sub-09_ses-02_row-0567,0,109,1,svm,32,42,4,5,subject_specific,documented_152
9,2,sub-09_ses-02_row-0592,2,114,0,svm,32,42,4,5,subject_specific,documented_152
9,2,sub-09_ses-02_row-0602,2,116,0,svm,32,42,4,5,subject_specific,documented_152
9,2,sub-09_ses-02_row-0614,1,118,1,svm,32,42,4,5,subject_specific,documented_152
9,3,sub-09_ses-03_row-0210,2,40,3,svm,32,42,4,5,subject_specific,documented_152
9,3,sub-09_ses-03_row-0240,2,46,1,svm,32,42,4,5,subject_specific,documented_152
9,3,sub-09_ses-03_row-0245,0,47,3,svm,32,42,4,5,subject_specific,documented_152
9,3,sub-09_ses-03_row-0255,2,49,3,svm,32,42,4,5,subject_specific,documented_152
9,3,sub-09_ses-03_row-0329,1,63,3,svm,32,42,4,5,subject_specific,documented_152
9,3,sub-09_ses-03_row-0339,0,65,0,svm,32,42,4,5,subject_specific,documented_152
9,3,sub-09_ses-03_row-0359,0,69,1,svm,32,42,4,5,subject_specific,documented_152
9,3,sub-09_ses-03_row-0376,3,72,1,svm,32,42,4,5,subject_specific,documented_152
9,3,sub-09_ses-03_row-0406,0,78,1,svm,32,42,4,5,subject_specific,documented_152
9,3,sub-09_ses-03_row-0425,3,81,3,svm,32,42,4,5,subject_specific,documented_152
9,3,sub-09_ses-03_row-0430,1,82,1,svm,32,42,4,5,subject_specific,documented_152
9,3,sub-09_ses-03_row-0482,0,92,3,svm,32,42,4,5,subject_specific,documented_152
9,3,sub-09_ses-03_row-0487,3,93,1,svm,32,42,4,5,subject_specific,documented_152
9,3,sub-09_ses-03_row-0524,2,100,2,svm,32,42,4,5,subject_specific,documented_152
9,3,sub-09_ses-03_row-0571,3,109,2,svm,32,42,4,5,subject_specific,documented_152
9,3,sub-09_ses-03_row-0581,1,111,0,svm,32,42,4,5,subject_specific,documented_152
9,3,sub-09_ses-03_row-0596,2,114,0,svm,32,42,4,5,subject_specific,documented_152
9,3,sub-09_ses-03_row-0623,0,119,3,svm,32,42,4,5,subject_specific,documented_152
9,1,sub-09_ses-01_row-0230,0,44,2,svm,32,42,5,5,subject_specific,documented_152
9,1,sub-09_ses-01_row-0265,0,51,2,svm,32,42,5,5,subject_specific,documented_152
9,1,sub-09_ses-01_row-0275,3,53,1,svm,32,42,5,5,subject_specific,documented_152
9,1,sub-09_ses-01_row-0287,2,55,1,svm,32,42,5,5,subject_specific,documented_152
9,1,sub-09_ses-01_row-0292,0,56,2,svm,32,42,5,5,subject_specific,documented_152
9,1,sub-09_ses-01_row-0312,1,60,2,svm,32,42,5,5,subject_specific,documented_152
9,1,sub-09_ses-01_row-0322,0,62,2,svm,32,42,5,5,subject_specific,documented_152
9,1,sub-09_ses-01_row-0359,2,69,3,svm,32,42,5,5,subject_specific,documented_152
9,1,sub-09_ses-01_row-0406,2,78,2,svm,32,42,5,5,subject_specific,documented_152
9,1,sub-09_ses-01_row-0411,3,79,0,svm,32,42,5,5,subject_specific,documented_152
9,1,sub-09_ses-01_row-0430,2,82,3,svm,32,42,5,5,subject_specific,documented_152
9,1,sub-09_ses-01_row-0445,3,85,3,svm,32,42,5,5,subject_specific,documented_152
9,1,sub-09_ses-01_row-0477,0,91,3,svm,32,42,5,5,subject_specific,documented_152
9,1,sub-09_ses-01_row-0482,2,92,2,svm,32,42,5,5,subject_specific,documented_152
9,1,sub-09_ses-01_row-0487,0,93,3,svm,32,42,5,5,subject_specific,documented_152
9,1,sub-09_ses-01_row-0502,1,96,3,svm,32,42,5,5,subject_specific,documented_152
9,1,sub-09_ses-01_row-0522,3,100,2,svm,32,42,5,5,subject_specific,documented_152
9,1,sub-09_ses-01_row-0559,1,107,0,svm,32,42,5,5,subject_specific,documented_152
9,1,sub-09_ses-01_row-0569,3,109,2,svm,32,42,5,5,subject_specific,documented_152
9,1,sub-09_ses-01_row-0574,0,110,0,svm,32,42,5,5,subject_specific,documented_152
9,1,sub-09_ses-01_row-0584,3,112,1,svm,32,42,5,5,subject_specific,documented_152
9,1,sub-09_ses-01_row-0601,1,115,0,svm,32,42,5,5,subject_specific,documented_152
9,2,sub-09_ses-02_row-0240,1,46,3,svm,32,42,5,5,subject_specific,documented_152
9,2,sub-09_ses-02_row-0245,2,47,0,svm,32,42,5,5,subject_specific,documented_152
9,2,sub-09_ses-02_row-0302,1,58,0,svm,32,42,5,5,subject_specific,documented_152
9,2,sub-09_ses-02_row-0307,0,59,1,svm,32,42,5,5,subject_specific,documented_152
9,2,sub-09_ses-02_row-0327,2,63,2,svm,32,42,5,5,subject_specific,documented_152
9,2,sub-09_ses-02_row-0374,0,72,0,svm,32,42,5,5,subject_specific,documented_152
9,2,sub-09_ses-02_row-0404,3,78,2,svm,32,42,5,5,subject_specific,documented_152
9,2,sub-09_ses-02_row-0433,0,83,2,svm,32,42,5,5,subject_specific,documented_152
9,2,sub-09_ses-02_row-0468,1,90,2,svm,32,42,5,5,subject_specific,documented_152
9,2,sub-09_ses-02_row-0500,2,96,1,svm,32,42,5,5,subject_specific,documented_152
9,2,sub-09_ses-02_row-0510,3,98,0,svm,32,42,5,5,subject_specific,documented_152
9,2,sub-09_ses-02_row-0562,3,108,3,svm,32,42,5,5,subject_specific,documented_152
9,2,sub-09_ses-02_row-0582,2,112,0,svm,32,42,5,5,subject_specific,documented_152
9,2,sub-09_ses-02_row-0587,0,113,2,svm,32,42,5,5,subject_specific,documented_152
9,2,sub-09_ses-02_row-0597,3,115,0,svm,32,42,5,5,subject_specific,documented_152
9,2,sub-09_ses-02_row-0607,1,117,0,svm,32,42,5,5,subject_specific,documented_152
9,3,sub-09_ses-03_row-0260,1,50,1,svm,32,42,5,5,subject_specific,documented_152
9,3,sub-09_ses-03_row-0272,0,52,2,svm,32,42,5,5,subject_specific,documented_152
9,3,sub-09_ses-03_row-0312,1,60,0,svm,32,42,5,5,subject_specific,documented_152
9,3,sub-09_ses-03_row-0344,3,66,1,svm,32,42,5,5,subject_specific,documented_152
9,3,sub-09_ses-03_row-0349,2,67,0,svm,32,42,5,5,subject_specific,documented_152
9,3,sub-09_ses-03_row-0435,3,83,3,svm,32,42,5,5,subject_specific,documented_152
9,3,sub-09_ses-03_row-0472,1,90,0,svm,32,42,5,5,subject_specific,documented_152
9,3,sub-09_ses-03_row-0502,2,96,3,svm,32,42,5,5,subject_specific,documented_152
9,3,sub-09_ses-03_row-0566,1,108,3,svm,32,42,5,5,subject_specific,documented_152
9,3,sub-09_ses-03_row-0586,2,112,0,svm,32,42,5,5,subject_specific,documented_152
9,1,sub-09_ses-01_row-0210,2,40,0,svm,16,42,1,5,subject_specific,documented_152
9,1,sub-09_ses-01_row-0225,2,43,3,svm,16,42,1,5,subject_specific,documented_152
9,1,sub-09_ses-01_row-0282,3,54,1,svm,16,42,1,5,subject_specific,documented_152
9,1,sub-09_ses-01_row-0396,0,76,0,svm,16,42,1,5,subject_specific,documented_152
9,1,sub-09_ses-01_row-0401,0,77,0,svm,16,42,1,5,subject_specific,documented_152
9,1,sub-09_ses-01_row-0420,1,80,1,svm,16,42,1,5,subject_specific,documented_152
9,1,sub-09_ses-01_row-0440,2,84,0,svm,16,42,1,5,subject_specific,documented_152
9,1,sub-09_ses-01_row-0455,3,87,1,svm,16,42,1,5,subject_specific,documented_152
9,1,sub-09_ses-01_row-0460,3,88,3,svm,16,42,1,5,subject_specific,documented_152
9,1,sub-09_ses-01_row-0507,2,97,1,svm,16,42,1,5,subject_specific,documented_152
9,1,sub-09_ses-01_row-0512,1,98,0,svm,16,42,1,5,subject_specific,documented_152
9,1,sub-09_ses-01_row-0527,3,101,1,svm,16,42,1,5,subject_specific,documented_152
9,1,sub-09_ses-01_row-0539,0,103,1,svm,16,42,1,5,subject_specific,documented_152
9,1,sub-09_ses-01_row-0591,2,113,3,svm,16,42,1,5,subject_specific,documented_152
9,1,sub-09_ses-01_row-0606,3,116,1,svm,16,42,1,5,subject_specific,documented_152
9,1,sub-09_ses-01_row-0621,2,119,1,svm,16,42,1,5,subject_specific,documented_152
9,2,sub-09_ses-02_row-0265,0,51,0,svm,16,42,1,5,subject_specific,documented_152
9,2,sub-09_ses-02_row-0282,3,54,3,svm,16,42,1,5,subject_specific,documented_152
9,2,sub-09_ses-02_row-0354,1,68,1,svm,16,42,1,5,subject_specific,documented_152
9,2,sub-09_ses-02_row-0359,0,69,1,svm,16,42,1,5,subject_specific,documented_152
9,2,sub-09_ses-02_row-0389,2,75,0,svm,16,42,1,5,subject_specific,documented_152
9,2,sub-09_ses-02_row-0409,1,79,2,svm,16,42,1,5,subject_specific,documented_152
9,2,sub-09_ses-02_row-0453,1,87,2,svm,16,42,1,5,subject_specific,documented_152
9,2,sub-09_ses-02_row-0473,1,91,0,svm,16,42,1,5,subject_specific,documented_152
9,2,sub-09_ses-02_row-0505,2,97,2,svm,16,42,1,5,subject_specific,documented_152
9,2,sub-09_ses-02_row-0555,0,107,2,svm,16,42,1,5,subject_specific,documented_152
9,2,sub-09_ses-02_row-0572,0,110,1,svm,16,42,1,5,subject_specific,documented_152
9,3,sub-09_ses-03_row-0215,2,41,3,svm,16,42,1,5,subject_specific,documented_152
9,3,sub-09_ses-03_row-0220,3,42,2,svm,16,42,1,5,subject_specific,documented_152
9,3,sub-09_ses-03_row-0225,1,43,2,svm,16,42,1,5,subject_specific,documented_152
9,3,sub-09_ses-03_row-0235,2,45,3,svm,16,42,1,5,subject_specific,documented_152
9,3,sub-09_ses-03_row-0250,0,48,2,svm,16,42,1,5,subject_specific,documented_152
9,3,sub-09_ses-03_row-0297,1,57,3,svm,16,42,1,5,subject_specific,documented_152
9,3,sub-09_ses-03_row-0307,1,59,0,svm,16,42,1,5,subject_specific,documented_152
9,3,sub-09_ses-03_row-0317,1,61,2,svm,16,42,1,5,subject_specific,documented_152
9,3,sub-09_ses-03_row-0354,2,68,2,svm,16,42,1,5,subject_specific,documented_152
9,3,sub-09_ses-03_row-0381,3,73,1,svm,16,42,1,5,subject_specific,documented_152
9,3,sub-09_ses-03_row-0386,3,74,2,svm,16,42,1,5,subject_specific,documented_152
9,3,sub-09_ses-03_row-0391,1,75,2,svm,16,42,1,5,subject_specific,documented_152
9,3,sub-09_ses-03_row-0401,3,77,2,svm,16,42,1,5,subject_specific,documented_152
9,3,sub-09_ses-03_row-0497,3,95,2,svm,16,42,1,5,subject_specific,documented_152
9,3,sub-09_ses-03_row-0512,1,98,0,svm,16,42,1,5,subject_specific,documented_152
9,3,sub-09_ses-03_row-0519,2,99,0,svm,16,42,1,5,subject_specific,documented_152
9,3,sub-09_ses-03_row-0554,0,106,2,svm,16,42,1,5,subject_specific,documented_152
9,3,sub-09_ses-03_row-0561,0,107,2,svm,16,42,1,5,subject_specific,documented_152
9,3,sub-09_ses-03_row-0591,0,113,1,svm,16,42,1,5,subject_specific,documented_152
9,3,sub-09_ses-03_row-0601,3,115,2,svm,16,42,1,5,subject_specific,documented_152
9,3,sub-09_ses-03_row-0611,0,117,0,svm,16,42,1,5,subject_specific,documented_152
9,1,sub-09_ses-01_row-0215,3,41,2,svm,16,42,2,5,subject_specific,documented_152
9,1,sub-09_ses-01_row-0220,0,42,3,svm,16,42,2,5,subject_specific,documented_152
9,1,sub-09_ses-01_row-0255,1,49,2,svm,16,42,2,5,subject_specific,documented_152
9,1,sub-09_ses-01_row-0260,2,50,2,svm,16,42,2,5,subject_specific,documented_152
9,1,sub-09_ses-01_row-0297,1,57,2,svm,16,42,2,5,subject_specific,documented_152
9,1,sub-09_ses-01_row-0327,1,63,2,svm,16,42,2,5,subject_specific,documented_152
9,1,sub-09_ses-01_row-0349,1,67,3,svm,16,42,2,5,subject_specific,documented_152
9,1,sub-09_ses-01_row-0369,0,71,0,svm,16,42,2,5,subject_specific,documented_152
9,1,sub-09_ses-01_row-0389,2,75,1,svm,16,42,2,5,subject_specific,documented_152
9,1,sub-09_ses-01_row-0465,3,89,0,svm,16,42,2,5,subject_specific,documented_152
9,1,sub-09_ses-01_row-0492,0,94,2,svm,16,42,2,5,subject_specific,documented_152
9,1,sub-09_ses-01_row-0497,2,95,0,svm,16,42,2,5,subject_specific,documented_152
9,1,sub-09_ses-01_row-0554,3,106,2,svm,16,42,2,5,subject_specific,documented_152
9,1,sub-09_ses-01_row-0564,1,108,0,svm,16,42,2,5,subject_specific,documented_152
9,1,sub-09_ses-01_row-0579,1,111,2,svm,16,42,2,5,subject_specific,documented_152
9,2,sub-09_ses-02_row-0215,1,41,2,svm,16,42,2,5,subject_specific,documented_152
9,2,sub-09_ses-02_row-0220,2,42,1,svm,16,42,2,5,subject_specific,documented_152
9,2,sub-09_ses-02_row-0270,0,52,0,svm,16,42,2,5,subject_specific,documented_152
9,2,sub-09_ses-02_row-0292,0,56,1,svm,16,42,2,5,subject_specific,documented_152
9,2,sub-09_ses-02_row-0322,3,62,1,svm,16,42,2,5,subject_specific,documented_152
9,2,sub-09_ses-02_row-0332,0,64,1,svm,16,42,2,5,subject_specific,documented_152
9,2,sub-09_ses-02_row-0342,2,66,1,svm,16,42,2,5,subject_specific,documented_152
9,2,sub-09_ses-02_row-0349,0,67,0,svm,16,42,2,5,subject_specific,documented_152
9,2,sub-09_ses-02_row-0369,1,71,0,svm,16,42,2,5,subject_specific,documented_152
9,2,sub-09_ses-02_row-0418,0,80,2,svm,16,42,2,5,subject_specific,documented_152
9,2,sub-09_ses-02_row-0428,3,82,2,svm,16,42,2,5,subject_specific,documented_152
9,2,sub-09_ses-02_row-0438,3,84,2,svm,16,42,2,5,subject_specific,documented_152
9,2,sub-09_ses-02_row-0443,3,85,0,svm,16,42,2,5,subject_specific,documented_152
9,2,sub-09_ses-02_row-0448,2,86,2,svm,16,42,2,5,subject_specific,documented_152
9,2,sub-09_ses-02_row-0483,3,93,1,svm,16,42,2,5,subject_specific,documented_152
9,2,sub-09_ses-02_row-0515,3,99,0,svm,16,42,2,5,subject_specific,documented_152
9,2,sub-09_ses-02_row-0530,1,102,0,svm,16,42,2,5,subject_specific,documented_152
9,2,sub-09_ses-02_row-0535,1,103,0,svm,16,42,2,5,subject_specific,documented_152
9,2,sub-09_ses-02_row-0577,0,111,1,svm,16,42,2,5,subject_specific,documented_152
9,3,sub-09_ses-03_row-0230,2,44,1,svm,16,42,2,5,subject_specific,documented_152
9,3,sub-09_ses-03_row-0287,3,55,1,svm,16,42,2,5,subject_specific,documented_152
9,3,sub-09_ses-03_row-0292,0,56,1,svm,16,42,2,5,subject_specific,documented_152
9,3,sub-09_ses-03_row-0334,2,64,1,svm,16,42,2,5,subject_specific,documented_152
9,3,sub-09_ses-03_row-0364,1,70,0,svm,16,42,2,5,subject_specific,documented_152
9,3,sub-09_ses-03_row-0411,0,79,2,svm,16,42,2,5,subject_specific,documented_152
9,3,sub-09_ses-03_row-0445,2,85,3,svm,16,42,2,5,subject_specific,documented_152
9,3,sub-09_ses-03_row-0450,0,86,0,svm,16,42,2,5,subject_specific,documented_152
9,3,sub-09_ses-03_row-0460,3,88,1,svm,16,42,2,5,subject_specific,documented_152
9,3,sub-09_ses-03_row-0467,3,89,1,svm,16,42,2,5,subject_specific,documented_152
9,3,sub-09_ses-03_row-0492,2,94,1,svm,16,42,2,5,subject_specific,documented_152
9,3,sub-09_ses-03_row-0507,2,97,0,svm,16,42,2,5,subject_specific,documented_152
9,3,sub-09_ses-03_row-0529,2,101,0,svm,16,42,2,5,subject_specific,documented_152
9,3,sub-09_ses-03_row-0549,1,105,3,svm,16,42,2,5,subject_specific,documented_152
9,1,sub-09_ses-01_row-0317,3,61,1,svm,16,42,3,5,subject_specific,documented_152
9,1,sub-09_ses-01_row-0332,3,64,1,svm,16,42,3,5,subject_specific,documented_152
9,1,sub-09_ses-01_row-0339,2,65,1,svm,16,42,3,5,subject_specific,documented_152
9,1,sub-09_ses-01_row-0354,1,68,2,svm,16,42,3,5,subject_specific,documented_152
9,1,sub-09_ses-01_row-0374,0,72,2,svm,16,42,3,5,subject_specific,documented_152
9,1,sub-09_ses-01_row-0379,3,73,3,svm,16,42,3,5,subject_specific,documented_152
9,1,sub-09_ses-01_row-0435,2,83,3,svm,16,42,3,5,subject_specific,documented_152
9,1,sub-09_ses-01_row-0470,1,90,3,svm,16,42,3,5,subject_specific,documented_152
9,1,sub-09_ses-01_row-0534,0,102,1,svm,16,42,3,5,subject_specific,documented_152
9,1,sub-09_ses-01_row-0549,0,105,0,svm,16,42,3,5,subject_specific,documented_152
9,1,sub-09_ses-01_row-0616,0,118,3,svm,16,42,3,5,subject_specific,documented_152
9,2,sub-09_ses-02_row-0225,1,43,3,svm,16,42,3,5,subject_specific,documented_152
9,2,sub-09_ses-02_row-0230,2,44,0,svm,16,42,3,5,subject_specific,documented_152
9,2,sub-09_ses-02_row-0235,3,45,1,svm,16,42,3,5,subject_specific,documented_152
9,2,sub-09_ses-02_row-0250,0,48,0,svm,16,42,3,5,subject_specific,documented_152
9,2,sub-09_ses-02_row-0255,1,49,0,svm,16,42,3,5,subject_specific,documented_152
9,2,sub-09_ses-02_row-0275,1,53,0,svm,16,42,3,5,subject_specific,documented_152
9,2,sub-09_ses-02_row-0297,3,57,0,svm,16,42,3,5,subject_specific,documented_152
9,2,sub-09_ses-02_row-0312,2,60,0,svm,16,42,3,5,subject_specific,documented_152
9,2,sub-09_ses-02_row-0337,3,65,0,svm,16,42,3,5,subject_specific,documented_152
9,2,sub-09_ses-02_row-0364,2,70,1,svm,16,42,3,5,subject_specific,documented_152
9,2,sub-09_ses-02_row-0379,0,73,0,svm,16,42,3,5,subject_specific,documented_152
9,2,sub-09_ses-02_row-0394,2,76,0,svm,16,42,3,5,subject_specific,documented_152
9,2,sub-09_ses-02_row-0423,2,81,3,svm,16,42,3,5,subject_specific,documented_152
9,2,sub-09_ses-02_row-0458,2,88,0,svm,16,42,3,5,subject_specific,documented_152
9,2,sub-09_ses-02_row-0520,1,100,0,svm,16,42,3,5,subject_specific,documented_152
9,2,sub-09_ses-02_row-0525,1,101,2,svm,16,42,3,5,subject_specific,documented_152
9,2,sub-09_ses-02_row-0540,0,104,0,svm,16,42,3,5,subject_specific,documented_152
9,2,sub-09_ses-02_row-0545,3,105,3,svm,16,42,3,5,subject_specific,documented_152
9,2,sub-09_ses-02_row-0550,2,106,1,svm,16,42,3,5,subject_specific,documented_152
9,2,sub-09_ses-02_row-0619,2,119,0,svm,16,42,3,5,subject_specific,documented_152
9,3,sub-09_ses-03_row-0267,3,51,2,svm,16,42,3,5,subject_specific,documented_152
9,3,sub-09_ses-03_row-0277,3,53,3,svm,16,42,3,5,subject_specific,documented_152
9,3,sub-09_ses-03_row-0282,0,54,2,svm,16,42,3,5,subject_specific,documented_152
9,3,sub-09_ses-03_row-0302,2,58,2,svm,16,42,3,5,subject_specific,documented_152
9,3,sub-09_ses-03_row-0322,3,62,1,svm,16,42,3,5,subject_specific,documented_152
9,3,sub-09_ses-03_row-0369,1,71,2,svm,16,42,3,5,subject_specific,documented_152
9,3,sub-09_ses-03_row-0396,0,76,0,svm,16,42,3,5,subject_specific,documented_152
9,3,sub-09_ses-03_row-0420,1,80,3,svm,16,42,3,5,subject_specific,documented_152
9,3,sub-09_ses-03_row-0440,1,84,3,svm,16,42,3,5,subject_specific,documented_152
9,3,sub-09_ses-03_row-0455,3,87,3,svm,16,42,3,5,subject_specific,documented_152
9,3,sub-09_ses-03_row-0477,3,91,0,svm,16,42,3,5,subject_specific,documented_152
9,3,sub-09_ses-03_row-0534,1,102,3,svm,16,42,3,5,subject_specific,documented_152
9,3,sub-09_ses-03_row-0539,0,103,0,svm,16,42,3,5,subject_specific,documented_152
9,3,sub-09_ses-03_row-0544,0,104,2,svm,16,42,3,5,subject_specific,documented_152
9,3,sub-09_ses-03_row-0576,2,110,0,svm,16,42,3,5,subject_specific,documented_152
9,3,sub-09_ses-03_row-0606,1,116,1,svm,16,42,3,5,subject_specific,documented_152
9,3,sub-09_ses-03_row-0616,0,118,0,svm,16,42,3,5,subject_specific,documented_152
9,1,sub-09_ses-01_row-0235,2,45,3,svm,16,42,4,5,subject_specific,documented_152
9,1,sub-09_ses-01_row-0240,3,46,1,svm,16,42,4,5,subject_specific,documented_152
9,1,sub-09_ses-01_row-0245,2,47,1,svm,16,42,4,5,subject_specific,documented_152
9,1,sub-09_ses-01_row-0250,3,48,3,svm,16,42,4,5,subject_specific,documented_152
9,1,sub-09_ses-01_row-0270,1,52,1,svm,16,42,4,5,subject_specific,documented_152
9,1,sub-09_ses-01_row-0302,0,58,1,svm,16,42,4,5,subject_specific,documented_152
9,1,sub-09_ses-01_row-0307,3,59,2,svm,16,42,4,5,subject_specific,documented_152
9,1,sub-09_ses-01_row-0344,1,66,0,svm,16,42,4,5,subject_specific,documented_152
9,1,sub-09_ses-01_row-0364,1,70,1,svm,16,42,4,5,subject_specific,documented_152
9,1,sub-09_ses-01_row-0384,1,74,0,svm,16,42,4,5,subject_specific,documented_152
9,1,sub-09_ses-01_row-0425,2,81,1,svm,16,42,4,5,subject_specific,documented_152
9,1,sub-09_ses-01_row-0450,0,86,1,svm,16,42,4,5,subject_specific,documented_152
9,1,sub-09_ses-01_row-0517,0,99,1,svm,16,42,4,5,subject_specific,documented_152
9,1,sub-09_ses-01_row-0544,1,104,3,svm,16,42,4,5,subject_specific,documented_152
9,1,sub-09_ses-01_row-0596,2,114,3,svm,16,42,4,5,subject_specific,documented_152
9,1,sub-09_ses-01_row-0611,1,117,1,svm,16,42,4,5,subject_specific,documented_152
9,2,sub-09_ses-02_row-0210,2,40,1,svm,16,42,4,5,subject_specific,documented_152
9,2,sub-09_ses-02_row-0260,3,50,0,svm,16,42,4,5,subject_specific,documented_152
9,2,sub-09_ses-02_row-0287,3,55,0,svm,16,42,4,5,subject_specific,documented_152
9,2,sub-09_ses-02_row-0317,3,61,3,svm,16,42,4,5,subject_specific,documented_152
9,2,sub-09_ses-02_row-0384,1,74,0,svm,16,42,4,5,subject_specific,documented_152
9,2,sub-09_ses-02_row-0399,3,77,2,svm,16,42,4,5,subject_specific,documented_152
9,2,sub-09_ses-02_row-0463,0,89,1,svm,16,42,4,5,subject_specific,documented_152
9,2,sub-09_ses-02_row-0478,1,92,1,svm,16,42,4,5,subject_specific,documented_152
9,2,sub-09_ses-02_row-0490,3,94,2,svm,16,42,4,5,subject_specific,documented_152
9,2,sub-09_ses-02_row-0495,0,95,1,svm,16,42,4,5,subject_specific,documented_152
9,2,sub-09_ses-02_row-0567,0,109,1,svm,16,42,4,5,subject_specific,documented_152
9,2,sub-09_ses-02_row-0592,2,114,1,svm,16,42,4,5,subject_specific,documented_152
9,2,sub-09_ses-02_row-0602,2,116,0,svm,16,42,4,5,subject_specific,documented_152
9,2,sub-09_ses-02_row-0614,1,118,1,svm,16,42,4,5,subject_specific,documented_152
9,3,sub-09_ses-03_row-0210,2,40,3,svm,16,42,4,5,subject_specific,documented_152
9,3,sub-09_ses-03_row-0240,2,46,3,svm,16,42,4,5,subject_specific,documented_152
9,3,sub-09_ses-03_row-0245,0,47,3,svm,16,42,4,5,subject_specific,documented_152
9,3,sub-09_ses-03_row-0255,2,49,3,svm,16,42,4,5,subject_specific,documented_152
9,3,sub-09_ses-03_row-0329,1,63,2,svm,16,42,4,5,subject_specific,documented_152
9,3,sub-09_ses-03_row-0339,0,65,1,svm,16,42,4,5,subject_specific,documented_152
9,3,sub-09_ses-03_row-0359,0,69,1,svm,16,42,4,5,subject_specific,documented_152
9,3,sub-09_ses-03_row-0376,3,72,1,svm,16,42,4,5,subject_specific,documented_152
9,3,sub-09_ses-03_row-0406,0,78,2,svm,16,42,4,5,subject_specific,documented_152
9,3,sub-09_ses-03_row-0425,3,81,3,svm,16,42,4,5,subject_specific,documented_152
9,3,sub-09_ses-03_row-0430,1,82,1,svm,16,42,4,5,subject_specific,documented_152
9,3,sub-09_ses-03_row-0482,0,92,0,svm,16,42,4,5,subject_specific,documented_152
9,3,sub-09_ses-03_row-0487,3,93,1,svm,16,42,4,5,subject_specific,documented_152
9,3,sub-09_ses-03_row-0524,2,100,1,svm,16,42,4,5,subject_specific,documented_152
9,3,sub-09_ses-03_row-0571,3,109,2,svm,16,42,4,5,subject_specific,documented_152
9,3,sub-09_ses-03_row-0581,1,111,0,svm,16,42,4,5,subject_specific,documented_152
9,3,sub-09_ses-03_row-0596,2,114,0,svm,16,42,4,5,subject_specific,documented_152
9,3,sub-09_ses-03_row-0623,0,119,1,svm,16,42,4,5,subject_specific,documented_152
9,1,sub-09_ses-01_row-0230,0,44,1,svm,16,42,5,5,subject_specific,documented_152
9,1,sub-09_ses-01_row-0265,0,51,1,svm,16,42,5,5,subject_specific,documented_152
9,1,sub-09_ses-01_row-0275,3,53,1,svm,16,42,5,5,subject_specific,documented_152
9,1,sub-09_ses-01_row-0287,2,55,1,svm,16,42,5,5,subject_specific,documented_152
9,1,sub-09_ses-01_row-0292,0,56,3,svm,16,42,5,5,subject_specific,documented_152
9,1,sub-09_ses-01_row-0312,1,60,1,svm,16,42,5,5,subject_specific,documented_152
9,1,sub-09_ses-01_row-0322,0,62,1,svm,16,42,5,5,subject_specific,documented_152
9,1,sub-09_ses-01_row-0359,2,69,3,svm,16,42,5,5,subject_specific,documented_152
9,1,sub-09_ses-01_row-0406,2,78,2,svm,16,42,5,5,subject_specific,documented_152
9,1,sub-09_ses-01_row-0411,3,79,0,svm,16,42,5,5,subject_specific,documented_152
9,1,sub-09_ses-01_row-0430,2,82,3,svm,16,42,5,5,subject_specific,documented_152
9,1,sub-09_ses-01_row-0445,3,85,3,svm,16,42,5,5,subject_specific,documented_152
9,1,sub-09_ses-01_row-0477,0,91,3,svm,16,42,5,5,subject_specific,documented_152
9,1,sub-09_ses-01_row-0482,2,92,3,svm,16,42,5,5,subject_specific,documented_152
9,1,sub-09_ses-01_row-0487,0,93,3,svm,16,42,5,5,subject_specific,documented_152
9,1,sub-09_ses-01_row-0502,1,96,3,svm,16,42,5,5,subject_specific,documented_152
9,1,sub-09_ses-01_row-0522,3,100,1,svm,16,42,5,5,subject_specific,documented_152
9,1,sub-09_ses-01_row-0559,1,107,1,svm,16,42,5,5,subject_specific,documented_152
9,1,sub-09_ses-01_row-0569,3,109,0,svm,16,42,5,5,subject_specific,documented_152
9,1,sub-09_ses-01_row-0574,0,110,0,svm,16,42,5,5,subject_specific,documented_152
9,1,sub-09_ses-01_row-0584,3,112,1,svm,16,42,5,5,subject_specific,documented_152
9,1,sub-09_ses-01_row-0601,1,115,1,svm,16,42,5,5,subject_specific,documented_152
9,2,sub-09_ses-02_row-0240,1,46,1,svm,16,42,5,5,subject_specific,documented_152
9,2,sub-09_ses-02_row-0245,2,47,0,svm,16,42,5,5,subject_specific,documented_152
9,2,sub-09_ses-02_row-0302,1,58,0,svm,16,42,5,5,subject_specific,documented_152
9,2,sub-09_ses-02_row-0307,0,59,1,svm,16,42,5,5,subject_specific,documented_152
9,2,sub-09_ses-02_row-0327,2,63,2,svm,16,42,5,5,subject_specific,documented_152
9,2,sub-09_ses-02_row-0374,0,72,0,svm,16,42,5,5,subject_specific,documented_152
9,2,sub-09_ses-02_row-0404,3,78,2,svm,16,42,5,5,subject_specific,documented_152
9,2,sub-09_ses-02_row-0433,0,83,1,svm,16,42,5,5,subject_specific,documented_152
9,2,sub-09_ses-02_row-0468,1,90,2,svm,16,42,5,5,subject_specific,documented_152
9,2,sub-09_ses-02_row-0500,2,96,0,svm,16,42,5,5,subject_specific,documented_152
9,2,sub-09_ses-02_row-0510,3,98,0,svm,16,42,5,5,subject_specific,documented_152
9,2,sub-09_ses-02_row-0562,3,108,3,svm,16,42,5,5,subject_specific,documented_152
9,2,sub-09_ses-02_row-0582,2,112,0,svm,16,42,5,5,subject_specific,documented_152
9,2,sub-09_ses-02_row-0587,0,113,2,svm,16,42,5,5,subject_specific,documented_152
9,2,sub-09_ses-02_row-0597,3,115,2,svm,16,42,5,5,subject_specific,documented_152
9,2,sub-09_ses-02_row-0607,1,117,1,svm,16,42,5,5,subject_specific,documented_152
9,3,sub-09_ses-03_row-0260,1,50,1,svm,16,42,5,5,subject_specific,documented_152
9,3,sub-09_ses-03_row-0272,0,52,2,svm,16,42,5,5,subject_specific,documented_152
9,3,sub-09_ses-03_row-0312,1,60,0,svm,16,42,5,5,subject_specific,documented_152
9,3,sub-09_ses-03_row-0344,3,66,1,svm,16,42,5,5,subject_specific,documented_152
9,3,sub-09_ses-03_row-0349,2,67,0,svm,16,42,5,5,subject_specific,documented_152
9,3,sub-09_ses-03_row-0435,3,83,3,svm,16,42,5,5,subject_specific,documented_152
9,3,sub-09_ses-03_row-0472,1,90,0,svm,16,42,5,5,subject_specific,documented_152
9,3,sub-09_ses-03_row-0502,2,96,2,svm,16,42,5,5,subject_specific,documented_152
9,3,sub-09_ses-03_row-0566,1,108,0,svm,16,42,5,5,subject_specific,documented_152
9,3,sub-09_ses-03_row-0586,2,112,0,svm,16,42,5,5,subject_specific,documented_152
10,1,sub-10_ses-01_row-0210,3,40,0,svm,128,42,1,5,subject_specific,documented_152
10,1,sub-10_ses-01_row-0235,3,45,3,svm,128,42,1,5,subject_specific,documented_152
10,1,sub-10_ses-01_row-0312,2,60,2,svm,128,42,1,5,subject_specific,documented_152
10,1,sub-10_ses-01_row-0369,1,71,0,svm,128,42,1,5,subject_specific,documented_152
10,1,sub-10_ses-01_row-0379,1,73,2,svm,128,42,1,5,subject_specific,documented_152
10,1,sub-10_ses-01_row-0420,0,80,1,svm,128,42,1,5,subject_specific,documented_152
10,1,sub-10_ses-01_row-0460,2,88,1,svm,128,42,1,5,subject_specific,documented_152
10,1,sub-10_ses-01_row-0470,2,90,0,svm,128,42,1,5,subject_specific,documented_152
10,1,sub-10_ses-01_row-0497,0,95,1,svm,128,42,1,5,subject_specific,documented_152
10,1,sub-10_ses-01_row-0502,3,96,2,svm,128,42,1,5,subject_specific,documented_152
10,1,sub-10_ses-01_row-0542,1,104,3,svm,128,42,1,5,subject_specific,documented_152
10,1,sub-10_ses-01_row-0559,2,107,1,svm,128,42,1,5,subject_specific,documented_152
10,1,sub-10_ses-01_row-0569,3,109,3,svm,128,42,1,5,subject_specific,documented_152
10,1,sub-10_ses-01_row-0574,3,110,2,svm,128,42,1,5,subject_specific,documented_152
10,1,sub-10_ses-01_row-0614,2,118,1,svm,128,42,1,5,subject_specific,documented_152
10,1,sub-10_ses-01_row-0621,3,119,2,svm,128,42,1,5,subject_specific,documented_152
10,2,sub-10_ses-02_row-0250,2,48,1,svm,128,42,1,5,subject_specific,documented_152
10,2,sub-10_ses-02_row-0255,1,49,3,svm,128,42,1,5,subject_specific,documented_152
10,2,sub-10_ses-02_row-0344,0,66,0,svm,128,42,1,5,subject_specific,documented_152
10,2,sub-10_ses-02_row-0359,3,69,2,svm,128,42,1,5,subject_specific,documented_152
10,2,sub-10_ses-02_row-0386,1,74,1,svm,128,42,1,5,subject_specific,documented_152
10,2,sub-10_ses-02_row-0391,0,75,2,svm,128,42,1,5,subject_specific,documented_152
10,2,sub-10_ses-02_row-0460,0,88,1,svm,128,42,1,5,subject_specific,documented_152
10,2,sub-10_ses-02_row-0492,3,94,2,svm,128,42,1,5,subject_specific,documented_152
10,2,sub-10_ses-02_row-0497,0,95,3,svm,128,42,1,5,subject_specific,documented_152
10,2,sub-10_ses-02_row-0517,1,99,3,svm,128,42,1,5,subject_specific,documented_152
10,2,sub-10_ses-02_row-0554,1,106,1,svm,128,42,1,5,subject_specific,documented_152
10,3,sub-10_ses-03_row-0210,0,40,1,svm,128,42,1,5,subject_specific,documented_152
10,3,sub-10_ses-03_row-0220,2,42,1,svm,128,42,1,5,subject_specific,documented_152
10,3,sub-10_ses-03_row-0230,1,44,1,svm,128,42,1,5,subject_specific,documented_152
10,3,sub-10_ses-03_row-0245,3,47,0,svm,128,42,1,5,subject_specific,documented_152
10,3,sub-10_ses-03_row-0260,0,50,1,svm,128,42,1,5,subject_specific,documented_152
10,3,sub-10_ses-03_row-0287,3,55,3,svm,128,42,1,5,subject_specific,documented_152
10,3,sub-10_ses-03_row-0317,0,61,3,svm,128,42,1,5,subject_specific,documented_152
10,3,sub-10_ses-03_row-0354,0,68,3,svm,128,42,1,5,subject_specific,documented_152
10,3,sub-10_ses-03_row-0384,3,74,3,svm,128,42,1,5,subject_specific,documented_152
10,3,sub-10_ses-03_row-0391,2,75,0,svm,128,42,1,5,subject_specific,documented_152
10,3,sub-10_ses-03_row-0401,2,77,3,svm,128,42,1,5,subject_specific,documented_152
10,3,sub-10_ses-03_row-0406,2,78,3,svm,128,42,1,5,subject_specific,documented_152
10,3,sub-10_ses-03_row-0411,0,79,3,svm,128,42,1,5,subject_specific,documented_152
10,3,sub-10_ses-03_row-0465,1,89,3,svm,128,42,1,5,subject_specific,documented_152
10,3,sub-10_ses-03_row-0502,0,96,0,svm,128,42,1,5,subject_specific,documented_152
10,3,sub-10_ses-03_row-0507,1,97,2,svm,128,42,1,5,subject_specific,documented_152
10,3,sub-10_ses-03_row-0532,3,102,3,svm,128,42,1,5,subject_specific,documented_152
10,3,sub-10_ses-03_row-0537,1,103,2,svm,128,42,1,5,subject_specific,documented_152
10,3,sub-10_ses-03_row-0579,1,111,1,svm,128,42,1,5,subject_specific,documented_152
10,3,sub-10_ses-03_row-0584,2,112,1,svm,128,42,1,5,subject_specific,documented_152
10,3,sub-10_ses-03_row-0614,2,118,1,svm,128,42,1,5,subject_specific,documented_152
10,1,sub-10_ses-01_row-0215,2,41,3,svm,128,42,2,5,subject_specific,documented_152
10,1,sub-10_ses-01_row-0220,1,42,2,svm,128,42,2,5,subject_specific,documented_152
10,1,sub-10_ses-01_row-0225,0,43,3,svm,128,42,2,5,subject_specific,documented_152
10,1,sub-10_ses-01_row-0260,3,50,3,svm,128,42,2,5,subject_specific,documented_152
10,1,sub-10_ses-01_row-0265,0,51,1,svm,128,42,2,5,subject_specific,documented_152
10,1,sub-10_ses-01_row-0307,0,59,0,svm,128,42,2,5,subject_specific,documented_152
10,1,sub-10_ses-01_row-0344,3,66,3,svm,128,42,2,5,subject_specific,documented_152
10,1,sub-10_ses-01_row-0349,1,67,1,svm,128,42,2,5,subject_specific,documented_152
10,1,sub-10_ses-01_row-0354,0,68,1,svm,128,42,2,5,subject_specific,documented_152
10,1,sub-10_ses-01_row-0475,1,91,3,svm,128,42,2,5,subject_specific,documented_152
10,1,sub-10_ses-01_row-0487,2,93,2,svm,128,42,2,5,subject_specific,documented_152
10,1,sub-10_ses-01_row-0532,0,102,1,svm,128,42,2,5,subject_specific,documented_152
10,1,sub-10_ses-01_row-0537,0,103,1,svm,128,42,2,5,subject_specific,documented_152
10,1,sub-10_ses-01_row-0554,3,106,0,svm,128,42,2,5,subject_specific,documented_152
10,1,sub-10_ses-01_row-0564,2,108,3,svm,128,42,2,5,subject_specific,documented_152
10,2,sub-10_ses-02_row-0210,0,40,1,svm,128,42,2,5,subject_specific,documented_152
10,2,sub-10_ses-02_row-0225,3,43,3,svm,128,42,2,5,subject_specific,documented_152
10,2,sub-10_ses-02_row-0292,1,56,3,svm,128,42,2,5,subject_specific,documented_152
10,2,sub-10_ses-02_row-0302,1,58,3,svm,128,42,2,5,subject_specific,documented_152
10,2,sub-10_ses-02_row-0307,2,59,3,svm,128,42,2,5,subject_specific,documented_152
10,2,sub-10_ses-02_row-0322,1,62,2,svm,128,42,2,5,subject_specific,documented_152
10,2,sub-10_ses-02_row-0349,3,67,2,svm,128,42,2,5,subject_specific,documented_152
10,2,sub-10_ses-02_row-0364,0,70,1,svm,128,42,2,5,subject_specific,documented_152
10,2,sub-10_ses-02_row-0374,1,72,1,svm,128,42,2,5,subject_specific,documented_152
10,2,sub-10_ses-02_row-0420,2,80,0,svm,128,42,2,5,subject_specific,documented_152
10,2,sub-10_ses-02_row-0430,2,82,1,svm,128,42,2,5,subject_specific,documented_152
10,2,sub-10_ses-02_row-0435,1,83,1,svm,128,42,2,5,subject_specific,documented_152
10,2,sub-10_ses-02_row-0440,2,84,1,svm,128,42,2,5,subject_specific,documented_152
10,2,sub-10_ses-02_row-0450,2,86,3,svm,128,42,2,5,subject_specific,documented_152
10,2,sub-10_ses-02_row-0455,3,87,3,svm,128,42,2,5,subject_specific,documented_152
10,2,sub-10_ses-02_row-0537,2,103,3,svm,128,42,2,5,subject_specific,documented_152
10,2,sub-10_ses-02_row-0559,1,107,2,svm,128,42,2,5,subject_specific,documented_152
10,2,sub-10_ses-02_row-0564,0,108,3,svm,128,42,2,5,subject_specific,documented_152
10,2,sub-10_ses-02_row-0569,0,109,3,svm,128,42,2,5,subject_specific,documented_152
10,3,sub-10_ses-03_row-0250,3,48,0,svm,128,42,2,5,subject_specific,documented_152
10,3,sub-10_ses-03_row-0277,1,53,1,svm,128,42,2,5,subject_specific,documented_152
10,3,sub-10_ses-03_row-0297,2,57,2,svm,128,42,2,5,subject_specific,documented_152
10,3,sub-10_ses-03_row-0344,3,66,2,svm,128,42,2,5,subject_specific,documented_152
10,3,sub-10_ses-03_row-0364,0,70,3,svm,128,42,2,5,subject_specific,documented_152
10,3,sub-10_ses-03_row-0396,1,76,2,svm,128,42,2,5,subject_specific,documented_152
10,3,sub-10_ses-03_row-0420,1,80,1,svm,128,42,2,5,subject_specific,documented_152
10,3,sub-10_ses-03_row-0425,3,81,2,svm,128,42,2,5,subject_specific,documented_152
10,3,sub-10_ses-03_row-0455,3,87,3,svm,128,42,2,5,subject_specific,documented_152
10,3,sub-10_ses-03_row-0485,2,93,3,svm,128,42,2,5,subject_specific,documented_152
10,3,sub-10_ses-03_row-0492,2,94,0,svm,128,42,2,5,subject_specific,documented_152
10,3,sub-10_ses-03_row-0527,3,101,0,svm,128,42,2,5,subject_specific,documented_152
10,3,sub-10_ses-03_row-0547,0,105,2,svm,128,42,2,5,subject_specific,documented_152
10,3,sub-10_ses-03_row-0557,3,107,0,svm,128,42,2,5,subject_specific,documented_152
10,1,sub-10_ses-01_row-0302,3,58,1,svm,128,42,3,5,subject_specific,documented_152
10,1,sub-10_ses-01_row-0359,0,69,2,svm,128,42,3,5,subject_specific,documented_152
10,1,sub-10_ses-01_row-0364,1,70,3,svm,128,42,3,5,subject_specific,documented_152
10,1,sub-10_ses-01_row-0389,2,75,3,svm,128,42,3,5,subject_specific,documented_152
10,1,sub-10_ses-01_row-0394,2,76,3,svm,128,42,3,5,subject_specific,documented_152
10,1,sub-10_ses-01_row-0401,2,77,0,svm,128,42,3,5,subject_specific,documented_152
10,1,sub-10_ses-01_row-0455,0,87,3,svm,128,42,3,5,subject_specific,documented_152
10,1,sub-10_ses-01_row-0492,3,94,3,svm,128,42,3,5,subject_specific,documented_152
10,1,sub-10_ses-01_row-0507,1,97,3,svm,128,42,3,5,subject_specific,documented_152
10,1,sub-10_ses-01_row-0589,1,113,3,svm,128,42,3,5,subject_specific,documented_152
10,1,sub-10_ses-01_row-0604,1,116,3,svm,128,42,3,5,subject_specific,documented_152
10,2,sub-10_ses-02_row-0215,2,41,1,svm,128,42,3,5,subject_specific,documented_152
10,2,sub-10_ses-02_row-0230,1,44,1,svm,128,42,3,5,subject_specific,documented_152
10,2,sub-10_ses-02_row-0235,3,45,3,svm,128,42,3,5,subject_specific,documented_152
10,2,sub-10_ses-02_row-0240,0,46,3,svm,128,42,3,5,subject_specific,documented_152
10,2,sub-10_ses-02_row-0267,2,51,1,svm,128,42,3,5,subject_specific,documented_152
10,2,sub-10_ses-02_row-0287,3,55,1,svm,128,42,3,5,subject_specific,documented_152
10,2,sub-10_ses-02_row-0297,0,57,1,svm,128,42,3,5,subject_specific,documented_152
10,2,sub-10_ses-02_row-0312,0,60,2,svm,128,42,3,5,subject_specific,documented_152
10,2,sub-10_ses-02_row-0339,2,65,2,svm,128,42,3,5,subject_specific,documented_152
10,2,sub-10_ses-02_row-0354,3,68,2,svm,128,42,3,5,subject_specific,documented_152
10,2,sub-10_ses-02_row-0406,3,78,1,svm,128,42,3,5,subject_specific,documented_152
10,2,sub-10_ses-02_row-0411,1,79,1,svm,128,42,3,5,subject_specific,documented_152
10,2,sub-10_ses-02_row-0425,3,81,3,svm,128,42,3,5,subject_specific,documented_152
10,2,sub-10_ses-02_row-0475,3,91,2,svm,128,42,3,5,subject_specific,documented_152
10,2,sub-10_ses-02_row-0502,1,96,2,svm,128,42,3,5,subject_specific,documented_152
10,2,sub-10_ses-02_row-0527,0,101,2,svm,128,42,3,5,subject_specific,documented_152
10,2,sub-10_ses-02_row-0532,3,102,2,svm,128,42,3,5,subject_specific,documented_152
10,2,sub-10_ses-02_row-0549,0,105,2,svm,128,42,3,5,subject_specific,documented_152
10,2,sub-10_ses-02_row-0589,2,113,0,svm,128,42,3,5,subject_specific,documented_152
10,2,sub-10_ses-02_row-0621,3,119,2,svm,128,42,3,5,subject_specific,documented_152
10,3,sub-10_ses-03_row-0240,2,46,1,svm,128,42,3,5,subject_specific,documented_152
10,3,sub-10_ses-03_row-0265,1,51,0,svm,128,42,3,5,subject_specific,documented_152
10,3,sub-10_ses-03_row-0270,2,52,3,svm,128,42,3,5,subject_specific,documented_152
10,3,sub-10_ses-03_row-0307,2,59,1,svm,128,42,3,5,subject_specific,documented_152
10,3,sub-10_ses-03_row-0322,1,62,3,svm,128,42,3,5,subject_specific,documented_152
10,3,sub-10_ses-03_row-0327,3,63,1,svm,128,42,3,5,subject_specific,documented_152
10,3,sub-10_ses-03_row-0369,0,71,0,svm,128,42,3,5,subject_specific,documented_152
10,3,sub-10_ses-03_row-0440,1,84,1,svm,128,42,3,5,subject_specific,documented_152
10,3,sub-10_ses-03_row-0445,0,85,0,svm,128,42,3,5,subject_specific,documented_152
10,3,sub-10_ses-03_row-0460,1,88,3,svm,128,42,3,5,subject_specific,documented_152
10,3,sub-10_ses-03_row-0475,2,91,3,svm,128,42,3,5,subject_specific,documented_152
10,3,sub-10_ses-03_row-0480,0,92,0,svm,128,42,3,5,subject_specific,documented_152
10,3,sub-10_ses-03_row-0512,0,98,3,svm,128,42,3,5,subject_specific,documented_152
10,3,sub-10_ses-03_row-0517,2,99,3,svm,128,42,3,5,subject_specific,documented_152
10,3,sub-10_ses-03_row-0564,3,108,0,svm,128,42,3,5,subject_specific,documented_152
10,3,sub-10_ses-03_row-0589,1,113,0,svm,128,42,3,5,subject_specific,documented_152
10,3,sub-10_ses-03_row-0604,0,116,1,svm,128,42,3,5,subject_specific,documented_152
10,1,sub-10_ses-01_row-0230,0,44,3,svm,128,42,4,5,subject_specific,documented_152
10,1,sub-10_ses-01_row-0245,3,47,2,svm,128,42,4,5,subject_specific,documented_152
10,1,sub-10_ses-01_row-0250,3,48,1,svm,128,42,4,5,subject_specific,documented_152
10,1,sub-10_ses-01_row-0255,2,49,3,svm,128,42,4,5,subject_specific,documented_152
10,1,sub-10_ses-01_row-0292,2,56,2,svm,128,42,4,5,subject_specific,documented_152
10,1,sub-10_ses-01_row-0317,0,61,1,svm,128,42,4,5,subject_specific,documented_152
10,1,sub-10_ses-01_row-0322,1,62,1,svm,128,42,4,5,subject_specific,documented_152
10,1,sub-10_ses-01_row-0327,2,63,1,svm,128,42,4,5,subject_specific,documented_152
10,1,sub-10_ses-01_row-0384,0,74,3,svm,128,42,4,5,subject_specific,documented_152
10,1,sub-10_ses-01_row-0411,0,79,3,svm,128,42,4,5,subject_specific,documented_152
10,1,sub-10_ses-01_row-0425,1,81,2,svm,128,42,4,5,subject_specific,documented_152
10,1,sub-10_ses-01_row-0445,3,85,2,svm,128,42,4,5,subject_specific,documented_152
10,1,sub-10_ses-01_row-0482,1,92,2,svm,128,42,4,5,subject_specific,documented_152
10,1,sub-10_ses-01_row-0512,0,98,2,svm,128,42,4,5,subject_specific,documented_152
10,1,sub-10_ses-01_row-0584,3,112,1,svm,128,42,4,5,subject_specific,documented_152
10,1,sub-10_ses-01_row-0609,0,117,3,svm,128,42,4,5,subject_specific,documented_152
10,2,sub-10_ses-02_row-0220,3,42,3,svm,128,42,4,5,subject_specific,documented_152
10,2,sub-10_ses-02_row-0245,2,47,3,svm,128,42,4,5,subject_specific,documented_152
10,2,sub-10_ses-02_row-0260,2,50,3,svm,128,42,4,5,subject_specific,documented_152
10,2,sub-10_ses-02_row-0277,2,53,3,svm,128,42,4,5,subject_specific,documented_152
10,2,sub-10_ses-02_row-0369,0,71,3,svm,128,42,4,5,subject_specific,documented_152
10,2,sub-10_ses-02_row-0381,2,73,3,svm,128,42,4,5,subject_specific,documented_152
10,2,sub-10_ses-02_row-0470,1,90,1,svm,128,42,4,5,subject_specific,documented_152
10,2,sub-10_ses-02_row-0485,1,93,3,svm,128,42,4,5,subject_specific,documented_152
10,2,sub-10_ses-02_row-0507,2,97,1,svm,128,42,4,5,subject_specific,documented_152
10,2,sub-10_ses-02_row-0522,0,100,1,svm,128,42,4,5,subject_specific,documented_152
10,2,sub-10_ses-02_row-0544,1,104,1,svm,128,42,4,5,subject_specific,documented_152
10,2,sub-10_ses-02_row-0584,3,112,2,svm,128,42,4,5,subject_specific,documented_152
10,2,sub-10_ses-02_row-0594,0,114,1,svm,128,42,4,5,subject_specific,documented_152
10,2,sub-10_ses-02_row-0614,3,118,1,svm,128,42,4,5,subject_specific,documented_152
10,3,sub-10_ses-03_row-0225,1,43,0,svm,128,42,4,5,subject_specific,documented_152
10,3,sub-10_ses-03_row-0235,3,45,0,svm,128,42,4,5,subject_specific,documented_152
10,3,sub-10_ses-03_row-0282,1,54,0,svm,128,42,4,5,subject_specific,documented_152
10,3,sub-10_ses-03_row-0292,3,56,2,svm,128,42,4,5,subject_specific,documented_152
10,3,sub-10_ses-03_row-0302,1,58,2,svm,128,42,4,5,subject_specific,documented_152
10,3,sub-10_ses-03_row-0312,3,60,2,svm,128,42,4,5,subject_specific,documented_152
10,3,sub-10_ses-03_row-0332,1,64,1,svm,128,42,4,5,subject_specific,documented_152
10,3,sub-10_ses-03_row-0359,0,69,2,svm,128,42,4,5,subject_specific,documented_152
10,3,sub-10_ses-03_row-0379,2,73,1,svm,128,42,4,5,subject_specific,documented_152
10,3,sub-10_ses-03_row-0430,1,82,1,svm,128,42,4,5,subject_specific,documented_152
10,3,sub-10_ses-03_row-0435,2,83,1,svm,128,42,4,5,subject_specific,documented_152
10,3,sub-10_ses-03_row-0450,0,86,1,svm,128,42,4,5,subject_specific,documented_152
10,3,sub-10_ses-03_row-0542,2,104,3,svm,128,42,4,5,subject_specific,documented_152
10,3,sub-10_ses-03_row-0552,3,106,3,svm,128,42,4,5,subject_specific,documented_152
10,3,sub-10_ses-03_row-0594,3,114,2,svm,128,42,4,5,subject_specific,documented_152
10,3,sub-10_ses-03_row-0599,0,115,0,svm,128,42,4,5,subject_specific,documented_152
10,3,sub-10_ses-03_row-0609,2,117,3,svm,128,42,4,5,subject_specific,documented_152
10,3,sub-10_ses-03_row-0619,1,119,2,svm,128,42,4,5,subject_specific,documented_152
10,1,sub-10_ses-01_row-0240,1,46,0,svm,128,42,5,5,subject_specific,documented_152
10,1,sub-10_ses-01_row-0270,1,52,0,svm,128,42,5,5,subject_specific,documented_152
10,1,sub-10_ses-01_row-0277,1,53,0,svm,128,42,5,5,subject_specific,documented_152
10,1,sub-10_ses-01_row-0282,0,54,0,svm,128,42,5,5,subject_specific,documented_152
10,1,sub-10_ses-01_row-0287,3,55,3,svm,128,42,5,5,subject_specific,documented_152
10,1,sub-10_ses-01_row-0297,2,57,2,svm,128,42,5,5,subject_specific,documented_152
10,1,sub-10_ses-01_row-0334,3,64,3,svm,128,42,5,5,subject_specific,documented_152
10,1,sub-10_ses-01_row-0339,1,65,3,svm,128,42,5,5,subject_specific,documented_152
10,1,sub-10_ses-01_row-0374,3,72,3,svm,128,42,5,5,subject_specific,documented_152
10,1,sub-10_ses-01_row-0406,2,78,3,svm,128,42,5,5,subject_specific,documented_152
10,1,sub-10_ses-01_row-0430,1,82,3,svm,128,42,5,5,subject_specific,documented_152
10,1,sub-10_ses-01_row-0435,2,83,2,svm,128,42,5,5,subject_specific,documented_152
10,1,sub-10_ses-01_row-0440,1,84,0,svm,128,42,5,5,subject_specific,documented_152
10,1,sub-10_ses-01_row-0450,3,86,2,svm,128,42,5,5,subject_specific,documented_152
10,1,sub-10_ses-01_row-0465,0,89,0,svm,128,42,5,5,subject_specific,documented_152
10,1,sub-10_ses-01_row-0517,2,99,3,svm,128,42,5,5,subject_specific,documented_152
10,1,sub-10_ses-01_row-0522,3,100,1,svm,128,42,5,5,subject_specific,documented_152
10,1,sub-10_ses-01_row-0527,0,101,1,svm,128,42,5,5,subject_specific,documented_152
10,1,sub-10_ses-01_row-0549,0,105,2,svm,128,42,5,5,subject_specific,documented_152
10,1,sub-10_ses-01_row-0579,2,111,3,svm,128,42,5,5,subject_specific,documented_152
10,1,sub-10_ses-01_row-0594,1,114,2,svm,128,42,5,5,subject_specific,documented_152
10,1,sub-10_ses-01_row-0599,2,115,2,svm,128,42,5,5,subject_specific,documented_152
10,2,sub-10_ses-02_row-0272,3,52,2,svm,128,42,5,5,subject_specific,documented_152
10,2,sub-10_ses-02_row-0282,0,54,3,svm,128,42,5,5,subject_specific,documented_152
10,2,sub-10_ses-02_row-0317,1,61,1,svm,128,42,5,5,subject_specific,documented_152
10,2,sub-10_ses-02_row-0329,3,63,2,svm,128,42,5,5,subject_specific,documented_152
10,2,sub-10_ses-02_row-0334,0,64,2,svm,128,42,5,5,subject_specific,documented_152
10,2,sub-10_ses-02_row-0396,2,76,0,svm,128,42,5,5,subject_specific,documented_152
10,2,sub-10_ses-02_row-0401,1,77,2,svm,128,42,5,5,subject_specific,documented_152
10,2,sub-10_ses-02_row-0445,1,85,1,svm,128,42,5,5,subject_specific,documented_152
10,2,sub-10_ses-02_row-0465,0,89,3,svm,128,42,5,5,subject_specific,documented_152
10,2,sub-10_ses-02_row-0480,3,92,2,svm,128,42,5,5,subject_specific,documented_152
10,2,sub-10_ses-02_row-0512,2,98,3,svm,128,42,5,5,subject_specific,documented_152
10,2,sub-10_ses-02_row-0574,3,110,2,svm,128,42,5,5,subject_specific,documented_152
10,2,sub-10_ses-02_row-0579,0,111,3,svm,128,42,5,5,subject_specific,documented_152
10,2,sub-10_ses-02_row-0599,1,115,3,svm,128,42,5,5,subject_specific,documented_152
10,2,sub-10_ses-02_row-0604,2,116,3,svm,128,42,5,5,subject_specific,documented_152
10,2,sub-10_ses-02_row-0609,2,117,0,svm,128,42,5,5,subject_specific,documented_152
10,3,sub-10_ses-03_row-0215,0,41,0,svm,128,42,5,5,subject_specific,documented_152
10,3,sub-10_ses-03_row-0255,1,49,2,svm,128,42,5,5,subject_specific,documented_152
10,3,sub-10_ses-03_row-0339,0,65,3,svm,128,42,5,5,subject_specific,documented_152
10,3,sub-10_ses-03_row-0349,3,67,3,svm,128,42,5,5,subject_specific,documented_152
10,3,sub-10_ses-03_row-0374,2,72,3,svm,128,42,5,5,subject_specific,documented_152
10,3,sub-10_ses-03_row-0470,2,90,0,svm,128,42,5,5,subject_specific,documented_152
10,3,sub-10_ses-03_row-0497,0,95,1,svm,128,42,5,5,subject_specific,documented_152
10,3,sub-10_ses-03_row-0522,3,100,3,svm,128,42,5,5,subject_specific,documented_152
10,3,sub-10_ses-03_row-0569,0,109,0,svm,128,42,5,5,subject_specific,documented_152
10,3,sub-10_ses-03_row-0574,3,110,3,svm,128,42,5,5,subject_specific,documented_152
10,1,sub-10_ses-01_row-0210,3,40,0,svm,64,42,1,5,subject_specific,documented_152
10,1,sub-10_ses-01_row-0235,3,45,3,svm,64,42,1,5,subject_specific,documented_152
10,1,sub-10_ses-01_row-0312,2,60,2,svm,64,42,1,5,subject_specific,documented_152
10,1,sub-10_ses-01_row-0369,1,71,0,svm,64,42,1,5,subject_specific,documented_152
10,1,sub-10_ses-01_row-0379,1,73,2,svm,64,42,1,5,subject_specific,documented_152
10,1,sub-10_ses-01_row-0420,0,80,1,svm,64,42,1,5,subject_specific,documented_152
10,1,sub-10_ses-01_row-0460,2,88,1,svm,64,42,1,5,subject_specific,documented_152
10,1,sub-10_ses-01_row-0470,2,90,1,svm,64,42,1,5,subject_specific,documented_152
10,1,sub-10_ses-01_row-0497,0,95,1,svm,64,42,1,5,subject_specific,documented_152
10,1,sub-10_ses-01_row-0502,3,96,2,svm,64,42,1,5,subject_specific,documented_152
10,1,sub-10_ses-01_row-0542,1,104,3,svm,64,42,1,5,subject_specific,documented_152
10,1,sub-10_ses-01_row-0559,2,107,1,svm,64,42,1,5,subject_specific,documented_152
10,1,sub-10_ses-01_row-0569,3,109,3,svm,64,42,1,5,subject_specific,documented_152
10,1,sub-10_ses-01_row-0574,3,110,2,svm,64,42,1,5,subject_specific,documented_152
10,1,sub-10_ses-01_row-0614,2,118,3,svm,64,42,1,5,subject_specific,documented_152
10,1,sub-10_ses-01_row-0621,3,119,2,svm,64,42,1,5,subject_specific,documented_152
10,2,sub-10_ses-02_row-0250,2,48,1,svm,64,42,1,5,subject_specific,documented_152
10,2,sub-10_ses-02_row-0255,1,49,3,svm,64,42,1,5,subject_specific,documented_152
10,2,sub-10_ses-02_row-0344,0,66,0,svm,64,42,1,5,subject_specific,documented_152
10,2,sub-10_ses-02_row-0359,3,69,3,svm,64,42,1,5,subject_specific,documented_152
10,2,sub-10_ses-02_row-0386,1,74,1,svm,64,42,1,5,subject_specific,documented_152
10,2,sub-10_ses-02_row-0391,0,75,2,svm,64,42,1,5,subject_specific,documented_152
10,2,sub-10_ses-02_row-0460,0,88,1,svm,64,42,1,5,subject_specific,documented_152
10,2,sub-10_ses-02_row-0492,3,94,2,svm,64,42,1,5,subject_specific,documented_152
10,2,sub-10_ses-02_row-0497,0,95,3,svm,64,42,1,5,subject_specific,documented_152
10,2,sub-10_ses-02_row-0517,1,99,2,svm,64,42,1,5,subject_specific,documented_152
10,2,sub-10_ses-02_row-0554,1,106,1,svm,64,42,1,5,subject_specific,documented_152
10,3,sub-10_ses-03_row-0210,0,40,1,svm,64,42,1,5,subject_specific,documented_152
10,3,sub-10_ses-03_row-0220,2,42,1,svm,64,42,1,5,subject_specific,documented_152
10,3,sub-10_ses-03_row-0230,1,44,1,svm,64,42,1,5,subject_specific,documented_152
10,3,sub-10_ses-03_row-0245,3,47,3,svm,64,42,1,5,subject_specific,documented_152
10,3,sub-10_ses-03_row-0260,0,50,1,svm,64,42,1,5,subject_specific,documented_152
10,3,sub-10_ses-03_row-0287,3,55,1,svm,64,42,1,5,subject_specific,documented_152
10,3,sub-10_ses-03_row-0317,0,61,3,svm,64,42,1,5,subject_specific,documented_152
10,3,sub-10_ses-03_row-0354,0,68,3,svm,64,42,1,5,subject_specific,documented_152
10,3,sub-10_ses-03_row-0384,3,74,3,svm,64,42,1,5,subject_specific,documented_152
10,3,sub-10_ses-03_row-0391,2,75,0,svm,64,42,1,5,subject_specific,documented_152
10,3,sub-10_ses-03_row-0401,2,77,3,svm,64,42,1,5,subject_specific,documented_152
10,3,sub-10_ses-03_row-0406,2,78,3,svm,64,42,1,5,subject_specific,documented_152
10,3,sub-10_ses-03_row-0411,0,79,3,svm,64,42,1,5,subject_specific,documented_152
10,3,sub-10_ses-03_row-0465,1,89,3,svm,64,42,1,5,subject_specific,documented_152
10,3,sub-10_ses-03_row-0502,0,96,0,svm,64,42,1,5,subject_specific,documented_152
10,3,sub-10_ses-03_row-0507,1,97,3,svm,64,42,1,5,subject_specific,documented_152
10,3,sub-10_ses-03_row-0532,3,102,3,svm,64,42,1,5,subject_specific,documented_152
10,3,sub-10_ses-03_row-0537,1,103,2,svm,64,42,1,5,subject_specific,documented_152
10,3,sub-10_ses-03_row-0579,1,111,0,svm,64,42,1,5,subject_specific,documented_152
10,3,sub-10_ses-03_row-0584,2,112,1,svm,64,42,1,5,subject_specific,documented_152
10,3,sub-10_ses-03_row-0614,2,118,1,svm,64,42,1,5,subject_specific,documented_152
10,1,sub-10_ses-01_row-0215,2,41,2,svm,64,42,2,5,subject_specific,documented_152
10,1,sub-10_ses-01_row-0220,1,42,2,svm,64,42,2,5,subject_specific,documented_152
10,1,sub-10_ses-01_row-0225,0,43,1,svm,64,42,2,5,subject_specific,documented_152
10,1,sub-10_ses-01_row-0260,3,50,3,svm,64,42,2,5,subject_specific,documented_152
10,1,sub-10_ses-01_row-0265,0,51,1,svm,64,42,2,5,subject_specific,documented_152
10,1,sub-10_ses-01_row-0307,0,59,0,svm,64,42,2,5,subject_specific,documented_152
10,1,sub-10_ses-01_row-0344,3,66,3,svm,64,42,2,5,subject_specific,documented_152
10,1,sub-10_ses-01_row-0349,1,67,1,svm,64,42,2,5,subject_specific,documented_152
10,1,sub-10_ses-01_row-0354,0,68,1,svm,64,42,2,5,subject_specific,documented_152
10,1,sub-10_ses-01_row-0475,1,91,3,svm,64,42,2,5,subject_specific,documented_152
10,1,sub-10_ses-01_row-0487,2,93,2,svm,64,42,2,5,subject_specific,documented_152
10,1,sub-10_ses-01_row-0532,0,102,1,svm,64,42,2,5,subject_specific,documented_152
10,1,sub-10_ses-01_row-0537,0,103,3,svm,64,42,2,5,subject_specific,documented_152
10,1,sub-10_ses-01_row-0554,3,106,0,svm,64,42,2,5,subject_specific,documented_152
10,1,sub-10_ses-01_row-0564,2,108,2,svm,64,42,2,5,subject_specific,documented_152
10,2,sub-10_ses-02_row-0210,0,40,1,svm,64,42,2,5,subject_specific,documented_152
10,2,sub-10_ses-02_row-0225,3,43,3,svm,64,42,2,5,subject_specific,documented_152
10,2,sub-10_ses-02_row-0292,1,56,3,svm,64,42,2,5,subject_specific,documented_152
10,2,sub-10_ses-02_row-0302,1,58,3,svm,64,42,2,5,subject_specific,documented_152
10,2,sub-10_ses-02_row-0307,2,59,3,svm,64,42,2,5,subject_specific,documented_152
10,2,sub-10_ses-02_row-0322,1,62,0,svm,64,42,2,5,subject_specific,documented_152
10,2,sub-10_ses-02_row-0349,3,67,2,svm,64,42,2,5,subject_specific,documented_152
10,2,sub-10_ses-02_row-0364,0,70,2,svm,64,42,2,5,subject_specific,documented_152
10,2,sub-10_ses-02_row-0374,1,72,1,svm,64,42,2,5,subject_specific,documented_152
10,2,sub-10_ses-02_row-0420,2,80,0,svm,64,42,2,5,subject_specific,documented_152
10,2,sub-10_ses-02_row-0430,2,82,1,svm,64,42,2,5,subject_specific,documented_152
10,2,sub-10_ses-02_row-0435,1,83,1,svm,64,42,2,5,subject_specific,documented_152
10,2,sub-10_ses-02_row-0440,2,84,0,svm,64,42,2,5,subject_specific,documented_152
10,2,sub-10_ses-02_row-0450,2,86,3,svm,64,42,2,5,subject_specific,documented_152
10,2,sub-10_ses-02_row-0455,3,87,3,svm,64,42,2,5,subject_specific,documented_152
10,2,sub-10_ses-02_row-0537,2,103,3,svm,64,42,2,5,subject_specific,documented_152
10,2,sub-10_ses-02_row-0559,1,107,3,svm,64,42,2,5,subject_specific,documented_152
10,2,sub-10_ses-02_row-0564,0,108,1,svm,64,42,2,5,subject_specific,documented_152
10,2,sub-10_ses-02_row-0569,0,109,2,svm,64,42,2,5,subject_specific,documented_152
10,3,sub-10_ses-03_row-0250,3,48,0,svm,64,42,2,5,subject_specific,documented_152
10,3,sub-10_ses-03_row-0277,1,53,1,svm,64,42,2,5,subject_specific,documented_152
10,3,sub-10_ses-03_row-0297,2,57,2,svm,64,42,2,5,subject_specific,documented_152
10,3,sub-10_ses-03_row-0344,3,66,2,svm,64,42,2,5,subject_specific,documented_152
10,3,sub-10_ses-03_row-0364,0,70,2,svm,64,42,2,5,subject_specific,documented_152
10,3,sub-10_ses-03_row-0396,1,76,2,svm,64,42,2,5,subject_specific,documented_152
10,3,sub-10_ses-03_row-0420,1,80,1,svm,64,42,2,5,subject_specific,documented_152
10,3,sub-10_ses-03_row-0425,3,81,0,svm,64,42,2,5,subject_specific,documented_152
10,3,sub-10_ses-03_row-0455,3,87,0,svm,64,42,2,5,subject_specific,documented_152
10,3,sub-10_ses-03_row-0485,2,93,2,svm,64,42,2,5,subject_specific,documented_152
10,3,sub-10_ses-03_row-0492,2,94,0,svm,64,42,2,5,subject_specific,documented_152
10,3,sub-10_ses-03_row-0527,3,101,0,svm,64,42,2,5,subject_specific,documented_152
10,3,sub-10_ses-03_row-0547,0,105,3,svm,64,42,2,5,subject_specific,documented_152
10,3,sub-10_ses-03_row-0557,3,107,0,svm,64,42,2,5,subject_specific,documented_152
10,1,sub-10_ses-01_row-0302,3,58,1,svm,64,42,3,5,subject_specific,documented_152
10,1,sub-10_ses-01_row-0359,0,69,0,svm,64,42,3,5,subject_specific,documented_152
10,1,sub-10_ses-01_row-0364,1,70,2,svm,64,42,3,5,subject_specific,documented_152
10,1,sub-10_ses-01_row-0389,2,75,3,svm,64,42,3,5,subject_specific,documented_152
10,1,sub-10_ses-01_row-0394,2,76,3,svm,64,42,3,5,subject_specific,documented_152
10,1,sub-10_ses-01_row-0401,2,77,0,svm,64,42,3,5,subject_specific,documented_152
10,1,sub-10_ses-01_row-0455,0,87,3,svm,64,42,3,5,subject_specific,documented_152
10,1,sub-10_ses-01_row-0492,3,94,3,svm,64,42,3,5,subject_specific,documented_152
10,1,sub-10_ses-01_row-0507,1,97,3,svm,64,42,3,5,subject_specific,documented_152
10,1,sub-10_ses-01_row-0589,1,113,3,svm,64,42,3,5,subject_specific,documented_152
10,1,sub-10_ses-01_row-0604,1,116,3,svm,64,42,3,5,subject_specific,documented_152
10,2,sub-10_ses-02_row-0215,2,41,1,svm,64,42,3,5,subject_specific,documented_152
10,2,sub-10_ses-02_row-0230,1,44,1,svm,64,42,3,5,subject_specific,documented_152
10,2,sub-10_ses-02_row-0235,3,45,2,svm,64,42,3,5,subject_specific,documented_152
10,2,sub-10_ses-02_row-0240,0,46,3,svm,64,42,3,5,subject_specific,documented_152
10,2,sub-10_ses-02_row-0267,2,51,1,svm,64,42,3,5,subject_specific,documented_152
10,2,sub-10_ses-02_row-0287,3,55,1,svm,64,42,3,5,subject_specific,documented_152
10,2,sub-10_ses-02_row-0297,0,57,1,svm,64,42,3,5,subject_specific,documented_152
10,2,sub-10_ses-02_row-0312,0,60,3,svm,64,42,3,5,subject_specific,documented_152
10,2,sub-10_ses-02_row-0339,2,65,1,svm,64,42,3,5,subject_specific,documented_152
10,2,sub-10_ses-02_row-0354,3,68,2,svm,64,42,3,5,subject_specific,documented_152
10,2,sub-10_ses-02_row-0406,3,78,1,svm,64,42,3,5,subject_specific,documented_152
10,2,sub-10_ses-02_row-0411,1,79,1,svm,64,42,3,5,subject_specific,documented_152
10,2,sub-10_ses-02_row-0425,3,81,3,svm,64,42,3,5,subject_specific,documented_152
10,2,sub-10_ses-02_row-0475,3,91,2,svm,64,42,3,5,subject_specific,documented_152
10,2,sub-10_ses-02_row-0502,1,96,2,svm,64,42,3,5,subject_specific,documented_152
10,2,sub-10_ses-02_row-0527,0,101,2,svm,64,42,3,5,subject_specific,documented_152
10,2,sub-10_ses-02_row-0532,3,102,3,svm,64,42,3,5,subject_specific,documented_152
10,2,sub-10_ses-02_row-0549,0,105,2,svm,64,42,3,5,subject_specific,documented_152
10,2,sub-10_ses-02_row-0589,2,113,0,svm,64,42,3,5,subject_specific,documented_152
10,2,sub-10_ses-02_row-0621,3,119,0,svm,64,42,3,5,subject_specific,documented_152
10,3,sub-10_ses-03_row-0240,2,46,3,svm,64,42,3,5,subject_specific,documented_152
10,3,sub-10_ses-03_row-0265,1,51,3,svm,64,42,3,5,subject_specific,documented_152
10,3,sub-10_ses-03_row-0270,2,52,3,svm,64,42,3,5,subject_specific,documented_152
10,3,sub-10_ses-03_row-0307,2,59,1,svm,64,42,3,5,subject_specific,documented_152
10,3,sub-10_ses-03_row-0322,1,62,3,svm,64,42,3,5,subject_specific,documented_152
10,3,sub-10_ses-03_row-0327,3,63,1,svm,64,42,3,5,subject_specific,documented_152
10,3,sub-10_ses-03_row-0369,0,71,0,svm,64,42,3,5,subject_specific,documented_152
10,3,sub-10_ses-03_row-0440,1,84,1,svm,64,42,3,5,subject_specific,documented_152
10,3,sub-10_ses-03_row-0445,0,85,0,svm,64,42,3,5,subject_specific,documented_152
10,3,sub-10_ses-03_row-0460,1,88,3,svm,64,42,3,5,subject_specific,documented_152
10,3,sub-10_ses-03_row-0475,2,91,3,svm,64,42,3,5,subject_specific,documented_152
10,3,sub-10_ses-03_row-0480,0,92,2,svm,64,42,3,5,subject_specific,documented_152
10,3,sub-10_ses-03_row-0512,0,98,3,svm,64,42,3,5,subject_specific,documented_152
10,3,sub-10_ses-03_row-0517,2,99,3,svm,64,42,3,5,subject_specific,documented_152
10,3,sub-10_ses-03_row-0564,3,108,2,svm,64,42,3,5,subject_specific,documented_152
10,3,sub-10_ses-03_row-0589,1,113,0,svm,64,42,3,5,subject_specific,documented_152
10,3,sub-10_ses-03_row-0604,0,116,1,svm,64,42,3,5,subject_specific,documented_152
10,1,sub-10_ses-01_row-0230,0,44,3,svm,64,42,4,5,subject_specific,documented_152
10,1,sub-10_ses-01_row-0245,3,47,1,svm,64,42,4,5,subject_specific,documented_152
10,1,sub-10_ses-01_row-0250,3,48,1,svm,64,42,4,5,subject_specific,documented_152
10,1,sub-10_ses-01_row-0255,2,49,3,svm,64,42,4,5,subject_specific,documented_152
10,1,sub-10_ses-01_row-0292,2,56,2,svm,64,42,4,5,subject_specific,documented_152
10,1,sub-10_ses-01_row-0317,0,61,2,svm,64,42,4,5,subject_specific,documented_152
10,1,sub-10_ses-01_row-0322,1,62,1,svm,64,42,4,5,subject_specific,documented_152
10,1,sub-10_ses-01_row-0327,2,63,2,svm,64,42,4,5,subject_specific,documented_152
10,1,sub-10_ses-01_row-0384,0,74,3,svm,64,42,4,5,subject_specific,documented_152
10,1,sub-10_ses-01_row-0411,0,79,3,svm,64,42,4,5,subject_specific,documented_152
10,1,sub-10_ses-01_row-0425,1,81,2,svm,64,42,4,5,subject_specific,documented_152
10,1,sub-10_ses-01_row-0445,3,85,2,svm,64,42,4,5,subject_specific,documented_152
10,1,sub-10_ses-01_row-0482,1,92,2,svm,64,42,4,5,subject_specific,documented_152
10,1,sub-10_ses-01_row-0512,0,98,2,svm,64,42,4,5,subject_specific,documented_152
10,1,sub-10_ses-01_row-0584,3,112,1,svm,64,42,4,5,subject_specific,documented_152
10,1,sub-10_ses-01_row-0609,0,117,3,svm,64,42,4,5,subject_specific,documented_152
10,2,sub-10_ses-02_row-0220,3,42,3,svm,64,42,4,5,subject_specific,documented_152
10,2,sub-10_ses-02_row-0245,2,47,3,svm,64,42,4,5,subject_specific,documented_152
10,2,sub-10_ses-02_row-0260,2,50,3,svm,64,42,4,5,subject_specific,documented_152
10,2,sub-10_ses-02_row-0277,2,53,3,svm,64,42,4,5,subject_specific,documented_152
10,2,sub-10_ses-02_row-0369,0,71,2,svm,64,42,4,5,subject_specific,documented_152
10,2,sub-10_ses-02_row-0381,2,73,3,svm,64,42,4,5,subject_specific,documented_152
10,2,sub-10_ses-02_row-0470,1,90,1,svm,64,42,4,5,subject_specific,documented_152
10,2,sub-10_ses-02_row-0485,1,93,2,svm,64,42,4,5,subject_specific,documented_152
10,2,sub-10_ses-02_row-0507,2,97,2,svm,64,42,4,5,subject_specific,documented_152
10,2,sub-10_ses-02_row-0522,0,100,3,svm,64,42,4,5,subject_specific,documented_152
10,2,sub-10_ses-02_row-0544,1,104,0,svm,64,42,4,5,subject_specific,documented_152
10,2,sub-10_ses-02_row-0584,3,112,0,svm,64,42,4,5,subject_specific,documented_152
10,2,sub-10_ses-02_row-0594,0,114,1,svm,64,42,4,5,subject_specific,documented_152
10,2,sub-10_ses-02_row-0614,3,118,3,svm,64,42,4,5,subject_specific,documented_152
10,3,sub-10_ses-03_row-0225,1,43,3,svm,64,42,4,5,subject_specific,documented_152
10,3,sub-10_ses-03_row-0235,3,45,0,svm,64,42,4,5,subject_specific,documented_152
10,3,sub-10_ses-03_row-0282,1,54,2,svm,64,42,4,5,subject_specific,documented_152
10,3,sub-10_ses-03_row-0292,3,56,2,svm,64,42,4,5,subject_specific,documented_152
10,3,sub-10_ses-03_row-0302,1,58,2,svm,64,42,4,5,subject_specific,documented_152
10,3,sub-10_ses-03_row-0312,3,60,2,svm,64,42,4,5,subject_specific,documented_152
10,3,sub-10_ses-03_row-0332,1,64,1,svm,64,42,4,5,subject_specific,documented_152
10,3,sub-10_ses-03_row-0359,0,69,2,svm,64,42,4,5,subject_specific,documented_152
10,3,sub-10_ses-03_row-0379,2,73,1,svm,64,42,4,5,subject_specific,documented_152
10,3,sub-10_ses-03_row-0430,1,82,1,svm,64,42,4,5,subject_specific,documented_152
10,3,sub-10_ses-03_row-0435,2,83,1,svm,64,42,4,5,subject_specific,documented_152
10,3,sub-10_ses-03_row-0450,0,86,0,svm,64,42,4,5,subject_specific,documented_152
10,3,sub-10_ses-03_row-0542,2,104,3,svm,64,42,4,5,subject_specific,documented_152
10,3,sub-10_ses-03_row-0552,3,106,3,svm,64,42,4,5,subject_specific,documented_152
10,3,sub-10_ses-03_row-0594,3,114,2,svm,64,42,4,5,subject_specific,documented_152
10,3,sub-10_ses-03_row-0599,0,115,2,svm,64,42,4,5,subject_specific,documented_152
10,3,sub-10_ses-03_row-0609,2,117,2,svm,64,42,4,5,subject_specific,documented_152
10,3,sub-10_ses-03_row-0619,1,119,2,svm,64,42,4,5,subject_specific,documented_152
10,1,sub-10_ses-01_row-0240,1,46,0,svm,64,42,5,5,subject_specific,documented_152
10,1,sub-10_ses-01_row-0270,1,52,1,svm,64,42,5,5,subject_specific,documented_152
10,1,sub-10_ses-01_row-0277,1,53,0,svm,64,42,5,5,subject_specific,documented_152
10,1,sub-10_ses-01_row-0282,0,54,0,svm,64,42,5,5,subject_specific,documented_152
10,1,sub-10_ses-01_row-0287,3,55,3,svm,64,42,5,5,subject_specific,documented_152
10,1,sub-10_ses-01_row-0297,2,57,2,svm,64,42,5,5,subject_specific,documented_152
10,1,sub-10_ses-01_row-0334,3,64,3,svm,64,42,5,5,subject_specific,documented_152
10,1,sub-10_ses-01_row-0339,1,65,3,svm,64,42,5,5,subject_specific,documented_152
10,1,sub-10_ses-01_row-0374,3,72,3,svm,64,42,5,5,subject_specific,documented_152
10,1,sub-10_ses-01_row-0406,2,78,3,svm,64,42,5,5,subject_specific,documented_152
10,1,sub-10_ses-01_row-0430,1,82,0,svm,64,42,5,5,subject_specific,documented_152
10,1,sub-10_ses-01_row-0435,2,83,2,svm,64,42,5,5,subject_specific,documented_152
10,1,sub-10_ses-01_row-0440,1,84,0,svm,64,42,5,5,subject_specific,documented_152
10,1,sub-10_ses-01_row-0450,3,86,2,svm,64,42,5,5,subject_specific,documented_152
10,1,sub-10_ses-01_row-0465,0,89,0,svm,64,42,5,5,subject_specific,documented_152
10,1,sub-10_ses-01_row-0517,2,99,3,svm,64,42,5,5,subject_specific,documented_152
10,1,sub-10_ses-01_row-0522,3,100,1,svm,64,42,5,5,subject_specific,documented_152
10,1,sub-10_ses-01_row-0527,0,101,1,svm,64,42,5,5,subject_specific,documented_152
10,1,sub-10_ses-01_row-0549,0,105,2,svm,64,42,5,5,subject_specific,documented_152
10,1,sub-10_ses-01_row-0579,2,111,0,svm,64,42,5,5,subject_specific,documented_152
10,1,sub-10_ses-01_row-0594,1,114,2,svm,64,42,5,5,subject_specific,documented_152
10,1,sub-10_ses-01_row-0599,2,115,2,svm,64,42,5,5,subject_specific,documented_152
10,2,sub-10_ses-02_row-0272,3,52,3,svm,64,42,5,5,subject_specific,documented_152
10,2,sub-10_ses-02_row-0282,0,54,3,svm,64,42,5,5,subject_specific,documented_152
10,2,sub-10_ses-02_row-0317,1,61,1,svm,64,42,5,5,subject_specific,documented_152
10,2,sub-10_ses-02_row-0329,3,63,2,svm,64,42,5,5,subject_specific,documented_152
10,2,sub-10_ses-02_row-0334,0,64,2,svm,64,42,5,5,subject_specific,documented_152
10,2,sub-10_ses-02_row-0396,2,76,0,svm,64,42,5,5,subject_specific,documented_152
10,2,sub-10_ses-02_row-0401,1,77,1,svm,64,42,5,5,subject_specific,documented_152
10,2,sub-10_ses-02_row-0445,1,85,1,svm,64,42,5,5,subject_specific,documented_152
10,2,sub-10_ses-02_row-0465,0,89,2,svm,64,42,5,5,subject_specific,documented_152
10,2,sub-10_ses-02_row-0480,3,92,1,svm,64,42,5,5,subject_specific,documented_152
10,2,sub-10_ses-02_row-0512,2,98,3,svm,64,42,5,5,subject_specific,documented_152
10,2,sub-10_ses-02_row-0574,3,110,2,svm,64,42,5,5,subject_specific,documented_152
10,2,sub-10_ses-02_row-0579,0,111,2,svm,64,42,5,5,subject_specific,documented_152
10,2,sub-10_ses-02_row-0599,1,115,3,svm,64,42,5,5,subject_specific,documented_152
10,2,sub-10_ses-02_row-0604,2,116,3,svm,64,42,5,5,subject_specific,documented_152
10,2,sub-10_ses-02_row-0609,2,117,0,svm,64,42,5,5,subject_specific,documented_152
10,3,sub-10_ses-03_row-0215,0,41,0,svm,64,42,5,5,subject_specific,documented_152
10,3,sub-10_ses-03_row-0255,1,49,2,svm,64,42,5,5,subject_specific,documented_152
10,3,sub-10_ses-03_row-0339,0,65,3,svm,64,42,5,5,subject_specific,documented_152
10,3,sub-10_ses-03_row-0349,3,67,3,svm,64,42,5,5,subject_specific,documented_152
10,3,sub-10_ses-03_row-0374,2,72,3,svm,64,42,5,5,subject_specific,documented_152
10,3,sub-10_ses-03_row-0470,2,90,3,svm,64,42,5,5,subject_specific,documented_152
10,3,sub-10_ses-03_row-0497,0,95,1,svm,64,42,5,5,subject_specific,documented_152
10,3,sub-10_ses-03_row-0522,3,100,3,svm,64,42,5,5,subject_specific,documented_152
10,3,sub-10_ses-03_row-0569,0,109,0,svm,64,42,5,5,subject_specific,documented_152
10,3,sub-10_ses-03_row-0574,3,110,3,svm,64,42,5,5,subject_specific,documented_152
10,1,sub-10_ses-01_row-0210,3,40,2,svm,32,42,1,5,subject_specific,documented_152
10,1,sub-10_ses-01_row-0235,3,45,3,svm,32,42,1,5,subject_specific,documented_152
10,1,sub-10_ses-01_row-0312,2,60,2,svm,32,42,1,5,subject_specific,documented_152
10,1,sub-10_ses-01_row-0369,1,71,0,svm,32,42,1,5,subject_specific,documented_152
10,1,sub-10_ses-01_row-0379,1,73,0,svm,32,42,1,5,subject_specific,documented_152
10,1,sub-10_ses-01_row-0420,0,80,2,svm,32,42,1,5,subject_specific,documented_152
10,1,sub-10_ses-01_row-0460,2,88,1,svm,32,42,1,5,subject_specific,documented_152
10,1,sub-10_ses-01_row-0470,2,90,3,svm,32,42,1,5,subject_specific,documented_152
10,1,sub-10_ses-01_row-0497,0,95,0,svm,32,42,1,5,subject_specific,documented_152
10,1,sub-10_ses-01_row-0502,3,96,2,svm,32,42,1,5,subject_specific,documented_152
10,1,sub-10_ses-01_row-0542,1,104,3,svm,32,42,1,5,subject_specific,documented_152
10,1,sub-10_ses-01_row-0559,2,107,3,svm,32,42,1,5,subject_specific,documented_152
10,1,sub-10_ses-01_row-0569,3,109,3,svm,32,42,1,5,subject_specific,documented_152
10,1,sub-10_ses-01_row-0574,3,110,2,svm,32,42,1,5,subject_specific,documented_152
10,1,sub-10_ses-01_row-0614,2,118,1,svm,32,42,1,5,subject_specific,documented_152
10,1,sub-10_ses-01_row-0621,3,119,2,svm,32,42,1,5,subject_specific,documented_152
10,2,sub-10_ses-02_row-0250,2,48,1,svm,32,42,1,5,subject_specific,documented_152
10,2,sub-10_ses-02_row-0255,1,49,3,svm,32,42,1,5,subject_specific,documented_152
10,2,sub-10_ses-02_row-0344,0,66,2,svm,32,42,1,5,subject_specific,documented_152
10,2,sub-10_ses-02_row-0359,3,69,3,svm,32,42,1,5,subject_specific,documented_152
10,2,sub-10_ses-02_row-0386,1,74,1,svm,32,42,1,5,subject_specific,documented_152
10,2,sub-10_ses-02_row-0391,0,75,2,svm,32,42,1,5,subject_specific,documented_152
10,2,sub-10_ses-02_row-0460,0,88,1,svm,32,42,1,5,subject_specific,documented_152
10,2,sub-10_ses-02_row-0492,3,94,2,svm,32,42,1,5,subject_specific,documented_152
10,2,sub-10_ses-02_row-0497,0,95,3,svm,32,42,1,5,subject_specific,documented_152
10,2,sub-10_ses-02_row-0517,1,99,1,svm,32,42,1,5,subject_specific,documented_152
10,2,sub-10_ses-02_row-0554,1,106,1,svm,32,42,1,5,subject_specific,documented_152
10,3,sub-10_ses-03_row-0210,0,40,0,svm,32,42,1,5,subject_specific,documented_152
10,3,sub-10_ses-03_row-0220,2,42,1,svm,32,42,1,5,subject_specific,documented_152
10,3,sub-10_ses-03_row-0230,1,44,0,svm,32,42,1,5,subject_specific,documented_152
10,3,sub-10_ses-03_row-0245,3,47,3,svm,32,42,1,5,subject_specific,documented_152
10,3,sub-10_ses-03_row-0260,0,50,1,svm,32,42,1,5,subject_specific,documented_152
10,3,sub-10_ses-03_row-0287,3,55,3,svm,32,42,1,5,subject_specific,documented_152
10,3,sub-10_ses-03_row-0317,0,61,1,svm,32,42,1,5,subject_specific,documented_152
10,3,sub-10_ses-03_row-0354,0,68,3,svm,32,42,1,5,subject_specific,documented_152
10,3,sub-10_ses-03_row-0384,3,74,0,svm,32,42,1,5,subject_specific,documented_152
10,3,sub-10_ses-03_row-0391,2,75,0,svm,32,42,1,5,subject_specific,documented_152
10,3,sub-10_ses-03_row-0401,2,77,1,svm,32,42,1,5,subject_specific,documented_152
10,3,sub-10_ses-03_row-0406,2,78,1,svm,32,42,1,5,subject_specific,documented_152
10,3,sub-10_ses-03_row-0411,0,79,1,svm,32,42,1,5,subject_specific,documented_152
10,3,sub-10_ses-03_row-0465,1,89,3,svm,32,42,1,5,subject_specific,documented_152
10,3,sub-10_ses-03_row-0502,0,96,0,svm,32,42,1,5,subject_specific,documented_152
10,3,sub-10_ses-03_row-0507,1,97,3,svm,32,42,1,5,subject_specific,documented_152
10,3,sub-10_ses-03_row-0532,3,102,3,svm,32,42,1,5,subject_specific,documented_152
10,3,sub-10_ses-03_row-0537,1,103,3,svm,32,42,1,5,subject_specific,documented_152
10,3,sub-10_ses-03_row-0579,1,111,0,svm,32,42,1,5,subject_specific,documented_152
10,3,sub-10_ses-03_row-0584,2,112,1,svm,32,42,1,5,subject_specific,documented_152
10,3,sub-10_ses-03_row-0614,2,118,0,svm,32,42,1,5,subject_specific,documented_152
10,1,sub-10_ses-01_row-0215,2,41,3,svm,32,42,2,5,subject_specific,documented_152
10,1,sub-10_ses-01_row-0220,1,42,0,svm,32,42,2,5,subject_specific,documented_152
10,1,sub-10_ses-01_row-0225,0,43,1,svm,32,42,2,5,subject_specific,documented_152
10,1,sub-10_ses-01_row-0260,3,50,3,svm,32,42,2,5,subject_specific,documented_152
10,1,sub-10_ses-01_row-0265,0,51,1,svm,32,42,2,5,subject_specific,documented_152
10,1,sub-10_ses-01_row-0307,0,59,0,svm,32,42,2,5,subject_specific,documented_152
10,1,sub-10_ses-01_row-0344,3,66,3,svm,32,42,2,5,subject_specific,documented_152
10,1,sub-10_ses-01_row-0349,1,67,1,svm,32,42,2,5,subject_specific,documented_152
10,1,sub-10_ses-01_row-0354,0,68,1,svm,32,42,2,5,subject_specific,documented_152
10,1,sub-10_ses-01_row-0475,1,91,3,svm,32,42,2,5,subject_specific,documented_152
10,1,sub-10_ses-01_row-0487,2,93,2,svm,32,42,2,5,subject_specific,documented_152
10,1,sub-10_ses-01_row-0532,0,102,1,svm,32,42,2,5,subject_specific,documented_152
10,1,sub-10_ses-01_row-0537,0,103,3,svm,32,42,2,5,subject_specific,documented_152
10,1,sub-10_ses-01_row-0554,3,106,0,svm,32,42,2,5,subject_specific,documented_152
10,1,sub-10_ses-01_row-0564,2,108,2,svm,32,42,2,5,subject_specific,documented_152
10,2,sub-10_ses-02_row-0210,0,40,1,svm,32,42,2,5,subject_specific,documented_152
10,2,sub-10_ses-02_row-0225,3,43,3,svm,32,42,2,5,subject_specific,documented_152
10,2,sub-10_ses-02_row-0292,1,56,3,svm,32,42,2,5,subject_specific,documented_152
10,2,sub-10_ses-02_row-0302,1,58,3,svm,32,42,2,5,subject_specific,documented_152
10,2,sub-10_ses-02_row-0307,2,59,0,svm,32,42,2,5,subject_specific,documented_152
10,2,sub-10_ses-02_row-0322,1,62,1,svm,32,42,2,5,subject_specific,documented_152
10,2,sub-10_ses-02_row-0349,3,67,2,svm,32,42,2,5,subject_specific,documented_152
10,2,sub-10_ses-02_row-0364,0,70,1,svm,32,42,2,5,subject_specific,documented_152
10,2,sub-10_ses-02_row-0374,1,72,1,svm,32,42,2,5,subject_specific,documented_152
10,2,sub-10_ses-02_row-0420,2,80,3,svm,32,42,2,5,subject_specific,documented_152
10,2,sub-10_ses-02_row-0430,2,82,1,svm,32,42,2,5,subject_specific,documented_152
10,2,sub-10_ses-02_row-0435,1,83,3,svm,32,42,2,5,subject_specific,documented_152
10,2,sub-10_ses-02_row-0440,2,84,1,svm,32,42,2,5,subject_specific,documented_152
10,2,sub-10_ses-02_row-0450,2,86,3,svm,32,42,2,5,subject_specific,documented_152
10,2,sub-10_ses-02_row-0455,3,87,2,svm,32,42,2,5,subject_specific,documented_152
10,2,sub-10_ses-02_row-0537,2,103,3,svm,32,42,2,5,subject_specific,documented_152
10,2,sub-10_ses-02_row-0559,1,107,3,svm,32,42,2,5,subject_specific,documented_152
10,2,sub-10_ses-02_row-0564,0,108,3,svm,32,42,2,5,subject_specific,documented_152
10,2,sub-10_ses-02_row-0569,0,109,3,svm,32,42,2,5,subject_specific,documented_152
10,3,sub-10_ses-03_row-0250,3,48,0,svm,32,42,2,5,subject_specific,documented_152
10,3,sub-10_ses-03_row-0277,1,53,1,svm,32,42,2,5,subject_specific,documented_152
10,3,sub-10_ses-03_row-0297,2,57,2,svm,32,42,2,5,subject_specific,documented_152
10,3,sub-10_ses-03_row-0344,3,66,2,svm,32,42,2,5,subject_specific,documented_152
10,3,sub-10_ses-03_row-0364,0,70,3,svm,32,42,2,5,subject_specific,documented_152
10,3,sub-10_ses-03_row-0396,1,76,2,svm,32,42,2,5,subject_specific,documented_152
10,3,sub-10_ses-03_row-0420,1,80,1,svm,32,42,2,5,subject_specific,documented_152
10,3,sub-10_ses-03_row-0425,3,81,0,svm,32,42,2,5,subject_specific,documented_152
10,3,sub-10_ses-03_row-0455,3,87,0,svm,32,42,2,5,subject_specific,documented_152
10,3,sub-10_ses-03_row-0485,2,93,3,svm,32,42,2,5,subject_specific,documented_152
10,3,sub-10_ses-03_row-0492,2,94,0,svm,32,42,2,5,subject_specific,documented_152
10,3,sub-10_ses-03_row-0527,3,101,1,svm,32,42,2,5,subject_specific,documented_152
10,3,sub-10_ses-03_row-0547,0,105,3,svm,32,42,2,5,subject_specific,documented_152
10,3,sub-10_ses-03_row-0557,3,107,1,svm,32,42,2,5,subject_specific,documented_152
10,1,sub-10_ses-01_row-0302,3,58,1,svm,32,42,3,5,subject_specific,documented_152
10,1,sub-10_ses-01_row-0359,0,69,3,svm,32,42,3,5,subject_specific,documented_152
10,1,sub-10_ses-01_row-0364,1,70,2,svm,32,42,3,5,subject_specific,documented_152
10,1,sub-10_ses-01_row-0389,2,75,3,svm,32,42,3,5,subject_specific,documented_152
10,1,sub-10_ses-01_row-0394,2,76,3,svm,32,42,3,5,subject_specific,documented_152
10,1,sub-10_ses-01_row-0401,2,77,3,svm,32,42,3,5,subject_specific,documented_152
10,1,sub-10_ses-01_row-0455,0,87,3,svm,32,42,3,5,subject_specific,documented_152
10,1,sub-10_ses-01_row-0492,3,94,3,svm,32,42,3,5,subject_specific,documented_152
10,1,sub-10_ses-01_row-0507,1,97,3,svm,32,42,3,5,subject_specific,documented_152
10,1,sub-10_ses-01_row-0589,1,113,3,svm,32,42,3,5,subject_specific,documented_152
10,1,sub-10_ses-01_row-0604,1,116,3,svm,32,42,3,5,subject_specific,documented_152
10,2,sub-10_ses-02_row-0215,2,41,1,svm,32,42,3,5,subject_specific,documented_152
10,2,sub-10_ses-02_row-0230,1,44,1,svm,32,42,3,5,subject_specific,documented_152
10,2,sub-10_ses-02_row-0235,3,45,2,svm,32,42,3,5,subject_specific,documented_152
10,2,sub-10_ses-02_row-0240,0,46,3,svm,32,42,3,5,subject_specific,documented_152
10,2,sub-10_ses-02_row-0267,2,51,1,svm,32,42,3,5,subject_specific,documented_152
10,2,sub-10_ses-02_row-0287,3,55,1,svm,32,42,3,5,subject_specific,documented_152
10,2,sub-10_ses-02_row-0297,0,57,1,svm,32,42,3,5,subject_specific,documented_152
10,2,sub-10_ses-02_row-0312,0,60,3,svm,32,42,3,5,subject_specific,documented_152
10,2,sub-10_ses-02_row-0339,2,65,2,svm,32,42,3,5,subject_specific,documented_152
10,2,sub-10_ses-02_row-0354,3,68,2,svm,32,42,3,5,subject_specific,documented_152
10,2,sub-10_ses-02_row-0406,3,78,1,svm,32,42,3,5,subject_specific,documented_152
10,2,sub-10_ses-02_row-0411,1,79,1,svm,32,42,3,5,subject_specific,documented_152
10,2,sub-10_ses-02_row-0425,3,81,3,svm,32,42,3,5,subject_specific,documented_152
10,2,sub-10_ses-02_row-0475,3,91,2,svm,32,42,3,5,subject_specific,documented_152
10,2,sub-10_ses-02_row-0502,1,96,2,svm,32,42,3,5,subject_specific,documented_152
10,2,sub-10_ses-02_row-0527,0,101,2,svm,32,42,3,5,subject_specific,documented_152
10,2,sub-10_ses-02_row-0532,3,102,3,svm,32,42,3,5,subject_specific,documented_152
10,2,sub-10_ses-02_row-0549,0,105,1,svm,32,42,3,5,subject_specific,documented_152
10,2,sub-10_ses-02_row-0589,2,113,0,svm,32,42,3,5,subject_specific,documented_152
10,2,sub-10_ses-02_row-0621,3,119,0,svm,32,42,3,5,subject_specific,documented_152
10,3,sub-10_ses-03_row-0240,2,46,3,svm,32,42,3,5,subject_specific,documented_152
10,3,sub-10_ses-03_row-0265,1,51,3,svm,32,42,3,5,subject_specific,documented_152
10,3,sub-10_ses-03_row-0270,2,52,3,svm,32,42,3,5,subject_specific,documented_152
10,3,sub-10_ses-03_row-0307,2,59,1,svm,32,42,3,5,subject_specific,documented_152
10,3,sub-10_ses-03_row-0322,1,62,2,svm,32,42,3,5,subject_specific,documented_152
10,3,sub-10_ses-03_row-0327,3,63,1,svm,32,42,3,5,subject_specific,documented_152
10,3,sub-10_ses-03_row-0369,0,71,0,svm,32,42,3,5,subject_specific,documented_152
10,3,sub-10_ses-03_row-0440,1,84,2,svm,32,42,3,5,subject_specific,documented_152
10,3,sub-10_ses-03_row-0445,0,85,0,svm,32,42,3,5,subject_specific,documented_152
10,3,sub-10_ses-03_row-0460,1,88,0,svm,32,42,3,5,subject_specific,documented_152
10,3,sub-10_ses-03_row-0475,2,91,3,svm,32,42,3,5,subject_specific,documented_152
10,3,sub-10_ses-03_row-0480,0,92,0,svm,32,42,3,5,subject_specific,documented_152
10,3,sub-10_ses-03_row-0512,0,98,3,svm,32,42,3,5,subject_specific,documented_152
10,3,sub-10_ses-03_row-0517,2,99,3,svm,32,42,3,5,subject_specific,documented_152
10,3,sub-10_ses-03_row-0564,3,108,2,svm,32,42,3,5,subject_specific,documented_152
10,3,sub-10_ses-03_row-0589,1,113,0,svm,32,42,3,5,subject_specific,documented_152
10,3,sub-10_ses-03_row-0604,0,116,2,svm,32,42,3,5,subject_specific,documented_152
10,1,sub-10_ses-01_row-0230,0,44,3,svm,32,42,4,5,subject_specific,documented_152
10,1,sub-10_ses-01_row-0245,3,47,3,svm,32,42,4,5,subject_specific,documented_152
10,1,sub-10_ses-01_row-0250,3,48,1,svm,32,42,4,5,subject_specific,documented_152
10,1,sub-10_ses-01_row-0255,2,49,3,svm,32,42,4,5,subject_specific,documented_152
10,1,sub-10_ses-01_row-0292,2,56,3,svm,32,42,4,5,subject_specific,documented_152
10,1,sub-10_ses-01_row-0317,0,61,3,svm,32,42,4,5,subject_specific,documented_152
10,1,sub-10_ses-01_row-0322,1,62,1,svm,32,42,4,5,subject_specific,documented_152
10,1,sub-10_ses-01_row-0327,2,63,2,svm,32,42,4,5,subject_specific,documented_152
10,1,sub-10_ses-01_row-0384,0,74,3,svm,32,42,4,5,subject_specific,documented_152
10,1,sub-10_ses-01_row-0411,0,79,3,svm,32,42,4,5,subject_specific,documented_152
10,1,sub-10_ses-01_row-0425,1,81,2,svm,32,42,4,5,subject_specific,documented_152
10,1,sub-10_ses-01_row-0445,3,85,2,svm,32,42,4,5,subject_specific,documented_152
10,1,sub-10_ses-01_row-0482,1,92,2,svm,32,42,4,5,subject_specific,documented_152
10,1,sub-10_ses-01_row-0512,0,98,2,svm,32,42,4,5,subject_specific,documented_152
10,1,sub-10_ses-01_row-0584,3,112,1,svm,32,42,4,5,subject_specific,documented_152
10,1,sub-10_ses-01_row-0609,0,117,2,svm,32,42,4,5,subject_specific,documented_152
10,2,sub-10_ses-02_row-0220,3,42,3,svm,32,42,4,5,subject_specific,documented_152
10,2,sub-10_ses-02_row-0245,2,47,3,svm,32,42,4,5,subject_specific,documented_152
10,2,sub-10_ses-02_row-0260,2,50,1,svm,32,42,4,5,subject_specific,documented_152
10,2,sub-10_ses-02_row-0277,2,53,3,svm,32,42,4,5,subject_specific,documented_152
10,2,sub-10_ses-02_row-0369,0,71,2,svm,32,42,4,5,subject_specific,documented_152
10,2,sub-10_ses-02_row-0381,2,73,3,svm,32,42,4,5,subject_specific,documented_152
10,2,sub-10_ses-02_row-0470,1,90,1,svm,32,42,4,5,subject_specific,documented_152
10,2,sub-10_ses-02_row-0485,1,93,2,svm,32,42,4,5,subject_specific,documented_152
10,2,sub-10_ses-02_row-0507,2,97,2,svm,32,42,4,5,subject_specific,documented_152
10,2,sub-10_ses-02_row-0522,0,100,3,svm,32,42,4,5,subject_specific,documented_152
10,2,sub-10_ses-02_row-0544,1,104,0,svm,32,42,4,5,subject_specific,documented_152
10,2,sub-10_ses-02_row-0584,3,112,3,svm,32,42,4,5,subject_specific,documented_152
10,2,sub-10_ses-02_row-0594,0,114,1,svm,32,42,4,5,subject_specific,documented_152
10,2,sub-10_ses-02_row-0614,3,118,1,svm,32,42,4,5,subject_specific,documented_152
10,3,sub-10_ses-03_row-0225,1,43,0,svm,32,42,4,5,subject_specific,documented_152
10,3,sub-10_ses-03_row-0235,3,45,0,svm,32,42,4,5,subject_specific,documented_152
10,3,sub-10_ses-03_row-0282,1,54,2,svm,32,42,4,5,subject_specific,documented_152
10,3,sub-10_ses-03_row-0292,3,56,2,svm,32,42,4,5,subject_specific,documented_152
10,3,sub-10_ses-03_row-0302,1,58,2,svm,32,42,4,5,subject_specific,documented_152
10,3,sub-10_ses-03_row-0312,3,60,2,svm,32,42,4,5,subject_specific,documented_152
10,3,sub-10_ses-03_row-0332,1,64,1,svm,32,42,4,5,subject_specific,documented_152
10,3,sub-10_ses-03_row-0359,0,69,1,svm,32,42,4,5,subject_specific,documented_152
10,3,sub-10_ses-03_row-0379,2,73,1,svm,32,42,4,5,subject_specific,documented_152
10,3,sub-10_ses-03_row-0430,1,82,0,svm,32,42,4,5,subject_specific,documented_152
10,3,sub-10_ses-03_row-0435,2,83,0,svm,32,42,4,5,subject_specific,documented_152
10,3,sub-10_ses-03_row-0450,0,86,0,svm,32,42,4,5,subject_specific,documented_152
10,3,sub-10_ses-03_row-0542,2,104,3,svm,32,42,4,5,subject_specific,documented_152
10,3,sub-10_ses-03_row-0552,3,106,3,svm,32,42,4,5,subject_specific,documented_152
10,3,sub-10_ses-03_row-0594,3,114,2,svm,32,42,4,5,subject_specific,documented_152
10,3,sub-10_ses-03_row-0599,0,115,2,svm,32,42,4,5,subject_specific,documented_152
10,3,sub-10_ses-03_row-0609,2,117,2,svm,32,42,4,5,subject_specific,documented_152
10,3,sub-10_ses-03_row-0619,1,119,2,svm,32,42,4,5,subject_specific,documented_152
10,1,sub-10_ses-01_row-0240,1,46,0,svm,32,42,5,5,subject_specific,documented_152
10,1,sub-10_ses-01_row-0270,1,52,1,svm,32,42,5,5,subject_specific,documented_152
10,1,sub-10_ses-01_row-0277,1,53,0,svm,32,42,5,5,subject_specific,documented_152
10,1,sub-10_ses-01_row-0282,0,54,2,svm,32,42,5,5,subject_specific,documented_152
10,1,sub-10_ses-01_row-0287,3,55,3,svm,32,42,5,5,subject_specific,documented_152
10,1,sub-10_ses-01_row-0297,2,57,2,svm,32,42,5,5,subject_specific,documented_152
10,1,sub-10_ses-01_row-0334,3,64,2,svm,32,42,5,5,subject_specific,documented_152
10,1,sub-10_ses-01_row-0339,1,65,3,svm,32,42,5,5,subject_specific,documented_152
10,1,sub-10_ses-01_row-0374,3,72,3,svm,32,42,5,5,subject_specific,documented_152
10,1,sub-10_ses-01_row-0406,2,78,3,svm,32,42,5,5,subject_specific,documented_152
10,1,sub-10_ses-01_row-0430,1,82,3,svm,32,42,5,5,subject_specific,documented_152
10,1,sub-10_ses-01_row-0435,2,83,2,svm,32,42,5,5,subject_specific,documented_152
10,1,sub-10_ses-01_row-0440,1,84,0,svm,32,42,5,5,subject_specific,documented_152
10,1,sub-10_ses-01_row-0450,3,86,2,svm,32,42,5,5,subject_specific,documented_152
10,1,sub-10_ses-01_row-0465,0,89,0,svm,32,42,5,5,subject_specific,documented_152
10,1,sub-10_ses-01_row-0517,2,99,3,svm,32,42,5,5,subject_specific,documented_152
10,1,sub-10_ses-01_row-0522,3,100,0,svm,32,42,5,5,subject_specific,documented_152
10,1,sub-10_ses-01_row-0527,0,101,1,svm,32,42,5,5,subject_specific,documented_152
10,1,sub-10_ses-01_row-0549,0,105,2,svm,32,42,5,5,subject_specific,documented_152
10,1,sub-10_ses-01_row-0579,2,111,2,svm,32,42,5,5,subject_specific,documented_152
10,1,sub-10_ses-01_row-0594,1,114,0,svm,32,42,5,5,subject_specific,documented_152
10,1,sub-10_ses-01_row-0599,2,115,2,svm,32,42,5,5,subject_specific,documented_152
10,2,sub-10_ses-02_row-0272,3,52,3,svm,32,42,5,5,subject_specific,documented_152
10,2,sub-10_ses-02_row-0282,0,54,3,svm,32,42,5,5,subject_specific,documented_152
10,2,sub-10_ses-02_row-0317,1,61,1,svm,32,42,5,5,subject_specific,documented_152
10,2,sub-10_ses-02_row-0329,3,63,2,svm,32,42,5,5,subject_specific,documented_152
10,2,sub-10_ses-02_row-0334,0,64,3,svm,32,42,5,5,subject_specific,documented_152
10,2,sub-10_ses-02_row-0396,2,76,0,svm,32,42,5,5,subject_specific,documented_152
10,2,sub-10_ses-02_row-0401,1,77,2,svm,32,42,5,5,subject_specific,documented_152
10,2,sub-10_ses-02_row-0445,1,85,1,svm,32,42,5,5,subject_specific,documented_152
10,2,sub-10_ses-02_row-0465,0,89,2,svm,32,42,5,5,subject_specific,documented_152
10,2,sub-10_ses-02_row-0480,3,92,1,svm,32,42,5,5,subject_specific,documented_152
10,2,sub-10_ses-02_row-0512,2,98,3,svm,32,42,5,5,subject_specific,documented_152
10,2,sub-10_ses-02_row-0574,3,110,1,svm,32,42,5,5,subject_specific,documented_152
10,2,sub-10_ses-02_row-0579,0,111,2,svm,32,42,5,5,subject_specific,documented_152
10,2,sub-10_ses-02_row-0599,1,115,0,svm,32,42,5,5,subject_specific,documented_152
10,2,sub-10_ses-02_row-0604,2,116,3,svm,32,42,5,5,subject_specific,documented_152
10,2,sub-10_ses-02_row-0609,2,117,0,svm,32,42,5,5,subject_specific,documented_152
10,3,sub-10_ses-03_row-0215,0,41,0,svm,32,42,5,5,subject_specific,documented_152
10,3,sub-10_ses-03_row-0255,1,49,0,svm,32,42,5,5,subject_specific,documented_152
10,3,sub-10_ses-03_row-0339,0,65,3,svm,32,42,5,5,subject_specific,documented_152
10,3,sub-10_ses-03_row-0349,3,67,3,svm,32,42,5,5,subject_specific,documented_152
10,3,sub-10_ses-03_row-0374,2,72,3,svm,32,42,5,5,subject_specific,documented_152
10,3,sub-10_ses-03_row-0470,2,90,0,svm,32,42,5,5,subject_specific,documented_152
10,3,sub-10_ses-03_row-0497,0,95,1,svm,32,42,5,5,subject_specific,documented_152
10,3,sub-10_ses-03_row-0522,3,100,3,svm,32,42,5,5,subject_specific,documented_152
10,3,sub-10_ses-03_row-0569,0,109,2,svm,32,42,5,5,subject_specific,documented_152
10,3,sub-10_ses-03_row-0574,3,110,3,svm,32,42,5,5,subject_specific,documented_152
10,1,sub-10_ses-01_row-0210,3,40,2,svm,16,42,1,5,subject_specific,documented_152
10,1,sub-10_ses-01_row-0235,3,45,3,svm,16,42,1,5,subject_specific,documented_152
10,1,sub-10_ses-01_row-0312,2,60,2,svm,16,42,1,5,subject_specific,documented_152
10,1,sub-10_ses-01_row-0369,1,71,0,svm,16,42,1,5,subject_specific,documented_152
10,1,sub-10_ses-01_row-0379,1,73,0,svm,16,42,1,5,subject_specific,documented_152
10,1,sub-10_ses-01_row-0420,0,80,2,svm,16,42,1,5,subject_specific,documented_152
10,1,sub-10_ses-01_row-0460,2,88,0,svm,16,42,1,5,subject_specific,documented_152
10,1,sub-10_ses-01_row-0470,2,90,3,svm,16,42,1,5,subject_specific,documented_152
10,1,sub-10_ses-01_row-0497,0,95,0,svm,16,42,1,5,subject_specific,documented_152
10,1,sub-10_ses-01_row-0502,3,96,0,svm,16,42,1,5,subject_specific,documented_152
10,1,sub-10_ses-01_row-0542,1,104,2,svm,16,42,1,5,subject_specific,documented_152
10,1,sub-10_ses-01_row-0559,2,107,1,svm,16,42,1,5,subject_specific,documented_152
10,1,sub-10_ses-01_row-0569,3,109,2,svm,16,42,1,5,subject_specific,documented_152
10,1,sub-10_ses-01_row-0574,3,110,2,svm,16,42,1,5,subject_specific,documented_152
10,1,sub-10_ses-01_row-0614,2,118,1,svm,16,42,1,5,subject_specific,documented_152
10,1,sub-10_ses-01_row-0621,3,119,2,svm,16,42,1,5,subject_specific,documented_152
10,2,sub-10_ses-02_row-0250,2,48,2,svm,16,42,1,5,subject_specific,documented_152
10,2,sub-10_ses-02_row-0255,1,49,2,svm,16,42,1,5,subject_specific,documented_152
10,2,sub-10_ses-02_row-0344,0,66,0,svm,16,42,1,5,subject_specific,documented_152
10,2,sub-10_ses-02_row-0359,3,69,2,svm,16,42,1,5,subject_specific,documented_152
10,2,sub-10_ses-02_row-0386,1,74,1,svm,16,42,1,5,subject_specific,documented_152
10,2,sub-10_ses-02_row-0391,0,75,2,svm,16,42,1,5,subject_specific,documented_152
10,2,sub-10_ses-02_row-0460,0,88,1,svm,16,42,1,5,subject_specific,documented_152
10,2,sub-10_ses-02_row-0492,3,94,2,svm,16,42,1,5,subject_specific,documented_152
10,2,sub-10_ses-02_row-0497,0,95,3,svm,16,42,1,5,subject_specific,documented_152
10,2,sub-10_ses-02_row-0517,1,99,1,svm,16,42,1,5,subject_specific,documented_152
10,2,sub-10_ses-02_row-0554,1,106,2,svm,16,42,1,5,subject_specific,documented_152
10,3,sub-10_ses-03_row-0210,0,40,1,svm,16,42,1,5,subject_specific,documented_152
10,3,sub-10_ses-03_row-0220,2,42,0,svm,16,42,1,5,subject_specific,documented_152
10,3,sub-10_ses-03_row-0230,1,44,0,svm,16,42,1,5,subject_specific,documented_152
10,3,sub-10_ses-03_row-0245,3,47,0,svm,16,42,1,5,subject_specific,documented_152
10,3,sub-10_ses-03_row-0260,0,50,1,svm,16,42,1,5,subject_specific,documented_152
10,3,sub-10_ses-03_row-0287,3,55,3,svm,16,42,1,5,subject_specific,documented_152
10,3,sub-10_ses-03_row-0317,0,61,1,svm,16,42,1,5,subject_specific,documented_152
10,3,sub-10_ses-03_row-0354,0,68,3,svm,16,42,1,5,subject_specific,documented_152
10,3,sub-10_ses-03_row-0384,3,74,1,svm,16,42,1,5,subject_specific,documented_152
10,3,sub-10_ses-03_row-0391,2,75,0,svm,16,42,1,5,subject_specific,documented_152
10,3,sub-10_ses-03_row-0401,2,77,1,svm,16,42,1,5,subject_specific,documented_152
10,3,sub-10_ses-03_row-0406,2,78,1,svm,16,42,1,5,subject_specific,documented_152
10,3,sub-10_ses-03_row-0411,0,79,1,svm,16,42,1,5,subject_specific,documented_152
10,3,sub-10_ses-03_row-0465,1,89,3,svm,16,42,1,5,subject_specific,documented_152
10,3,sub-10_ses-03_row-0502,0,96,0,svm,16,42,1,5,subject_specific,documented_152
10,3,sub-10_ses-03_row-0507,1,97,0,svm,16,42,1,5,subject_specific,documented_152
10,3,sub-10_ses-03_row-0532,3,102,3,svm,16,42,1,5,subject_specific,documented_152
10,3,sub-10_ses-03_row-0537,1,103,3,svm,16,42,1,5,subject_specific,documented_152
10,3,sub-10_ses-03_row-0579,1,111,3,svm,16,42,1,5,subject_specific,documented_152
10,3,sub-10_ses-03_row-0584,2,112,1,svm,16,42,1,5,subject_specific,documented_152
10,3,sub-10_ses-03_row-0614,2,118,0,svm,16,42,1,5,subject_specific,documented_152
10,1,sub-10_ses-01_row-0215,2,41,2,svm,16,42,2,5,subject_specific,documented_152
10,1,sub-10_ses-01_row-0220,1,42,2,svm,16,42,2,5,subject_specific,documented_152
10,1,sub-10_ses-01_row-0225,0,43,2,svm,16,42,2,5,subject_specific,documented_152
10,1,sub-10_ses-01_row-0260,3,50,2,svm,16,42,2,5,subject_specific,documented_152
10,1,sub-10_ses-01_row-0265,0,51,0,svm,16,42,2,5,subject_specific,documented_152
10,1,sub-10_ses-01_row-0307,0,59,2,svm,16,42,2,5,subject_specific,documented_152
10,1,sub-10_ses-01_row-0344,3,66,3,svm,16,42,2,5,subject_specific,documented_152
10,1,sub-10_ses-01_row-0349,1,67,1,svm,16,42,2,5,subject_specific,documented_152
10,1,sub-10_ses-01_row-0354,0,68,2,svm,16,42,2,5,subject_specific,documented_152
10,1,sub-10_ses-01_row-0475,1,91,2,svm,16,42,2,5,subject_specific,documented_152
10,1,sub-10_ses-01_row-0487,2,93,0,svm,16,42,2,5,subject_specific,documented_152
10,1,sub-10_ses-01_row-0532,0,102,1,svm,16,42,2,5,subject_specific,documented_152
10,1,sub-10_ses-01_row-0537,0,103,0,svm,16,42,2,5,subject_specific,documented_152
10,1,sub-10_ses-01_row-0554,3,106,0,svm,16,42,2,5,subject_specific,documented_152
10,1,sub-10_ses-01_row-0564,2,108,1,svm,16,42,2,5,subject_specific,documented_152
10,2,sub-10_ses-02_row-0210,0,40,0,svm,16,42,2,5,subject_specific,documented_152
10,2,sub-10_ses-02_row-0225,3,43,1,svm,16,42,2,5,subject_specific,documented_152
10,2,sub-10_ses-02_row-0292,1,56,3,svm,16,42,2,5,subject_specific,documented_152
10,2,sub-10_ses-02_row-0302,1,58,1,svm,16,42,2,5,subject_specific,documented_152
10,2,sub-10_ses-02_row-0307,2,59,3,svm,16,42,2,5,subject_specific,documented_152
10,2,sub-10_ses-02_row-0322,1,62,1,svm,16,42,2,5,subject_specific,documented_152
10,2,sub-10_ses-02_row-0349,3,67,3,svm,16,42,2,5,subject_specific,documented_152
10,2,sub-10_ses-02_row-0364,0,70,1,svm,16,42,2,5,subject_specific,documented_152
10,2,sub-10_ses-02_row-0374,1,72,0,svm,16,42,2,5,subject_specific,documented_152
10,2,sub-10_ses-02_row-0420,2,80,3,svm,16,42,2,5,subject_specific,documented_152
10,2,sub-10_ses-02_row-0430,2,82,1,svm,16,42,2,5,subject_specific,documented_152
10,2,sub-10_ses-02_row-0435,1,83,3,svm,16,42,2,5,subject_specific,documented_152
10,2,sub-10_ses-02_row-0440,2,84,1,svm,16,42,2,5,subject_specific,documented_152
10,2,sub-10_ses-02_row-0450,2,86,3,svm,16,42,2,5,subject_specific,documented_152
10,2,sub-10_ses-02_row-0455,3,87,3,svm,16,42,2,5,subject_specific,documented_152
10,2,sub-10_ses-02_row-0537,2,103,3,svm,16,42,2,5,subject_specific,documented_152
10,2,sub-10_ses-02_row-0559,1,107,3,svm,16,42,2,5,subject_specific,documented_152
10,2,sub-10_ses-02_row-0564,0,108,3,svm,16,42,2,5,subject_specific,documented_152
10,2,sub-10_ses-02_row-0569,0,109,3,svm,16,42,2,5,subject_specific,documented_152
10,3,sub-10_ses-03_row-0250,3,48,2,svm,16,42,2,5,subject_specific,documented_152
10,3,sub-10_ses-03_row-0277,1,53,1,svm,16,42,2,5,subject_specific,documented_152
10,3,sub-10_ses-03_row-0297,2,57,2,svm,16,42,2,5,subject_specific,documented_152
10,3,sub-10_ses-03_row-0344,3,66,2,svm,16,42,2,5,subject_specific,documented_152
10,3,sub-10_ses-03_row-0364,0,70,3,svm,16,42,2,5,subject_specific,documented_152
10,3,sub-10_ses-03_row-0396,1,76,2,svm,16,42,2,5,subject_specific,documented_152
10,3,sub-10_ses-03_row-0420,1,80,1,svm,16,42,2,5,subject_specific,documented_152
10,3,sub-10_ses-03_row-0425,3,81,2,svm,16,42,2,5,subject_specific,documented_152
10,3,sub-10_ses-03_row-0455,3,87,3,svm,16,42,2,5,subject_specific,documented_152
10,3,sub-10_ses-03_row-0485,2,93,3,svm,16,42,2,5,subject_specific,documented_152
10,3,sub-10_ses-03_row-0492,2,94,2,svm,16,42,2,5,subject_specific,documented_152
10,3,sub-10_ses-03_row-0527,3,101,2,svm,16,42,2,5,subject_specific,documented_152
10,3,sub-10_ses-03_row-0547,0,105,2,svm,16,42,2,5,subject_specific,documented_152
10,3,sub-10_ses-03_row-0557,3,107,3,svm,16,42,2,5,subject_specific,documented_152
10,1,sub-10_ses-01_row-0302,3,58,1,svm,16,42,3,5,subject_specific,documented_152
10,1,sub-10_ses-01_row-0359,0,69,3,svm,16,42,3,5,subject_specific,documented_152
10,1,sub-10_ses-01_row-0364,1,70,1,svm,16,42,3,5,subject_specific,documented_152
10,1,sub-10_ses-01_row-0389,2,75,3,svm,16,42,3,5,subject_specific,documented_152
10,1,sub-10_ses-01_row-0394,2,76,3,svm,16,42,3,5,subject_specific,documented_152
10,1,sub-10_ses-01_row-0401,2,77,3,svm,16,42,3,5,subject_specific,documented_152
10,1,sub-10_ses-01_row-0455,0,87,3,svm,16,42,3,5,subject_specific,documented_152
10,1,sub-10_ses-01_row-0492,3,94,3,svm,16,42,3,5,subject_specific,documented_152
10,1,sub-10_ses-01_row-0507,1,97,0,svm,16,42,3,5,subject_specific,documented_152
10,1,sub-10_ses-01_row-0589,1,113,3,svm,16,42,3,5,subject_specific,documented_152
10,1,sub-10_ses-01_row-0604,1,116,3,svm,16,42,3,5,subject_specific,documented_152
10,2,sub-10_ses-02_row-0215,2,41,1,svm,16,42,3,5,subject_specific,documented_152
10,2,sub-10_ses-02_row-0230,1,44,1,svm,16,42,3,5,subject_specific,documented_152
10,2,sub-10_ses-02_row-0235,3,45,1,svm,16,42,3,5,subject_specific,documented_152
10,2,sub-10_ses-02_row-0240,0,46,3,svm,16,42,3,5,subject_specific,documented_152
10,2,sub-10_ses-02_row-0267,2,51,1,svm,16,42,3,5,subject_specific,documented_152
10,2,sub-10_ses-02_row-0287,3,55,1,svm,16,42,3,5,subject_specific,documented_152
10,2,sub-10_ses-02_row-0297,0,57,1,svm,16,42,3,5,subject_specific,documented_152
10,2,sub-10_ses-02_row-0312,0,60,1,svm,16,42,3,5,subject_specific,documented_152
10,2,sub-10_ses-02_row-0339,2,65,2,svm,16,42,3,5,subject_specific,documented_152
10,2,sub-10_ses-02_row-0354,3,68,2,svm,16,42,3,5,subject_specific,documented_152
10,2,sub-10_ses-02_row-0406,3,78,1,svm,16,42,3,5,subject_specific,documented_152
10,2,sub-10_ses-02_row-0411,1,79,1,svm,16,42,3,5,subject_specific,documented_152
10,2,sub-10_ses-02_row-0425,3,81,3,svm,16,42,3,5,subject_specific,documented_152
10,2,sub-10_ses-02_row-0475,3,91,2,svm,16,42,3,5,subject_specific,documented_152
10,2,sub-10_ses-02_row-0502,1,96,2,svm,16,42,3,5,subject_specific,documented_152
10,2,sub-10_ses-02_row-0527,0,101,2,svm,16,42,3,5,subject_specific,documented_152
10,2,sub-10_ses-02_row-0532,3,102,2,svm,16,42,3,5,subject_specific,documented_152
10,2,sub-10_ses-02_row-0549,0,105,1,svm,16,42,3,5,subject_specific,documented_152
10,2,sub-10_ses-02_row-0589,2,113,0,svm,16,42,3,5,subject_specific,documented_152
10,2,sub-10_ses-02_row-0621,3,119,0,svm,16,42,3,5,subject_specific,documented_152
10,3,sub-10_ses-03_row-0240,2,46,3,svm,16,42,3,5,subject_specific,documented_152
10,3,sub-10_ses-03_row-0265,1,51,3,svm,16,42,3,5,subject_specific,documented_152
10,3,sub-10_ses-03_row-0270,2,52,3,svm,16,42,3,5,subject_specific,documented_152
10,3,sub-10_ses-03_row-0307,2,59,1,svm,16,42,3,5,subject_specific,documented_152
10,3,sub-10_ses-03_row-0322,1,62,3,svm,16,42,3,5,subject_specific,documented_152
10,3,sub-10_ses-03_row-0327,3,63,1,svm,16,42,3,5,subject_specific,documented_152
10,3,sub-10_ses-03_row-0369,0,71,0,svm,16,42,3,5,subject_specific,documented_152
10,3,sub-10_ses-03_row-0440,1,84,0,svm,16,42,3,5,subject_specific,documented_152
10,3,sub-10_ses-03_row-0445,0,85,0,svm,16,42,3,5,subject_specific,documented_152
10,3,sub-10_ses-03_row-0460,1,88,0,svm,16,42,3,5,subject_specific,documented_152
10,3,sub-10_ses-03_row-0475,2,91,3,svm,16,42,3,5,subject_specific,documented_152
10,3,sub-10_ses-03_row-0480,0,92,0,svm,16,42,3,5,subject_specific,documented_152
10,3,sub-10_ses-03_row-0512,0,98,3,svm,16,42,3,5,subject_specific,documented_152
10,3,sub-10_ses-03_row-0517,2,99,3,svm,16,42,3,5,subject_specific,documented_152
10,3,sub-10_ses-03_row-0564,3,108,0,svm,16,42,3,5,subject_specific,documented_152
10,3,sub-10_ses-03_row-0589,1,113,3,svm,16,42,3,5,subject_specific,documented_152
10,3,sub-10_ses-03_row-0604,0,116,2,svm,16,42,3,5,subject_specific,documented_152
10,1,sub-10_ses-01_row-0230,0,44,3,svm,16,42,4,5,subject_specific,documented_152
10,1,sub-10_ses-01_row-0245,3,47,3,svm,16,42,4,5,subject_specific,documented_152
10,1,sub-10_ses-01_row-0250,3,48,1,svm,16,42,4,5,subject_specific,documented_152
10,1,sub-10_ses-01_row-0255,2,49,3,svm,16,42,4,5,subject_specific,documented_152
10,1,sub-10_ses-01_row-0292,2,56,2,svm,16,42,4,5,subject_specific,documented_152
10,1,sub-10_ses-01_row-0317,0,61,3,svm,16,42,4,5,subject_specific,documented_152
10,1,sub-10_ses-01_row-0322,1,62,1,svm,16,42,4,5,subject_specific,documented_152
10,1,sub-10_ses-01_row-0327,2,63,1,svm,16,42,4,5,subject_specific,documented_152
10,1,sub-10_ses-01_row-0384,0,74,3,svm,16,42,4,5,subject_specific,documented_152
10,1,sub-10_ses-01_row-0411,0,79,3,svm,16,42,4,5,subject_specific,documented_152
10,1,sub-10_ses-01_row-0425,1,81,2,svm,16,42,4,5,subject_specific,documented_152
10,1,sub-10_ses-01_row-0445,3,85,2,svm,16,42,4,5,subject_specific,documented_152
10,1,sub-10_ses-01_row-0482,1,92,2,svm,16,42,4,5,subject_specific,documented_152
10,1,sub-10_ses-01_row-0512,0,98,2,svm,16,42,4,5,subject_specific,documented_152
10,1,sub-10_ses-01_row-0584,3,112,2,svm,16,42,4,5,subject_specific,documented_152
10,1,sub-10_ses-01_row-0609,0,117,2,svm,16,42,4,5,subject_specific,documented_152
10,2,sub-10_ses-02_row-0220,3,42,3,svm,16,42,4,5,subject_specific,documented_152
10,2,sub-10_ses-02_row-0245,2,47,0,svm,16,42,4,5,subject_specific,documented_152
10,2,sub-10_ses-02_row-0260,2,50,1,svm,16,42,4,5,subject_specific,documented_152
10,2,sub-10_ses-02_row-0277,2,53,3,svm,16,42,4,5,subject_specific,documented_152
10,2,sub-10_ses-02_row-0369,0,71,3,svm,16,42,4,5,subject_specific,documented_152
10,2,sub-10_ses-02_row-0381,2,73,3,svm,16,42,4,5,subject_specific,documented_152
10,2,sub-10_ses-02_row-0470,1,90,1,svm,16,42,4,5,subject_specific,documented_152
10,2,sub-10_ses-02_row-0485,1,93,2,svm,16,42,4,5,subject_specific,documented_152
10,2,sub-10_ses-02_row-0507,2,97,3,svm,16,42,4,5,subject_specific,documented_152
10,2,sub-10_ses-02_row-0522,0,100,3,svm,16,42,4,5,subject_specific,documented_152
10,2,sub-10_ses-02_row-0544,1,104,1,svm,16,42,4,5,subject_specific,documented_152
10,2,sub-10_ses-02_row-0584,3,112,0,svm,16,42,4,5,subject_specific,documented_152
10,2,sub-10_ses-02_row-0594,0,114,1,svm,16,42,4,5,subject_specific,documented_152
10,2,sub-10_ses-02_row-0614,3,118,0,svm,16,42,4,5,subject_specific,documented_152
10,3,sub-10_ses-03_row-0225,1,43,0,svm,16,42,4,5,subject_specific,documented_152
10,3,sub-10_ses-03_row-0235,3,45,0,svm,16,42,4,5,subject_specific,documented_152
10,3,sub-10_ses-03_row-0282,1,54,2,svm,16,42,4,5,subject_specific,documented_152
10,3,sub-10_ses-03_row-0292,3,56,2,svm,16,42,4,5,subject_specific,documented_152
10,3,sub-10_ses-03_row-0302,1,58,2,svm,16,42,4,5,subject_specific,documented_152
10,3,sub-10_ses-03_row-0312,3,60,2,svm,16,42,4,5,subject_specific,documented_152
10,3,sub-10_ses-03_row-0332,1,64,1,svm,16,42,4,5,subject_specific,documented_152
10,3,sub-10_ses-03_row-0359,0,69,2,svm,16,42,4,5,subject_specific,documented_152
10,3,sub-10_ses-03_row-0379,2,73,1,svm,16,42,4,5,subject_specific,documented_152
10,3,sub-10_ses-03_row-0430,1,82,0,svm,16,42,4,5,subject_specific,documented_152
10,3,sub-10_ses-03_row-0435,2,83,0,svm,16,42,4,5,subject_specific,documented_152
10,3,sub-10_ses-03_row-0450,0,86,0,svm,16,42,4,5,subject_specific,documented_152
10,3,sub-10_ses-03_row-0542,2,104,3,svm,16,42,4,5,subject_specific,documented_152
10,3,sub-10_ses-03_row-0552,3,106,3,svm,16,42,4,5,subject_specific,documented_152
10,3,sub-10_ses-03_row-0594,3,114,2,svm,16,42,4,5,subject_specific,documented_152
10,3,sub-10_ses-03_row-0599,0,115,2,svm,16,42,4,5,subject_specific,documented_152
10,3,sub-10_ses-03_row-0609,2,117,2,svm,16,42,4,5,subject_specific,documented_152
10,3,sub-10_ses-03_row-0619,1,119,2,svm,16,42,4,5,subject_specific,documented_152
10,1,sub-10_ses-01_row-0240,1,46,0,svm,16,42,5,5,subject_specific,documented_152
10,1,sub-10_ses-01_row-0270,1,52,2,svm,16,42,5,5,subject_specific,documented_152
10,1,sub-10_ses-01_row-0277,1,53,3,svm,16,42,5,5,subject_specific,documented_152
10,1,sub-10_ses-01_row-0282,0,54,2,svm,16,42,5,5,subject_specific,documented_152
10,1,sub-10_ses-01_row-0287,3,55,3,svm,16,42,5,5,subject_specific,documented_152
10,1,sub-10_ses-01_row-0297,2,57,3,svm,16,42,5,5,subject_specific,documented_152
10,1,sub-10_ses-01_row-0334,3,64,2,svm,16,42,5,5,subject_specific,documented_152
10,1,sub-10_ses-01_row-0339,1,65,3,svm,16,42,5,5,subject_specific,documented_152
10,1,sub-10_ses-01_row-0374,3,72,3,svm,16,42,5,5,subject_specific,documented_152
10,1,sub-10_ses-01_row-0406,2,78,3,svm,16,42,5,5,subject_specific,documented_152
10,1,sub-10_ses-01_row-0430,1,82,3,svm,16,42,5,5,subject_specific,documented_152
10,1,sub-10_ses-01_row-0435,2,83,2,svm,16,42,5,5,subject_specific,documented_152
10,1,sub-10_ses-01_row-0440,1,84,3,svm,16,42,5,5,subject_specific,documented_152
10,1,sub-10_ses-01_row-0450,3,86,2,svm,16,42,5,5,subject_specific,documented_152
10,1,sub-10_ses-01_row-0465,0,89,0,svm,16,42,5,5,subject_specific,documented_152
10,1,sub-10_ses-01_row-0517,2,99,3,svm,16,42,5,5,subject_specific,documented_152
10,1,sub-10_ses-01_row-0522,3,100,0,svm,16,42,5,5,subject_specific,documented_152
10,1,sub-10_ses-01_row-0527,0,101,2,svm,16,42,5,5,subject_specific,documented_152
10,1,sub-10_ses-01_row-0549,0,105,2,svm,16,42,5,5,subject_specific,documented_152
10,1,sub-10_ses-01_row-0579,2,111,2,svm,16,42,5,5,subject_specific,documented_152
10,1,sub-10_ses-01_row-0594,1,114,2,svm,16,42,5,5,subject_specific,documented_152
10,1,sub-10_ses-01_row-0599,2,115,2,svm,16,42,5,5,subject_specific,documented_152
10,2,sub-10_ses-02_row-0272,3,52,3,svm,16,42,5,5,subject_specific,documented_152
10,2,sub-10_ses-02_row-0282,0,54,3,svm,16,42,5,5,subject_specific,documented_152
10,2,sub-10_ses-02_row-0317,1,61,1,svm,16,42,5,5,subject_specific,documented_152
10,2,sub-10_ses-02_row-0329,3,63,2,svm,16,42,5,5,subject_specific,documented_152
10,2,sub-10_ses-02_row-0334,0,64,3,svm,16,42,5,5,subject_specific,documented_152
10,2,sub-10_ses-02_row-0396,2,76,0,svm,16,42,5,5,subject_specific,documented_152
10,2,sub-10_ses-02_row-0401,1,77,1,svm,16,42,5,5,subject_specific,documented_152
10,2,sub-10_ses-02_row-0445,1,85,1,svm,16,42,5,5,subject_specific,documented_152
10,2,sub-10_ses-02_row-0465,0,89,3,svm,16,42,5,5,subject_specific,documented_152
10,2,sub-10_ses-02_row-0480,3,92,2,svm,16,42,5,5,subject_specific,documented_152
10,2,sub-10_ses-02_row-0512,2,98,3,svm,16,42,5,5,subject_specific,documented_152
10,2,sub-10_ses-02_row-0574,3,110,0,svm,16,42,5,5,subject_specific,documented_152
10,2,sub-10_ses-02_row-0579,0,111,3,svm,16,42,5,5,subject_specific,documented_152
10,2,sub-10_ses-02_row-0599,1,115,3,svm,16,42,5,5,subject_specific,documented_152
10,2,sub-10_ses-02_row-0604,2,116,3,svm,16,42,5,5,subject_specific,documented_152
10,2,sub-10_ses-02_row-0609,2,117,0,svm,16,42,5,5,subject_specific,documented_152
10,3,sub-10_ses-03_row-0215,0,41,0,svm,16,42,5,5,subject_specific,documented_152
10,3,sub-10_ses-03_row-0255,1,49,3,svm,16,42,5,5,subject_specific,documented_152
10,3,sub-10_ses-03_row-0339,0,65,3,svm,16,42,5,5,subject_specific,documented_152
10,3,sub-10_ses-03_row-0349,3,67,3,svm,16,42,5,5,subject_specific,documented_152
10,3,sub-10_ses-03_row-0374,2,72,3,svm,16,42,5,5,subject_specific,documented_152
10,3,sub-10_ses-03_row-0470,2,90,3,svm,16,42,5,5,subject_specific,documented_152
10,3,sub-10_ses-03_row-0497,0,95,1,svm,16,42,5,5,subject_specific,documented_152
10,3,sub-10_ses-03_row-0522,3,100,2,svm,16,42,5,5,subject_specific,documented_152
10,3,sub-10_ses-03_row-0569,0,109,2,svm,16,42,5,5,subject_specific,documented_152
10,3,sub-10_ses-03_row-0574,3,110,3,svm,16,42,5,5,subject_specific,documented_152
